1,0.9450732505372372
2,0.9252715717349597
3,0.003272264766765382
4,0.026589016698332302
5,0.5318477174893501
6,0.10795349290806351
7,0.016697091900991046
8,0.013219902777077987
9,0.19987721240201348
10,0.539439794314713
11,0.23687264662655422
12,0.6416710760429198
13,0.81538417843001
14,0.2539820331712356
15,0.08507222132925216
16,0.6891450361016034
17,0.2715477704156628
18,0.02948798134756286
19,0.5012047677280661
20,0.12354286747761156
21,0.12838623197986346
22,0.1706854342072894
23,0.006441461282834577
24,0.34192406303290745
25,0.019717387673558368
26,0.5979779771287882
27,0.6563095875700543
28,0.029052533454891883
29,0.08727409832306356
30,0.006509758726011909
31,0.009351179476703582
32,0.004255092954526231
33,0.21635676289893976
34,0.008406952601506725
35,0.15069131026333035
36,0.028209519638975673
37,0.07662525927210895
38,0.01601258115760206
39,0.17048372753480612
40,0.3145154220444802
41,0.6856153892409794
42,0.564250437521375
43,0.19423380930981513
44,0.8528712056126926
45,0.9116244106130741
46,0.2475689001531284
47,0.5951396954171534
48,0.19063642537137115
49,0.01684357497510852
50,0.37075265443771893
51,0.2942868169840049
52,0.12925279357118305
53,0.19943805449287158
54,0.19642033825890312
55,0.6617047334485512
56,0.7055281632129431
57,0.04420140723380449
58,0.31879073053198725
59,0.052723295620490725
60,0.030293219245996053
61,0.501203442693074
62,0.9562287462212162
63,0.012431725517431843
64,0.7852593359244144
65,0.29522757668563715
66,0.27315513997938246
67,0.7050983220226558
68,0.05392384641468179
69,0.8483874503775689
70,0.2019441433021489
71,0.15016902705707932
72,0.2144469676411504
73,0.11702324704821451
74,0.09623451594397704
75,0.025394782729168588
76,0.7923377357432161
77,0.8389020583241228
78,0.09065340051942611
79,0.16351143955457365
80,0.3884817419235532
81,0.6799139896598949
82,0.27018054965950267
83,0.11225803608514179
84,0.6297483873013319
85,0.2335493373226457
86,0.004716305923970105
87,0.5100922309870969
88,0.3190397708801279
89,0.3544014717692411
90,0.7763996158197112
91,0.010535668070808496
92,0.7219664621624652
93,0.11917389040696555
94,0.035835435896732756
95,0.8425211441020903
96,0.0509366438159069
97,0.24486775205325137
98,0.12089956096903823
99,0.005797444962692792
100,0.24671213824545715
101,0.06773883453301653
102,0.2688688613067893
103,0.9275402518222428
104,0.04750826479262103
105,0.1782801261760474
106,0.4651211538674845
107,0.3637178693305534
108,0.7585380588533405
109,0.8228830326588367
110,0.020492229395836892
111,0.01139988758651028
112,0.1754992083554728
113,0.0903351956266541
114,0.43787897306878576
115,0.5287449184885507
116,0.8516093133976486
117,0.3262253839475191
118,0.21841015274792647
119,0.01011052738725375
120,0.12039725357272824
121,0.2638512273944612
122,0.10688701440137503
123,0.6690708078908686
124,0.16599023898125903
125,0.019328541772079027
126,0.5026107822732164
127,0.17738537988586434
128,0.2603505789347626
129,0.1950523470283219
130,0.004798129268986775
131,0.1265431348096341
132,0.8964127875229582
133,0.7964927413532565
134,0.7155605829516992
135,0.5254793569073997
136,0.05945680794004912
137,0.013337003894932552
138,0.005569113490112629
139,0.5071803075710001
140,0.2601478953225845
141,0.5473565487134193
142,0.7112032775814693
143,0.17666954810028832
144,0.06059670856220948
145,0.7479857965850847
146,0.012078214424371798
147,0.24725855512619804
148,0.8526103407453537
149,0.18065740266523306
150,0.17689716945863393
151,0.6911905714877256
152,0.7405401276462544
153,0.3953039566713595
154,0.5216646624695281
155,0.2530316255017861
156,0.451021120522347
157,0.4290066504656025
158,0.5257127825615382
159,0.47310201232714794
160,0.38084184422087936
161,0.022185941394412604
162,0.26868475390944657
163,0.012282537615807205
164,0.6264572089538925
165,0.021730855069173317
166,0.015843764464292028
167,0.835336540120079
168,0.9134616720000663
169,0.12358334478982214
170,0.042261116985590694
171,0.0857075062282163
172,0.009921615296891725
173,0.11537666520084473
174,0.150116787207187
175,0.009017364699260554
176,0.5258971409016479
177,0.7285803193409204
178,0.5737530457611838
179,0.495240120532337
180,0.3157947798499144
181,0.32013096121548873
182,0.008376084364786176
183,0.9047717888983237
184,0.8275086897624617
185,0.1266368158153634
186,0.004634083785662486
187,0.010285028351514654
188,0.790587955299279
189,0.23281827779756967
190,0.40816415592199884
191,0.1819873529041684
192,0.23230583423369106
193,0.4139738546789947
194,0.03883096445616373
195,0.28927063586238794
196,0.003502706700142325
197,0.2210543134363108
198,0.004548274202427326
199,0.07157081286187424
200,0.010716233723321276
201,0.07706057954173762
202,0.45687973126837195
203,0.35387102120109587
204,0.07446604705814677
205,0.18790651915616263
206,0.005397981824370146
207,0.3829635834582332
208,0.10711721189126919
209,0.5255206718667553
210,0.33563469752755637
211,0.2844115838826378
212,0.7729179507111087
213,0.44332806876484343
214,0.06139449625183409
215,0.12885362618178212
216,0.23099090699961555
217,0.08480068506327755
218,0.8161045435728268
219,0.8894737143954408
220,0.13059460857493294
221,0.08475908097101338
222,0.017262846767826263
223,0.8198575515696368
224,0.102534374394678
225,0.0685401963417263
226,0.42443206955434304
227,0.3751537623349628
228,0.04403760831050239
229,0.8680811248922375
230,0.19189758170620785
231,0.25350158906266285
232,0.008176739413373749
233,0.21110303738129668
234,0.016709166931315
235,0.006255115258101239
236,0.8604048278295537
237,0.02860240313114863
238,0.2549735273903066
239,0.0201024610731695
240,0.30010959569414897
241,0.7996830279090766
242,0.18753348411686052
243,0.2990586061723652
244,0.09664526524956461
245,0.23062523858735995
246,0.9189966243379949
247,0.5916807218909531
248,0.6438006610539373
249,0.33569394284751797
250,0.18717441568106744
251,0.0036448642779369467
252,0.6839082721133497
253,0.025933369968460813
254,0.057607280664616754
255,0.8767057374879879
256,0.11080383179835122
257,0.6702566807881046
258,0.13079623045821812
259,0.557602839623691
260,0.6700098095811948
261,0.03145083884602992
262,0.7714669569073039
263,0.6007882101559616
264,0.004398176697909827
265,0.05787001557220664
266,0.01938257801738971
267,0.17688983285921098
268,0.19693255914234384
269,0.009418365597741238
270,0.16538748567484118
271,0.006406830640783138
272,0.052372738052557426
273,0.8489044228052066
274,0.1077977200805395
275,0.006037537861375855
276,0.014028201865703345
277,0.5707813361511647
278,0.6217721629936075
279,0.11727516872089407
280,0.1750639162005418
281,0.017088115910517312
282,0.9518993660695247
283,0.30148194876946216
284,0.20226235416240584
285,0.738451479172096
286,0.8062768813905339
287,0.14137932077036092
288,0.028607875276294905
289,0.4086728637940544
290,0.13532133800161159
291,0.027241471288246732
292,0.1124507103881587
293,0.06606749925127064
294,0.06675715523996954
295,0.013395269841475906
296,0.1470732466510525
297,0.14535792198855452
298,0.1643730356028008
299,0.468479794784974
300,0.7837578395472092
301,0.9435720775866749
302,0.17847631607754225
303,0.0031292886044472275
304,0.050915580946503655
305,0.8325833126846746
306,0.4247167022858253
307,0.003841617836597344
308,0.6423556373699998
309,0.8165171878655528
310,0.10304047129269563
311,0.16909939818903855
312,0.32275338386941343
313,0.032181833456759616
314,0.14996287230566546
315,0.06452513737396467
316,0.19528452372862384
317,0.35844715279287304
318,0.06511887409543926
319,0.4461264958748818
320,0.05120720003815858
321,0.006941090080547514
322,0.08297991580148187
323,0.48746782187592663
324,0.30961485777522507
325,0.1458530172231606
326,0.1090843331105016
327,0.017392949171140072
328,0.011683307491854264
329,0.07819346469348182
330,0.0034047936543511095
331,0.02921970450467322
332,0.37319200373033107
333,0.5107612968129874
334,0.39021705511719895
335,0.5009529236984012
336,0.16594140923380532
337,0.1737850004945419
338,0.8749303318638612
339,0.204168857393347
340,0.003762118191771205
341,0.014137658593085904
342,0.05334696136577531
343,0.010513906537378851
344,0.5952283537365489
345,0.03798600938455498
346,0.027927507865644987
347,0.12822396762604507
348,0.6655670472781554
349,0.6781565642063044
350,0.3110478729759795
351,0.09641696276806706
352,0.11784532686480576
353,0.06762886204638596
354,0.08817121395428941
355,0.1520193084068325
356,0.868279999491124
357,0.07900763872286412
358,0.1647431337260564
359,0.02764368966090263
360,0.015526384825451838
361,0.41236597186945345
362,0.035301806107239736
363,0.46978592317498546
364,0.9207412355098772
365,0.06877511427486985
366,0.8810631848663597
367,0.4055831638407547
368,0.08331112324964873
369,0.03577094995681713
370,0.17790509685253994
371,0.06804666732725978
372,0.7416881936575342
373,0.15260128064045544
374,0.05314925213292526
375,0.4512263680891216
376,0.8930662220897753
377,0.1142232172551907
378,0.01234884189019928
379,0.2050325935755995
380,0.09008977079362535
381,0.6064875596162894
382,0.8585300928455522
383,0.4694260188393376
384,0.003874603351455954
385,0.20848762408990076
386,0.9307428507702543
387,0.6716892137576211
388,0.05001892786456538
389,0.1437515433665901
390,0.4150938700615123
391,0.20325674602814162
392,0.03571612809294061
393,0.25056591989122484
394,0.008498931597238942
395,0.21897273563299036
396,0.15613123285389366
397,0.040534949863193816
398,0.32295703174249607
399,0.003804440797961357
400,0.04390345791923995
401,0.04593266169776842
402,0.8466674980423505
403,0.44538046888467825
404,0.022613803443873093
405,0.41735523450815826
406,0.008515203264375026
407,0.8067252610403588
408,0.5945414721185317
409,0.23645805935370923
410,0.1798609916821849
411,0.8961719196419065
412,0.1701808382420018
413,0.4678951931391368
414,0.00690206177048948
415,0.870594979956654
416,0.619713720958827
417,0.7576340746264645
418,0.8771096075817139
419,0.021684561588287368
420,0.10975167326522742
421,0.1970615273120786
422,0.08660186839541796
423,0.16632374719415774
424,0.12354238436270455
425,0.17573204105669135
426,0.27978119628179093
427,0.11594805635903126
428,0.34930241136716794
429,0.056538106546003344
430,0.9409168506210392
431,0.1725391639200117
432,0.003478733129714684
433,0.7319502417185656
434,0.8743955673056606
435,0.6079008177635465
436,0.10257727075718584
437,0.03586517879079088
438,0.26130068297320164
439,0.1554312367836289
440,0.3584198934834508
441,0.1336811537694224
442,0.0751533312728255
443,0.009003485847332335
444,0.15565527348253005
445,0.12432978057282305
446,0.09155123883232943
447,0.017090754299395407
448,0.034383918313372216
449,0.2419131891220698
450,0.3943563203938343
451,0.024530008605363755
452,0.9686971735096856
453,0.13615473268828068
454,0.0189106559799257
455,0.12185222078685444
456,0.04507310128059775
457,0.05453241880773228
458,0.18470367919704397
459,0.15225905654070493
460,0.9736618770664597
461,0.11329866427588516
462,0.10299112996386507
463,0.18908229204419943
464,0.00653094335977758
465,0.005356293083128016
466,0.17209208765641817
467,0.010631924344095049
468,0.1248084763007355
469,0.17655883254886626
470,0.010261375865777855
471,0.03284794168409074
472,0.18975870266828926
473,0.6055648436910037
474,0.7969338321228947
475,0.008190918730387561
476,0.05990031550068767
477,0.2335450207452279
478,0.4877790323104631
479,0.17155143026302797
480,0.4689706882042039
481,0.026511513669719742
482,0.6206299627718804
483,0.045961839570013596
484,0.09647015626441073
485,0.19121174234943006
486,0.015114983531281446
487,0.436238930021487
488,0.022967772240062943
489,0.010785517004010604
490,0.13080148954697535
491,0.7930642772911539
492,0.08931295525331123
493,0.0084040169879142
494,0.011236674190521477
495,0.49551994704444685
496,0.6098604997203666
497,0.05943835807423118
498,0.3309899573782349
499,0.5235819672149542
500,0.34818077856821295
501,0.8557518334339413
502,0.14312060162875684
503,0.7823328065403656
504,0.7912637996827006
505,0.016299980231106487
506,0.6335016910057684
507,0.00647913555816484
508,0.8112435599222056
509,0.1770289926158967
510,0.03697727838521475
511,0.6254204650552673
512,0.9157559838368832
513,0.018175511076453904
514,0.03982952228262419
515,0.023963699981935947
516,0.1116784611132062
517,0.06982892173507538
518,0.14474045881595132
519,0.18382033861196304
520,0.028308727199775587
521,0.010813837926382948
522,0.44597258575242055
523,0.41760029252568714
524,0.24328690746142534
525,0.018839141768115783
526,0.9483739475437285
527,0.7981330366625274
528,0.2889778554758577
529,0.18767073046252955
530,0.7953102763185809
531,0.4359589391919088
532,0.2257963042319498
533,0.1060846331881377
534,0.3116975519019728
535,0.1457734350847372
536,0.4252268296023685
537,0.6244195601396534
538,0.5232658379661356
539,0.10923448923770894
540,0.7677431713827206
541,0.3367282169500212
542,0.11666260109790254
543,0.5581263364388156
544,0.5274350399148984
545,0.32275574925802314
546,0.7974546479791198
547,0.14506596586849785
548,0.054388088319346224
549,0.01518758589292953
550,0.014413323223415545
551,0.2649380306206242
552,0.24656703550558573
553,0.7123485618234368
554,0.06150578755274584
555,0.04415868886651653
556,0.24208869726573704
557,0.21640142599962386
558,0.005301524944084123
559,0.31673706814987923
560,0.9229464955316894
561,0.07013319317218744
562,0.4233751747050649
563,0.039883767122025196
564,0.6265412537858116
565,0.16956788726577476
566,0.03870286601607385
567,0.7873158063431867
568,0.10782154900931762
569,0.03307598831324476
570,0.7202202056659883
571,0.02296516699115265
572,0.7130087154442886
573,0.5550716881924742
574,0.5038923577680136
575,0.5052289368787014
576,0.1708620300446593
577,0.8137189535024123
578,0.5623693279726738
579,0.333752863224015
580,0.9090570255874378
581,0.004011626947264745
582,0.1602388438311271
583,0.859811080892469
584,0.21924047697259594
585,0.05505680379607619
586,0.0123069802290069
587,0.011550244895978985
588,0.7230713253185106
589,0.7593188214954388
590,0.9270577325459914
591,0.034868105882214735
592,0.6787684264715097
593,0.16866457620108452
594,0.2581483415692913
595,0.7772014858674601
596,0.06472999307689854
597,0.1259812879909245
598,0.01027476112143176
599,0.06559922990506102
600,0.39140241707545737
601,0.912806299327196
602,0.19832344359269957
603,0.8861579884473302
604,0.8952679023621689
605,0.07223136624112955
606,0.18834179519555524
607,0.06561440850996715
608,0.020385740199120657
609,0.37831395663191436
610,0.840036058119854
611,0.7907907014033229
612,0.006639681636347602
613,0.0982513101414712
614,0.059138737196468096
615,0.9347340604249276
616,0.0381278038502043
617,0.5658438557867432
618,0.8103977069674473
619,0.1682328554853477
620,0.10371460485911811
621,0.21578793976708183
622,0.7686476665896333
623,0.038939425871456976
624,0.9495597260015194
625,0.10457657923965372
626,0.16173271741545447
627,0.1450320831453297
628,0.08620436545367062
629,0.19927539125502347
630,0.01757458288860073
631,0.8178076941261058
632,0.0754867248888748
633,0.8942065166837859
634,0.007481043906178016
635,0.4434689863626659
636,0.10938952189953262
637,0.4100125935728371
638,0.8799013558512775
639,0.7944248204713902
640,0.09205935485482643
641,0.09621170791767286
642,0.011550721736680323
643,0.010517323341442815
644,0.23577083743422453
645,0.5153724699238559
646,0.16556517674323776
647,0.5230206029385169
648,0.5321104766266577
649,0.6464636154576073
650,0.5521914476296701
651,0.07835755165368638
652,0.6646672177221442
653,0.12559414088575938
654,0.03455606586222088
655,0.6960221639941344
656,0.5083098253145486
657,0.018605952024466514
658,0.2836426307798677
659,0.008533606851994504
660,0.7637129323564374
661,0.06873504289954518
662,0.33397219602326256
663,0.01767446352165007
664,0.7839949824223473
665,0.07678682125493534
666,0.5318588581963222
667,0.09799909737779118
668,0.19610303072647764
669,0.019833916877717257
670,0.09984871489061924
671,0.012522709702914843
672,0.0018609090980037325
673,0.18832255696886907
674,0.36529808313855516
675,0.017437997200563594
676,0.1975967678737278
677,0.13622746061052743
678,0.06424573060653664
679,0.3167181566111792
680,0.9556297804114935
681,0.04529176403638201
682,0.886144148009147
683,0.060287367414254
684,0.17864944155634602
685,0.00493491510844219
686,0.8057683784740217
687,0.07855890485355488
688,0.34632579909612443
689,0.11830913463579575
690,0.9182339695475757
691,0.9183442510413974
692,0.015770762325281244
693,0.44102998728124704
694,0.935925948732061
695,0.9472069648254988
696,0.07962242834559705
697,0.2625658556162221
698,0.1634789007278719
699,0.09766085031430558
700,0.027217727586006553
701,0.07882007852549633
702,0.25929575678059413
703,0.1405571812328754
704,0.10022072159688583
705,0.17686960870759755
706,0.17116418344124595
707,0.07127723227312191
708,0.5981561248977272
709,0.6801532217267869
710,0.17857393932773913
711,0.9066319437455023
712,0.6500747854657447
713,0.5080876263335875
714,0.8910723395150819
715,0.08416364038848359
716,0.27475372975139717
717,0.08610977399026087
718,0.062180931805459805
719,0.45242799402454353
720,0.4543182544726734
721,0.0807547633683729
722,0.22881317706709425
723,0.0883364999959137
724,0.06826420411811483
725,0.05257050539318347
726,0.4140173286643661
727,0.2456329793469717
728,0.9174605136821908
729,0.20745110312842996
730,0.0056836615607481974
731,0.294519161378928
732,0.9235615270559601
733,0.1087821416323775
734,0.6213572381895649
735,0.14081259886245362
736,0.9089464141513653
737,0.9577661865609057
738,0.2519550179520376
739,0.022818121531764577
740,0.016357421562138784
741,0.5346882068912525
742,0.22010246010229143
743,0.12755817009227316
744,0.09815620299116158
745,0.34769790031773323
746,0.00708032862973051
747,0.11102535350119141
748,0.3964928713372858
749,0.21091117626445516
750,0.8134045435870553
751,0.07760843832176965
752,0.0718126965889907
753,0.016817791223620735
754,0.11598586213136518
755,0.041489922350965054
756,0.11140072022432158
757,0.05182729719860647
758,0.1906839261429566
759,0.0709773568656509
760,0.4752867698394021
761,0.8669190668347592
762,0.11001326867380337
763,0.33205165948170007
764,0.025896644237756047
765,0.81246677058751
766,0.2285214217947934
767,0.06959807957581822
768,0.17241952155808593
769,0.040361568231944464
770,0.4657804471561051
771,0.5021858420888256
772,0.006027104612605542
773,0.677747104697578
774,0.3308540923325287
775,0.0920109023050412
776,0.02221594069234426
777,0.015878869269754705
778,0.16842430925940094
779,0.2752102256074352
780,0.7010180858621797
781,0.8299261689329464
782,0.3859154826878852
783,0.06632970969222929
784,0.26363072360916945
785,0.1386027847532993
786,0.16590509215638943
787,0.47540363241397837
788,0.6617233418174937
789,0.6661253031002686
790,0.1343799413131179
791,0.10261427972714818
792,0.08417113363488749
793,0.3082993426756195
794,0.8114905893740764
795,0.8554096820798365
796,0.18679089022618356
797,0.1411135185896889
798,0.05349112316849296
799,0.06082748046558285
800,0.24504802824704613
801,0.1719575425798495
802,0.012783541780170164
803,0.18887784098582347
804,0.1386696504041205
805,0.09829211899661772
806,0.031124781922763356
807,0.0029533466553563034
808,0.4828029108744079
809,0.17756826310543497
810,0.038455551338423204
811,0.18974516568921695
812,0.7038521858669484
813,0.1609440866825336
814,0.286098982277883
815,0.31501066875613576
816,0.37799010252520027
817,0.09923537949760994
818,0.3213171974310561
819,0.05251271194203698
820,0.837641488478354
821,0.07496606984070928
822,0.40827428303476154
823,0.21588150548746418
824,0.15502253068510305
825,0.6586397057767511
826,0.7648653344869003
827,0.00942524589024986
828,0.8647363211792084
829,0.2319325684921082
830,0.022308872275133312
831,0.8896005354819975
832,0.08020235150186197
833,0.1633067989000485
834,0.4282706826733627
835,0.02464914500299504
836,0.013075011787109037
837,0.3219942379864147
838,0.09741204460804684
839,0.14121445296754
840,0.07562305310490966
841,0.6254293726477324
842,0.9375817583612247
843,0.08423082822693
844,0.006940396658450084
845,0.2522276626927749
846,0.048491046275144965
847,0.7916183517823057
848,0.8821584856807222
849,0.6133661752021012
850,0.19367076313047027
851,0.16879280614474787
852,0.021785803072253775
853,0.39635634253349195
854,0.5977064927645062
855,0.006966372183342039
856,0.01355432965615748
857,0.07393815552546239
858,0.007221377676224631
859,0.23991293603330494
860,0.02946250712655851
861,0.09921213321033003
862,0.028563717624459434
863,0.6534284355333965
864,0.38003791262650877
865,0.6766386335311952
866,0.013509003852206745
867,0.20565715329628712
868,0.13149908129744753
869,0.09944116096280269
870,0.8364004327985536
871,0.2487768390775805
872,0.027248610446675314
873,0.10085779865668282
874,0.5075391955352945
875,0.017882731529405463
876,0.19775914080999574
877,0.008079105034458202
878,0.354799828219038
879,0.09361090071888718
880,0.07201001950372904
881,0.02737828943444093
882,0.01081315659733075
883,0.4393491669969587
884,0.29682783544964747
885,0.041376333930017266
886,0.08489700154133253
887,0.2244229551378459
888,0.225252762865528
889,0.41098605995934534
890,0.0060749546801217216
891,0.13419248915140172
892,0.031220675555268928
893,0.07565859020177741
894,0.2263919496130835
895,0.539795742361308
896,0.11212262241406276
897,0.022984550758852515
898,0.009688110971252353
899,0.9602182770318701
900,0.00827815200961237
901,0.29379907425724017
902,0.003967871631148637
903,0.051298322820463337
904,0.004275344150451727
905,0.08639128531605927
906,0.06378467813783142
907,0.0860691025322827
908,0.22275465827065175
909,0.13444070781228606
910,0.010131326834922925
911,0.09723598746617823
912,0.1386125901262271
913,0.09991984740253254
914,0.49946122563734074
915,0.9451279430449643
916,0.05033871323524267
917,0.38493612515821185
918,0.7899182363543535
919,0.006581949640319411
920,0.504659017315947
921,0.03251047865257296
922,0.8251368002109918
923,0.07086801139566784
924,0.04237112645344879
925,0.8819695609189278
926,0.2762883109381764
927,0.7955516838183903
928,0.05124090280530601
929,0.8415553755971176
930,0.08812432836639557
931,0.7706808611607558
932,0.06686784237758135
933,0.06363227380137168
934,0.1181344564963921
935,0.8798295810457117
936,0.006979009254585104
937,0.022787063973371595
938,0.10241372032684999
939,0.07536018414121073
940,0.3507633353398369
941,0.15315355509262066
942,0.08585371189631767
943,0.005106470333040659
944,0.031240275471823797
945,0.14812693247449701
946,0.7280288548489219
947,0.019331914757835977
948,0.009483689855201639
949,0.46678984747079505
950,0.8944081121854259
951,0.2749106086145444
952,0.6568543780212246
953,0.40655631325767155
954,0.02803496761504052
955,0.14871237834521764
956,0.554978181263515
957,0.6431599010569711
958,0.12780398514503405
959,0.11189589446464694
960,0.1983329411978503
961,0.14671229346936046
962,0.7906539883226025
963,0.45924682871777045
964,0.002967000306735674
965,0.01635635730977312
966,0.9114293637513579
967,0.1734025917073576
968,0.09958551147593538
969,0.5258016496040478
970,0.18028879359121694
971,0.5414978742533975
972,0.3021411701629719
973,0.027246715404621053
974,0.019784598758600773
975,0.16456430890687856
976,0.011230932599913696
977,0.07769722422231473
978,0.060248921111366475
979,0.0040317868597150456
980,0.06596801042554877
981,0.02706595379640206
982,0.021893249687393323
983,0.5483271120021231
984,0.10056861251019517
985,0.012292022433136101
986,0.9020815557436197
987,0.019244931410182322
988,0.01964945997058298
989,0.025437336334593802
990,0.1068604654290594
991,0.0179626206901989
992,0.006078225538371974
993,0.1459254023127825
994,0.031293376465854644
995,0.12047269508433535
996,0.9579010178468345
997,0.6799845818088892
998,0.7446833967461594
999,0.31727533183179113
1000,0.8149111546924277
1001,0.09788376309646307
1002,0.32203130450116507
1003,0.06313052414696482
1004,0.5825606275258401
1005,0.6130673513184763
1006,0.5467432279568427
1007,0.17556048332197227
1008,0.08817689408047753
1009,0.02642439822401727
1010,0.14414958315843973
1011,0.07053239122011583
1012,0.020254283444104744
1013,0.8699280809284972
1014,0.0648133045369384
1015,0.11112180756284512
1016,0.6713378505885406
1017,0.37033394740672576
1018,0.898294710715654
1019,0.012398462261307855
1020,0.04226471620080151
1021,0.6668253244546979
1022,0.010957144069996053
1023,0.06210025647351745
1024,0.010680354514732336
1025,0.10306378901507389
1026,0.9276958297771931
1027,0.009667965474933947
1028,0.0726488633894242
1029,0.6851090535079558
1030,0.23775249817737953
1031,0.9036873136043267
1032,0.2361972517133904
1033,0.8748606680615081
1034,0.8415886072018556
1035,0.4762598409376798
1036,0.10133444145037018
1037,0.10661098572578089
1038,0.032658313623215876
1039,0.04180495461349308
1040,0.08143118266806251
1041,0.1443261031949489
1042,0.03282952255746815
1043,0.7455621743720388
1044,0.3918107961636608
1045,0.4576507928589776
1046,0.0024675477979383595
1047,0.10032087452086955
1048,0.3577666356590202
1049,0.8450412020043334
1050,0.7860855442863557
1051,0.6716936642961446
1052,0.7843383871050671
1053,0.028328328154213198
1054,0.0652356005647272
1055,0.8480728586117223
1056,0.753906541100603
1057,0.36821341677725694
1058,0.6759273823736344
1059,0.024376098670466036
1060,0.05246602861195211
1061,0.07124278277672819
1062,0.24955457135756
1063,0.7692179357407414
1064,0.6582785363897885
1065,0.12096436752443301
1066,0.13156518262332054
1067,0.12848046784823813
1068,0.3796182529063152
1069,0.2698720308111253
1070,0.48760289632987663
1071,0.17613926963918175
1072,0.9135795164670356
1073,0.02628132570678873
1074,0.22326853473716052
1075,0.14557422602659456
1076,0.8442552538603939
1077,0.31587768987268766
1078,0.013540774660199817
1079,0.04938630425333288
1080,0.16927552722932485
1081,0.6814257382916912
1082,0.024320876692095438
1083,0.8676691467189573
1084,0.08355870655966835
1085,0.013989779229849245
1086,0.3790133309601634
1087,0.03102057511877756
1088,0.37386018117149467
1089,0.15582363515799671
1090,0.08563435484968086
1091,0.905613801613354
1092,0.02774876905089426
1093,0.20847529531587225
1094,0.5514348525885073
1095,0.11209053843198058
1096,0.006091563488639066
1097,0.7320549481383244
1098,0.35453828685338024
1099,0.7197728334194389
1100,0.014107758735564288
1101,0.12593356517567775
1102,0.20291698564185087
1103,0.02636478009685583
1104,0.5801854308163551
1105,0.2951427789378821
1106,0.12345834120234649
1107,0.06491871425678719
1108,0.05967461496251184
1109,0.3347661898592041
1110,0.23752312138281195
1111,0.05670635933753874
1112,0.003787766374931621
1113,0.4915313091297629
1114,0.1884109768616817
1115,0.20399928335604586
1116,0.08007378418332493
1117,0.9098664834631022
1118,0.8003559399958692
1119,0.20430469381909327
1120,0.11825084649387041
1121,0.80399254348325
1122,0.041594174633875686
1123,0.1443540140145402
1124,0.6637923304166959
1125,0.8203740699994506
1126,0.9709702892419964
1127,0.35412206777903205
1128,0.05913274448632042
1129,0.22324223927035208
1130,0.28295637788884026
1131,0.40157580919336355
1132,0.4013323346954402
1133,0.5997581696197858
1134,0.030988552909864388
1135,0.9266724079638956
1136,0.02456230948044384
1137,0.008627236970537026
1138,0.16443844620713088
1139,0.04740251344779521
1140,0.1853929222553546
1141,0.138059258600638
1142,0.025176491021893378
1143,0.40253524015800346
1144,0.006158783558495431
1145,0.008473983234265065
1146,0.0028153895729536864
1147,0.006660530224625404
1148,0.08066514272756573
1149,0.8351948570852946
1150,0.09928033868155195
1151,0.18481683105942767
1152,0.23360767171929359
1153,0.8166900286731876
1154,0.1751833638177165
1155,0.08058905837536542
1156,0.08761201054887534
1157,0.11987799873175496
1158,0.3239013048037702
1159,0.01432899919594412
1160,0.06551190266504679
1161,0.07485692911854146
1162,0.6732958423247009
1163,0.017261636318659655
1164,0.027150177556840533
1165,0.5491508112970479
1166,0.16717281088378588
1167,0.18283954102142153
1168,0.7248522056780856
1169,0.8184315247691503
1170,0.028860680661932144
1171,0.22668914201457152
1172,0.059765047239910246
1173,0.018667053835346892
1174,0.005678622950173348
1175,0.690786172300676
1176,0.12380238700909353
1177,0.023982081024643012
1178,0.2235390279955437
1179,0.38685142069443307
1180,0.47055671222885753
1181,0.7063279105327063
1182,0.01612953449695259
1183,0.8507953470455248
1184,0.7260520561322193
1185,0.004208742852675885
1186,0.7629333161376992
1187,0.0780015894501992
1188,0.04536188364786715
1189,0.8932431930239549
1190,0.07501892837300426
1191,0.07743818103009761
1192,0.04352525018317059
1193,0.07702040270486522
1194,0.01208526335076768
1195,0.7690134595191336
1196,0.03955014526724176
1197,0.25262687183745847
1198,0.04012712034780213
1199,0.9381092426031562
1200,0.35019188362563425
1201,0.06612695802465861
1202,0.0262485935101772
1203,0.8716402219132658
1204,0.5360048264632467
1205,0.5527979275962616
1206,0.05540219681227198
1207,0.22951666230435222
1208,0.015563626728021753
1209,0.029320684104371945
1210,0.36196663863108064
1211,0.8756256910673034
1212,0.70394532044435
1213,0.14590181063190902
1214,0.07708257611820286
1215,0.17127773205277763
1216,0.6038422306401684
1217,0.3042824451586101
1218,0.11713480201729104
1219,0.485256302101712
1220,0.038949868607791614
1221,0.9316625172941206
1222,0.010494010882227232
1223,0.013666637356913942
1224,0.2459919096368164
1225,0.11779418733044965
1226,0.16173443074883892
1227,0.18969548363980065
1228,0.1216764464447008
1229,0.051653385319031776
1230,0.018360876419210075
1231,0.47543350230697956
1232,0.21519742418145613
1233,0.7183451112444232
1234,0.7234007703338964
1235,0.1673525887487469
1236,0.012083138667920787
1237,0.02064061812832872
1238,0.009006143130997448
1239,0.026856112649421164
1240,0.6508828639785569
1241,0.23188949553880636
1242,0.014843823116543316
1243,0.16021270540154722
1244,0.12313983689041748
1245,0.9324379019899551
1246,0.13610125635305062
1247,0.06229701821608644
1248,0.8494031534489055
1249,0.2423389796018152
1250,0.3279210766242946
1251,0.7328138408921394
1252,0.302331228332673
1253,0.5137314708584899
1254,0.9605517491617082
1255,0.1203841950827609
1256,0.05695273007991614
1257,0.22392109437545243
1258,0.0053795600479308306
1259,0.005736983380486786
1260,0.004363854397010533
1261,0.020714598084092244
1262,0.02427652514456509
1263,0.25551787507704415
1264,0.3589828700136481
1265,0.42881908623541
1266,0.0381346561335156
1267,0.15119775463147775
1268,0.010581326963746843
1269,0.020369663238801544
1270,0.09542643897717443
1271,0.6139932087924334
1272,0.05773142749992653
1273,0.02588976691155753
1274,0.17237629902638946
1275,0.551123201312806
1276,0.6218833281030562
1277,0.05933180523396697
1278,0.19590489360721466
1279,0.1101376039900455
1280,0.015100885880099217
1281,0.10822675548884172
1282,0.5719468381418551
1283,0.12074063351444209
1284,0.0056642771604592445
1285,0.01743275506065651
1286,0.3548743516555006
1287,0.8824131526407656
1288,0.24869978220765884
1289,0.23029555801566415
1290,0.07392619494784537
1291,0.5401222862528836
1292,0.46002419055645616
1293,0.028451470246965465
1294,0.03760740886047343
1295,0.27614314111812394
1296,0.00759994746124532
1297,0.10570856151350021
1298,0.13411763572293067
1299,0.6344242340320624
1300,0.14624997797452302
1301,0.1496129155648248
1302,0.05908199598952063
1303,0.029721262247370192
1304,0.05925512755398173
1305,0.42074161995978215
1306,0.9097071509742494
1307,0.45727886343161267
1308,0.8971015610234397
1309,0.8968280137977446
1310,0.0036492646400715367
1311,0.9565685550546578
1312,0.20555541209053885
1313,0.18153851833848145
1314,0.11740821912924541
1315,0.11137524317649362
1316,0.08749586369288964
1317,0.9641211192651298
1318,0.09370536073629519
1319,0.07651245147974299
1320,0.8371940422442953
1321,0.3788829070302942
1322,0.8398741850239894
1323,0.014267250509274536
1324,0.01666582084117132
1325,0.07797846768176007
1326,0.05435873316056407
1327,0.6044239558451054
1328,0.024709691730232956
1329,0.8790805510938215
1330,0.28799277436623766
1331,0.02274057780264566
1332,0.016900735713814695
1333,0.08352811306441293
1334,0.0880959684244791
1335,0.877880676377211
1336,0.03930893978146157
1337,0.561774744525061
1338,0.41756908736950327
1339,0.6317179953816314
1340,0.009760474554176791
1341,0.1993765435287466
1342,0.24255476854391977
1343,0.3339795979782574
1344,0.04073520759648651
1345,0.04671214299685759
1346,0.020890922849263326
1347,0.03282131429257264
1348,0.3475916564581624
1349,0.9163019919286688
1350,0.10227392603727986
1351,0.3144096218402254
1352,0.1481885362346842
1353,0.19033551315300637
1354,0.9297020035637821
1355,0.2437075414922454
1356,0.039436816097804875
1357,0.12043417391981692
1358,0.2711025480002392
1359,0.5554252532245004
1360,0.11354909769193727
1361,0.8326357308460743
1362,0.9001900763765891
1363,0.4085263858825628
1364,0.045715197380518616
1365,0.19207160132715795
1366,0.03098063052007348
1367,0.7607773786079849
1368,0.08305907869893425
1369,0.18538720783360974
1370,0.4709559236137526
1371,0.3403444522565119
1372,0.27992541267968646
1373,0.4981392613584707
1374,0.0234699930104387
1375,0.11642207493351148
1376,0.48160190622515847
1377,0.9180652133297974
1378,0.015441802063612203
1379,0.3955385100067275
1380,0.02577613186425675
1381,0.12364310427468518
1382,0.08586607758508777
1383,0.13904261461507686
1384,0.06256533149405427
1385,0.02056181733396821
1386,0.7639871495286136
1387,0.3881090297942388
1388,0.7021878382450301
1389,0.1007384505285324
1390,0.2320781618836832
1391,0.45808720164741823
1392,0.3307091605120285
1393,0.011670980363660806
1394,0.010381651310691383
1395,0.40469630251229155
1396,0.023633090948979734
1397,0.9174134000671369
1398,0.2807086964014058
1399,0.6540731437869807
1400,0.012858379120878716
1401,0.11717274834641957
1402,0.791001761851761
1403,0.08608271368975418
1404,0.8381599495845493
1405,0.756464632033515
1406,0.08005114797625744
1407,0.07607008263141858
1408,0.036533626096415577
1409,0.11596969292500185
1410,0.24058450033056253
1411,0.7150837625780375
1412,0.09018438135311756
1413,0.07413230793326306
1414,0.5873972928835519
1415,0.5386768075390628
1416,0.4434288752013747
1417,0.2618677683498703
1418,0.3619762570065943
1419,0.10008466968473016
1420,0.061572644022743726
1421,0.024268611955273144
1422,0.764950283202892
1423,0.16835083374417922
1424,0.09929905938096623
1425,0.4455089276366284
1426,0.8535695516870111
1427,0.9143996755204892
1428,0.2540452640537263
1429,0.005846244046109536
1430,0.05374918869226497
1431,0.004938889516016181
1432,0.8724131947226452
1433,0.11862667109215093
1434,0.08199876306514274
1435,0.9497522835532539
1436,0.3190271249149543
1437,0.03372051448509004
1438,0.1146785048108595
1439,0.16975820528876995
1440,0.30474296703584886
1441,0.009314673181427877
1442,0.52151171591247
1443,0.08051823602559885
1444,0.20375970812584052
1445,0.040266904321451115
1446,0.10435789168541275
1447,0.05351913998865404
1448,0.674654724150869
1449,0.03733110485202628
1450,0.13071076538388438
1451,0.2147164262192344
1452,0.006182799248680093
1453,0.6495611129763205
1454,0.38608040905713586
1455,0.0485596499464658
1456,0.2943803968700138
1457,0.5198140886883316
1458,0.25952282865244997
1459,0.22892976809009769
1460,0.07337712289540131
1461,0.13267903630867683
1462,0.10672586932451626
1463,0.9538773746853293
1464,0.13412535338767506
1465,0.3251804134799732
1466,0.9458569098595923
1467,0.2137711999270049
1468,0.7256298881749665
1469,0.09876194654547013
1470,0.09562680748019738
1471,0.0029466206422692136
1472,0.088168237377611
1473,0.006771349156701467
1474,0.863175621909145
1475,0.05001892786456538
1476,0.8418043058906282
1477,0.7838337411035252
1478,0.6012216889884118
1479,0.29309978210500787
1480,0.04342920432515562
1481,0.2212430186103481
1482,0.03402682083603117
1483,0.0907612500302534
1484,0.38092704300778757
1485,0.08124774015107508
1486,0.03827691229978749
1487,0.03640390762789765
1488,0.02347185282187252
1489,0.06592371066994764
1490,0.12773801107043462
1491,0.5345633955701824
1492,0.729955709270643
1493,0.025496626727988938
1494,0.19995442508532438
1495,0.08356381956869961
1496,0.1577902089920231
1497,0.005361179708818608
1498,0.051964574721442745
1499,0.30136990247270945
1500,0.1650202289367445
1501,0.35679523375072897
1502,0.20325222287357356
1503,0.45651543632674463
1504,0.07731857227199834
1505,0.3636719905031419
1506,0.038115650556817315
1507,0.25347529003297864
1508,0.10723982133442153
1509,0.11846654038197078
1510,0.04778503432121321
1511,0.12464656801347829
1512,0.6279391513298139
1513,0.07284069731219622
1514,0.1772589444917222
1515,0.2688885635853414
1516,0.023128843953293347
1517,0.021845621306906857
1518,0.039749169427349615
1519,0.802274850056048
1520,0.03453546436525574
1521,0.7525783797363164
1522,0.19959661163487363
1523,0.09747425884444137
1524,0.8542363581331707
1525,0.9425544620248123
1526,0.5534387000135761
1527,0.13022422289779068
1528,0.2828728550552536
1529,0.9365544602615503
1530,0.329206352522871
1531,0.019064676017611717
1532,0.26767359518249867
1533,0.05261132814410763
1534,0.6840482333387742
1535,0.9089776549160677
1536,0.14254511526689187
1537,0.11406716986624996
1538,0.054388088319346224
1539,0.025461940304578136
1540,0.8252175134467401
1541,0.012364234730184128
1542,0.294719931042245
1543,0.2777603532794808
1544,0.13393788064491294
1545,0.04836796227090508
1546,0.15517924669586813
1547,0.34426832981634914
1548,0.8250246814321658
1549,0.7349110121458603
1550,0.00894251153807968
1551,0.01908812823727364
1552,0.21019923846035862
1553,0.09780027959404805
1554,0.8872967815968046
1555,0.03961836940842801
1556,0.012672374504170948
1557,0.10352767615772059
1558,0.15317221330428837
1559,0.07917276525143344
1560,0.10211987880694143
1561,0.12302558532877772
1562,0.09123923122891339
1563,0.7951518447990232
1564,0.04731173307762297
1565,0.2633763887098466
1566,0.06128141057243045
1567,0.009009170730202055
1568,0.17631202914749505
1569,0.008711585807875831
1570,0.32476501798586876
1571,0.40016662228314237
1572,0.7818660485506276
1573,0.052961934031333986
1574,0.15993687743657745
1575,0.08602522437572797
1576,0.00236287392040176
1577,0.8463536608500263
1578,0.1669767599577131
1579,0.8763061210053719
1580,0.10115256197562816
1581,0.6463957171099316
1582,0.29407873610223834
1583,0.008521161304336385
1584,0.3032621877048755
1585,0.20616830937304365
1586,0.29283897275212334
1587,0.10099237832556024
1588,0.17831841978939558
1589,0.29391517851715254
1590,0.7680464044685162
1591,0.017109298586410148
1592,0.05591270459862909
1593,0.09147573840519307
1594,0.03924766618923927
1595,0.4271879784726462
1596,0.014032491217537002
1597,0.5504255920731025
1598,0.5959375157280621
1599,0.15062525365990778
1600,0.2240191590224098
1601,0.2316212553800803
1602,0.6120974683499102
1603,0.053601476089369625
1604,0.5950343787694643
1605,0.11365337929257507
1606,0.17331879608960565
1607,0.08747382129054235
1608,0.13039625683583095
1609,0.734906444341183
1610,0.9563355724228497
1611,0.04604004503307522
1612,0.36600211797916726
1613,0.13657098998373207
1614,0.18276847946790245
1615,0.5670204314320192
1616,0.2620360597713129
1617,0.029096015833133808
1618,0.01391649232906011
1619,0.019270809175392912
1620,0.1583009770299303
1621,0.050513130437164315
1622,0.3147068592493026
1623,0.20003979182858703
1624,0.7053956491581967
1625,0.04985920049445172
1626,0.7332094644935789
1627,0.029431616643145118
1628,0.020678174261040405
1629,0.03341548061877556
1630,0.4116280887370426
1631,0.1588553583231289
1632,0.04332445457762751
1633,0.04788634801906789
1634,0.4087032403281258
1635,0.3813219458293942
1636,0.19065680213582042
1637,0.367930726940853
1638,0.4692059573797724
1639,0.6596721436930955
1640,0.4934824587110401
1641,0.08081784486849627
1642,0.3271806991761555
1643,0.16867485801322635
1644,0.6882387183529279
1645,0.06429150730327365
1646,0.050022080279697304
1647,0.15102737431315652
1648,0.6241037626731484
1649,0.19177370368627983
1650,0.5254793569073997
1651,0.024049303729019308
1652,0.07154182634646686
1653,0.14118669570355435
1654,0.20915873414237107
1655,0.022926886176783717
1656,0.29907241221380093
1657,0.153114167609289
1658,0.34865530769147185
1659,0.14514193701825995
1660,0.12521407331665793
1661,0.9512607979345629
1662,0.12454040278447133
1663,0.9760577367130436
1664,0.029046153203926724
1665,0.1899942801597288
1666,0.03397040924382903
1667,0.0890769079460476
1668,0.005356293083128016
1669,0.5695461738695771
1670,0.8090836284937731
1671,0.48506096218074896
1672,0.281512174494453
1673,0.9359433564989894
1674,0.9572233907486793
1675,0.8921347722895289
1676,0.8887222021050281
1677,0.3832371411569388
1678,0.3421531949201498
1679,0.9221152082239774
1680,0.8468229743107759
1681,0.411852559124868
1682,0.016096846572084295
1683,0.7840413669425779
1684,0.21884360076296233
1685,0.11165668646327397
1686,0.07352246388710994
1687,0.6878183205152247
1688,0.06186289492893846
1689,0.2429391157733654
1690,0.03718861030043413
1691,0.052774483746672436
1692,0.2687380146357538
1693,0.6956166422577904
1694,0.09834795028541216
1695,0.584867471392257
1696,0.8946489073288768
1697,0.7885125866873102
1698,0.9192759314432634
1699,0.006291833777554328
1700,0.44811720275977535
1701,0.007302364089928734
1702,0.17774510926428688
1703,0.15827649104735703
1704,0.07403083194764698
1705,0.13746101693148335
1706,0.16043834073081129
1707,0.9534313338897185
1708,0.031287711786837244
1709,0.6674689350448132
1710,0.043549063548641444
1711,0.8028158535347067
1712,0.10841261104173042
1713,0.03338653859799544
1714,0.030956114731381563
1715,0.18151014904510893
1716,0.17040407197833715
1717,0.28628598841677394
1718,0.14193655881356607
1719,0.10356506682703132
1720,0.004814842705177421
1721,0.4573636435528601
1722,0.6122535548031681
1723,0.010623494383998865
1724,0.8753254407272283
1725,0.02914278569450429
1726,0.1428997348474424
1727,0.60419687783591
1728,0.02947885187833747
1729,0.00749100240524783
1730,0.7349589287044881
1731,0.03297683329812242
1732,0.8738249753847253
1733,0.029594263923857965
1734,0.25243316526879184
1735,0.19110179925554205
1736,0.2677157729395105
1737,0.9151882807235121
1738,0.08841068814984805
1739,0.6345754734801436
1740,0.007738206469212975
1741,0.24304969020588882
1742,0.007995800569351097
1743,0.009731391312067893
1744,0.034180319055407644
1745,0.10655460768496335
1746,0.15709314444624445
1747,0.13845642297527924
1748,0.5169315938220419
1749,0.6249481335588079
1750,0.7668930078050962
1751,0.07266833419198687
1752,0.13781956116673205
1753,0.16331695025934945
1754,0.8879996472211105
1755,0.4303272580368255
1756,0.10711244726902229
1757,0.4246288593969752
1758,0.013603464808189041
1759,0.4998898544064829
1760,0.08726224286467485
1761,0.898520364647338
1762,0.2574678497365048
1763,0.7004092418565154
1764,0.7447666606332325
1765,0.04203045837030252
1766,0.9639400164168369
1767,0.25733790375102555
1768,0.2615038289317914
1769,0.7592103488399278
1770,0.050800896730243614
1771,0.022443698144294182
1772,0.06133477674208735
1773,0.22922857130608038
1774,0.093464846154601
1775,0.012664003455900729
1776,0.2731513116646134
1777,0.016690820426315582
1778,0.06521676835395135
1779,0.7509991873671924
1780,0.11457795620852099
1781,0.6763737403871896
1782,0.6864554610880889
1783,0.9450142327679532
1784,0.004533938519878341
1785,0.020133467536030552
1786,0.016162464504372778
1787,0.04702631434565856
1788,0.1487125667857003
1789,0.0022931158333703017
1790,0.11908728875898217
1791,0.05808766815423413
1792,0.11853890769937259
1793,0.2752996649500945
1794,0.6910359111339005
1795,0.36602622877729357
1796,0.17508145312222004
1797,0.5132091160595595
1798,0.06256192878670018
1799,0.10737171535715082
1800,0.21549231117916826
1801,0.07991116151427406
1802,0.41539452866216814
1803,0.6421662708266332
1804,0.11839411301024369
1805,0.5723811389511235
1806,0.06859822180973758
1807,0.9017615259177714
1808,0.01668732094838575
1809,0.8025818264729293
1810,0.33861799267763426
1811,0.014432208179763121
1812,0.07448664128129036
1813,0.0955430348056857
1814,0.1372933834070668
1815,0.027062221859502748
1816,0.12051347458849168
1817,0.3344977539843348
1818,0.2662674727544111
1819,0.02497714683670242
1820,0.3748581637670942
1821,0.5601866522042195
1822,0.18068154127214475
1823,0.07149230138606619
1824,0.15385316751052805
1825,0.033161216539508175
1826,0.06398526069703887
1827,0.08136140755365243
1828,0.2636859988899479
1829,0.1136703462234733
1830,0.06681213975923946
1831,0.6039645985218413
1832,0.12022913486309139
1833,0.3780374113995905
1834,0.23473106658464118
1835,0.023009742364207834
1836,0.08060132690175865
1837,0.12814044165513797
1838,0.005247349654324632
1839,0.08016077339852284
1840,0.22045339082840873
1841,0.29460030998847075
1842,0.005109231351163188
1843,0.012061338775426502
1844,0.10769351449373223
1845,0.5457533188512412
1846,0.02879174099100436
1847,0.55813992697428
1848,0.04710155632028116
1849,0.46713000523425674
1850,0.3177405738799605
1851,0.09995541567328399
1852,0.017734048209414047
1853,0.2128122082395875
1854,0.8436268004022115
1855,0.4715578990324097
1856,0.7052311798800209
1857,0.8534972212591945
1858,0.034406956323444364
1859,0.9359920918898248
1860,0.5099440600569551
1861,0.5254793569073997
1862,0.6298280416788272
1863,0.04568623587400351
1864,0.2640259633743951
1865,0.0954267616983173
1866,0.006887881980543427
1867,0.10729107603510465
1868,0.05780985992969241
1869,0.23284749043221967
1870,0.20478263155891274
1871,0.07567545259476444
1872,0.9225776432720318
1873,0.050373013568466095
1874,0.2761665784924542
1875,0.9188335617340332
1876,0.05685354359142482
1877,0.42773119524695513
1878,0.082255149848473
1879,0.01827590303969417
1880,0.20601183573372198
1881,0.048315933831538975
1882,0.2344888883801391
1883,0.7935991019004753
1884,0.19679299199902148
1885,0.07646321601891456
1886,0.6148336958508567
1887,0.018829301489590455
1888,0.7819995910244882
1889,0.01845480536984412
1890,0.03685577350726969
1891,0.790764892086811
1892,0.963529277757306
1893,0.6294977915982969
1894,0.023688073383233862
1895,0.5754034699864989
1896,0.016322608471603394
1897,0.06291295827755984
1898,0.012519744873635918
1899,0.04604606528374309
1900,0.011845223105470553
1901,0.27170460465109336
1902,0.043021551576777325
1903,0.09875207838817347
1904,0.1333793934552224
1905,0.053152797266302156
1906,0.32684648379491815
1907,0.12323252658984418
1908,0.07228325626450412
1909,0.05842877493032752
1910,0.7552662646181062
1911,0.08762894667909789
1912,0.0495164372348163
1913,0.09965093839669163
1914,0.09915226867323282
1915,0.07739227449928311
1916,0.15475143178815656
1917,0.03553075223652749
1918,0.00651854584996387
1919,0.041015855353376054
1920,0.0829312690755042
1921,0.022267636360907325
1922,0.0047616212594293605
1923,0.8723481703464399
1924,0.09269896859507343
1925,0.8248192568143836
1926,0.6184970991915629
1927,0.6901871677668568
1928,0.31032451214271733
1929,0.1799404257761172
1930,0.9292069236728202
1931,0.0479923614533198
1932,0.028432471997943274
1933,0.08019791962749945
1934,0.8659443614909089
1935,0.10323240139867985
1936,0.9006165888970572
1937,0.5364545868553243
1938,0.2588220235215806
1939,0.058948090752076916
1940,0.8993699173541561
1941,0.8360428891998786
1942,0.15582654576006083
1943,0.7788193785591826
1944,0.6829951796089789
1945,0.9701993110494878
1946,0.309546137311855
1947,0.18429636252902157
1948,0.5265979760965357
1949,0.10440553428835089
1950,0.3019473098338656
1951,0.44805153714181223
1952,0.3103369063431921
1953,0.15989037955391158
1954,0.11231608899827682
1955,0.8609252729052167
1956,0.040558066209990605
1957,0.031586808753101804
1958,0.5774644211044079
1959,0.47845033243283097
1960,0.02460572516551749
1961,0.9171656728529288
1962,0.3422114315825393
1963,0.007007908150173523
1964,0.12514498369706714
1965,0.24141636164245753
1966,0.02370644291175343
1967,0.28772720475506164
1968,0.45893801710575527
1969,0.0023883273976419827
1970,0.2645767549466989
1971,0.05549258948654514
1972,0.3065209503074788
1973,0.16962234175009883
1974,0.41197875545009544
1975,0.4319798300778605
1976,0.790764892086811
1977,0.06005161421197859
1978,0.3251255690976867
1979,0.1920349400573447
1980,0.25757855908280675
1981,0.04586244327345385
1982,0.02113652239356621
1983,0.0435307759668759
1984,0.08431558056401792
1985,0.49097687934386064
1986,0.0774958574790656
1987,0.062049356883978675
1988,0.043415343890677846
1989,0.15413439857049907
1990,0.5599792421941389
1991,0.7696593087436577
1992,0.015050590120102686
1993,0.5628899860126814
1994,0.004949779453586649
1995,0.05736532643965887
1996,0.03667099781193241
1997,0.16462617431724633
1998,0.11922037946030245
1999,0.8903118106001748
2000,0.0036718933479645732
2001,0.020638721949701847
2002,0.5070351611945859
2003,0.1211512249407634
2004,0.686959987887655
2005,0.09620869716693377
2006,0.7707431345813707
2007,0.5469327752635045
2008,0.1601919887099706
2009,0.30578895679067414
2010,0.051119177485748395
2011,0.06291295827755984
2012,0.10937519505508358
2013,0.35193311288258045
2014,0.25800923472853143
2015,0.9388227209224217
2016,0.013329135510399714
2017,0.11982885954413668
2018,0.8954707799557917
2019,0.012151840711751521
2020,0.2499785412890702
2021,0.19098418487661997
2022,0.2909703920912101
2023,0.10772478365439388
2024,0.15319427394229784
2025,0.004988848822658756
2026,0.0998441653166458
2027,0.13634478555213336
2028,0.7222669747861187
2029,0.06170513921363485
2030,0.4808317699029274
2031,0.6126969975646963
2032,0.1323785756227737
2033,0.02845194790769629
2034,0.02701242234045834
2035,0.7933629095163804
2036,0.06433035576200082
2037,0.009133445007284123
2038,0.07907298551510594
2039,0.3608359477354714
2040,0.8956308644271309
2041,0.8455559775554651
2042,0.39779972064477326
2043,0.914432885069518
2044,0.03685393938830359
2045,0.02103909165718475
2046,0.0037196224906480787
2047,0.134915974589409
2048,0.46043930170425895
2049,0.09733876147127742
2050,0.9362434957478932
2051,0.08366415277956148
2052,0.02271300308634441
2053,0.4611897303062994
2054,0.7985545905994871
2055,0.016735415275097393
2056,0.1825658064022316
2057,0.427930989308211
2058,0.03634456465778863
2059,0.05955908680971298
2060,0.8503169903885849
2061,0.27303388104618864
2062,0.12277635993656841
2063,0.49749184674642954
2064,0.08864457070841116
2065,0.6927387675061102
2066,0.3314599636380388
2067,0.8692969553183091
2068,0.975194074578961
2069,0.19598633750923006
2070,0.5089790005045763
2071,0.09094926478760601
2072,0.041294788412945385
2073,0.6102173609862327
2074,0.8583945962722553
2075,0.9095461285429173
2076,0.04190341057910703
2077,0.5771673072443276
2078,0.09543113242089765
2079,0.764538210245644
2080,0.026862415103901822
2081,0.634412856468343
2082,0.07567002289286077
2083,0.023515076822647616
2084,0.04025721753870092
2085,0.7037292826433823
2086,0.15703382319856593
2087,0.7764895507224708
2088,0.21170117844599232
2089,0.011558390581297517
2090,0.28093924242593804
2091,0.09524804038570384
2092,0.525208835324333
2093,0.20408301339384666
2094,0.7203270300226314
2095,0.04996198772221058
2096,0.12125450597273228
2097,0.06413785986195061
2098,0.08586697847057784
2099,0.8385229351193255
2100,0.13697157380244923
2101,0.5691370013272761
2102,0.0816616179100198
2103,0.048233756183725975
2104,0.9642849590603979
2105,0.04009001020434811
2106,0.01107716197857184
2107,0.04277968127952683
2108,0.06441745396482267
2109,0.19014503607230696
2110,0.6238721198113417
2111,0.1792901228654492
2112,0.0827263343269398
2113,0.885672342752532
2114,0.03707176025891834
2115,0.006861579496511141
2116,0.05447664029276353
2117,0.021508208949939826
2118,0.018550876702321122
2119,0.08829711810266165
2120,0.032149530643141085
2121,0.49732511347201375
2122,0.0993726999526649
2123,0.17220980687965362
2124,0.024953958699803904
2125,0.010317281827764356
2126,0.004371701154475985
2127,0.056976450047026145
2128,0.12073864426415322
2129,0.4686576115904315
2130,0.16142545108399795
2131,0.9064381606746745
2132,0.02870484572772844
2133,0.013114675506591577
2134,0.1534687870598356
2135,0.08261436712475599
2136,0.08716058691067337
2137,0.013825567926923119
2138,0.4958103546565871
2139,0.5982163516013536
2140,0.6709557179844546
2141,0.6939059790380427
2142,0.005088075680670991
2143,0.15169302161536574
2144,0.8397568042441352
2145,0.03325589908313839
2146,0.04371472523072541
2147,0.3039804279058246
2148,0.4537708490641778
2149,0.0027339916616350656
2150,0.10618351125548804
2151,0.03885104764577768
2152,0.15734989485860112
2153,0.050637978437835
2154,0.09197290955781331
2155,0.3469552540939831
2156,0.8997301842203369
2157,0.05682940983278031
2158,0.08126268678569347
2159,0.246143744389409
2160,0.09458922387496473
2161,0.013247644834247278
2162,0.005646039681885873
2163,0.03204248735383008
2164,0.13423428606970206
2165,0.7108276322900732
2166,0.008692518419682544
2167,0.34214760848604314
2168,0.07777657620225763
2169,0.015737827584984706
2170,0.008991529718550481
2171,0.01868131345248609
2172,0.9765833961006669
2173,0.5793624751013288
2174,0.007216387260689014
2175,0.3520450799131372
2176,0.12337472025053653
2177,0.7454009585133106
2178,0.19453814534366112
2179,0.00698936668762317
2180,0.20263657123326853
2181,0.6440479602080982
2182,0.039710125580528645
2183,0.05682940983278031
2184,0.05478967858400084
2185,0.058012839381141934
2186,0.36570602104428535
2187,0.0032484794802973118
2188,0.23588384566590473
2189,0.12010058152731763
2190,0.9593609818273224
2191,0.06312366684333123
2192,0.2973119853906743
2193,0.04018013651317416
2194,0.974854194478731
2195,0.11551423995053929
2196,0.011560489367215793
2197,0.31330665658311113
2198,0.10305467844837465
2199,0.010548220311797283
2200,0.2754696095876055
2201,0.6786397299676679
2202,0.18796284994409668
2203,0.854953408337189
2204,0.9540280446966237
2205,0.3710240113987199
2206,0.11547093130417332
2207,0.004487778012488655
2208,0.21615268687446482
2209,0.41001900925148127
2210,0.13215645189214073
2211,0.07911820495426451
2212,0.4782592639199383
2213,0.912557495409736
2214,0.04148830105962742
2215,0.05953755408861894
2216,0.08697569849595053
2217,0.016370266104287635
2218,0.2038131750568891
2219,0.010476287314422421
2220,0.28213918365955143
2221,0.10039079391006012
2222,0.9728907463831621
2223,0.41840857995136027
2224,0.1776686097566069
2225,0.08384958936638952
2226,0.04365173594786877
2227,0.889251598120541
2228,0.042180383832720034
2229,0.3620664076944209
2230,0.6971675057389422
2231,0.1439282355083851
2232,0.5927793035344
2233,0.09194749483968193
2234,0.029081406299761848
2235,0.8893257857863647
2236,0.5225668371846103
2237,0.19969921247335634
2238,0.07440251908225537
2239,0.43674398310102297
2240,0.7042377285073875
2241,0.8017751238613786
2242,0.10256905650829282
2243,0.9194986410839048
2244,0.11593478809845853
2245,0.005437869621023015
2246,0.2742282212467754
2247,0.05788858588841465
2248,0.11321234388894548
2249,0.6659659462132143
2250,0.8259578586174924
2251,0.3358805284186308
2252,0.059086371966374646
2253,0.7021709879941647
2254,0.017083733272166456
2255,0.43550174776503553
2256,0.04066805319594446
2257,0.04431122598191264
2258,0.9680919966235163
2259,0.6542055665971911
2260,0.4234779300684015
2261,0.17944474600050175
2262,0.5681326475508856
2263,0.5394030934793063
2264,0.5880692220955458
2265,0.1828939710356502
2266,0.9057115953696087
2267,0.5638348747748317
2268,0.5011824592492683
2269,0.057249623237379546
2270,0.021170706607445536
2271,0.09193484140645292
2272,0.9207045148530306
2273,0.8309661002913465
2274,0.4769627972250881
2275,0.09427439068734114
2276,0.00305554920822778
2277,0.44422919709779096
2278,0.6259729009702861
2279,0.024933509223704818
2280,0.2258690191662192
2281,0.37274411239353505
2282,0.018335352185096278
2283,0.014728415079060603
2284,0.3313347671745994
2285,0.4434265466242878
2286,0.01590755017285613
2287,0.3940728163664247
2288,0.014610011407160116
2289,0.12365341284791247
2290,0.062401485660517085
2291,0.007248601623484627
2292,0.5245007108583569
2293,0.8632266383243085
2294,0.07975361514782128
2295,0.01001254549849705
2296,0.23892935512114755
2297,0.5393172815889031
2298,0.06060479758750409
2299,0.9230791911907436
2300,0.338121744190345
2301,0.4395026010772837
2302,0.866740466809917
2303,0.054802692511301355
2304,0.34512922555274655
2305,0.12673196870795278
2306,0.07465011519162365
2307,0.16343699638123674
2308,0.2289622038084423
2309,0.07924594510691228
2310,0.7338226095800461
2311,0.16791658304133386
2312,0.464998786310905
2313,0.6316124644474033
2314,0.7433924040257293
2315,0.2014967907179959
2316,0.9085317614317769
2317,0.10331348895626503
2318,0.25275886880891474
2319,0.16135635922033176
2320,0.8741447184456933
2321,0.7251911201979564
2322,0.35289515103260705
2323,0.49527657570101385
2324,0.6537655706789902
2325,0.0719251522780556
2326,0.029418001993818516
2327,0.011363470734133888
2328,0.34589151757175673
2329,0.07757277071779375
2330,0.10208865078800285
2331,0.9535163728962386
2332,0.14937879357944403
2333,0.07103881873332382
2334,0.329849405104057
2335,0.015754214860411633
2336,0.06770312925974817
2337,0.8503796686240455
2338,0.4696790864367165
2339,0.9184609087365734
2340,0.595706735723024
2341,0.8551927108296986
2342,0.03965953765487892
2343,0.5008250506098717
2344,0.42798973735185186
2345,0.7779012527460932
2346,0.043132276722998845
2347,0.04487433019878239
2348,0.07619692552053062
2349,0.051850927587519156
2350,0.16807964044046675
2351,0.004933129555226265
2352,0.23215247752783424
2353,0.009978090703746868
2354,0.027669807336875876
2355,0.26245923582521835
2356,0.89587325374898
2357,0.03255008858020687
2358,0.013830602537143495
2359,0.342739940122675
2360,0.26457724215807865
2361,0.45936614886118504
2362,0.8719217760251401
2363,0.012755305221023354
2364,0.7395208268005651
2365,0.0044482168453626285
2366,0.04475858343577731
2367,0.10263896843541095
2368,0.0026520265984600186
2369,0.07060440706759363
2370,0.031173242255036263
2371,0.08608150141091106
2372,0.11957811014834877
2373,0.6829535044533244
2374,0.21944809400111864
2375,0.3043979130138532
2376,0.27031059000624535
2377,0.8258778984160449
2378,0.11949505568419175
2379,0.48252743839843026
2380,0.016401008477450987
2381,0.12334798131875625
2382,0.6133304086262136
2383,0.5197645235205013
2384,0.443759900835091
2385,0.4457528012526316
2386,0.006070156666802983
2387,0.07823411465695679
2388,0.009202997134204794
2389,0.17387661172761826
2390,0.027600827828162693
2391,0.03708094800395975
2392,0.06558291711439025
2393,0.09647461442687515
2394,0.9068636327032353
2395,0.005388220616232574
2396,0.3175361743091953
2397,0.5375134183662524
2398,0.7600776585567611
2399,0.16469935762097224
2400,0.4877790323104631
2401,0.04252078563804642
2402,0.5418210934162969
2403,0.03179721421127347
2404,0.492294221274608
2405,0.5382317704721163
2406,0.45372424248993104
2407,0.13709462503400993
2408,0.014486040931197857
2409,0.008501200508310044
2410,0.004268654826215559
2411,0.0065085247745055004
2412,0.04785459550945719
2413,0.6281013243089145
2414,0.598077535814963
2415,0.7016796268227206
2416,0.011924618763467575
2417,0.019086942054264127
2418,0.3283403345115803
2419,0.07046267189903338
2420,0.38585450955500517
2421,0.23767564919185102
2422,0.07393010059141086
2423,0.6817164248276152
2424,0.011652025870351052
2425,0.14625274850063755
2426,0.5084827343670262
2427,0.9571080429188384
2428,0.5055782714887852
2429,0.11857551594686686
2430,0.20395981988039646
2431,0.15582037338799679
2432,0.8819278875859392
2433,0.48101126370547503
2434,0.08112753850799145
2435,0.8866446845301527
2436,0.04024907211576034
2437,0.9456168513079402
2438,0.9154625497450977
2439,0.06650221302275489
2440,0.5554874742868524
2441,0.5239005984926901
2442,0.6511361332793908
2443,0.5644060588279224
2444,0.0940220006399933
2445,0.24491414999906772
2446,0.3668508999413174
2447,0.2306555846388634
2448,0.5643340017591825
2449,0.6204030979792243
2450,0.014814975804912669
2451,0.9035252723040731
2452,0.27807355680258505
2453,0.2319538574276658
2454,0.05382278938578175
2455,0.019719967789567538
2456,0.5139141166027577
2457,0.09170109924086811
2458,0.8889896550327312
2459,0.9183927640194536
2460,0.0946583273597421
2461,0.010910490708879134
2462,0.06377927988604234
2463,0.4013068119616072
2464,0.005208643933906394
2465,0.002530368540713513
2466,0.09288612521272245
2467,0.31118363051199144
2468,0.2208347429684125
2469,0.5632047320241544
2470,0.10739626976802291
2471,0.9179245053966734
2472,0.09812528052665347
2473,0.013782075938397472
2474,0.08088207327721295
2475,0.016590085586695683
2476,0.17686635339180504
2477,0.07600300748140057
2478,0.011892321544415342
2479,0.06031978029207691
2480,0.10087505570400365
2481,0.48294115717042724
2482,0.6317067251019974
2483,0.27162118205337565
2484,0.0029942722142524865
2485,0.011061011858749012
2486,0.023126712987162304
2487,0.12090128269233301
2488,0.6220717059277495
2489,0.5904354840064032
2490,0.09059407269722915
2491,0.04091632932390531
2492,0.7889544554278113
2493,0.8852248261165468
2494,0.029304101760326846
2495,0.5376023855761138
2496,0.020156532722409266
2497,0.3698616882554428
2498,0.36416035962571275
2499,0.3775499868027723
2500,0.799986801840121
2501,0.08776229636183752
2502,0.2694074605803243
2503,0.031224314700175
2504,0.8271940015473348
2505,0.3609993075632284
2506,0.1306776516701892
2507,0.2220852216532566
2508,0.8855595680103334
2509,0.0064201879858338294
2510,0.0024743288350767205
2511,0.3328973649626662
2512,0.44533835095526636
2513,0.4575410343725773
2514,0.604640820562728
2515,0.03174979767245983
2516,0.004915711733416822
2517,0.7400726920926805
2518,0.28810414981465926
2519,0.578441454126122
2520,0.09723267708570225
2521,0.15759187785080442
2522,0.009130340915036537
2523,0.12247783673736745
2524,0.0539196352608137
2525,0.057166338783422775
2526,0.013524843232934621
2527,0.8135107878492358
2528,0.1774831359672253
2529,0.05186590344707769
2530,0.11814051052827335
2531,0.03678206417057767
2532,0.09724990578580357
2533,0.9098050210194315
2534,0.20740172888441655
2535,0.9260875839459346
2536,0.10466422964360782
2537,0.07005258720949446
2538,0.6460800293184937
2539,0.08409418615546144
2540,0.029046153203926724
2541,0.06236486307416777
2542,0.23903474423196922
2543,0.0035727238188323733
2544,0.09388213569325084
2545,0.6141978904080692
2546,0.3061836948158199
2547,0.017566329594483676
2548,0.4727142993032031
2549,0.041945235918301856
2550,0.2333249847003823
2551,0.892246185386545
2552,0.15767580747381774
2553,0.020440909809735206
2554,0.09748159428446646
2555,0.6905396283430647
2556,0.05434287161007227
2557,0.016449998553320622
2558,0.8271578884363476
2559,0.025780289247286387
2560,0.014136884087804464
2561,0.2402210381070788
2562,0.07750491129514059
2563,0.06118664835289193
2564,0.9176348786821982
2565,0.2120517409844698
2566,0.3629891721850551
2567,0.004323343813442279
2568,0.021088511236881838
2569,0.256115858734677
2570,0.929587367115169
2571,0.8512951368426979
2572,0.5975915172006018
2573,0.7489767796515365
2574,0.1365109515359787
2575,0.7869538938364511
2576,0.8714585680336635
2577,0.1168538823657445
2578,0.940408390594107
2579,0.01845528523760578
2580,0.08386560429777859
2581,0.9006258820365788
2582,0.009508497211551387
2583,0.5577211606912578
2584,0.004167229573535809
2585,0.46754188781099565
2586,0.2588237304408307
2587,0.23414480975251944
2588,0.7519423763246896
2589,0.796199404848035
2590,0.19004625458309835
2591,0.7311064480001226
2592,0.004900766950442711
2593,0.004513617043955751
2594,0.8635293978507247
2595,0.05250047816210631
2596,0.33718819966035124
2597,0.9163782787839634
2598,0.08235805786108844
2599,0.36807458595333625
2600,0.017664263228574794
2601,0.023990932226825
2602,0.07728200278284947
2603,0.3368304770423061
2604,0.008597648575086792
2605,0.8974668522980612
2606,0.19189361245785183
2607,0.06253988613044903
2608,0.5611474103300984
2609,0.4342363958597777
2610,0.07468867897298676
2611,0.0020684311481103117
2612,0.12011187400286999
2613,0.14370996776907088
2614,0.7681701464311891
2615,0.17072181800764832
2616,0.11327283624638533
2617,0.05039455680362759
2618,0.6902803549004219
2619,0.8013171901855902
2620,0.05822694190526752
2621,0.2690878002661315
2622,0.10513046120601542
2623,0.05932608537646345
2624,0.039451756402601436
2625,0.011973873794897668
2626,0.03578066093062867
2627,0.6770709165143685
2628,0.3876497762575341
2629,0.13433278387742983
2630,0.624596230435341
2631,0.0397513863139496
2632,0.3169841227426355
2633,0.04941806869692392
2634,0.3960599587593451
2635,0.2991082475395882
2636,0.920561112943519
2637,0.22433573830688475
2638,0.020068170252918772
2639,0.12840123553653948
2640,0.09750776379012868
2641,0.25966458001326825
2642,0.8137691016267088
2643,0.04716715994770978
2644,0.8957978428640042
2645,0.007531012992806843
2646,0.19527838670089567
2647,0.38911393379521736
2648,0.16875113218550003
2649,0.15234173203735496
2650,0.003724998832056468
2651,0.34152971331981075
2652,0.16188709343643695
2653,0.17148256684915145
2654,0.6459396430965341
2655,0.9183080977929049
2656,0.06633155274243466
2657,0.5545781418962713
2658,0.047137648837330036
2659,0.0902857227251232
2660,0.015883659288292547
2661,0.7000547484306866
2662,0.49072537787352005
2663,0.009613589727212891
2664,0.5819313220744834
2665,0.06942100259837305
2666,0.17616540062874836
2667,0.003957423168975326
2668,0.29636346338804537
2669,0.2964716488824091
2670,0.22741219689316108
2671,0.24950359917842352
2672,0.07914602194009943
2673,0.08385087127395709
2674,0.4439376697748029
2675,0.11269529234031807
2676,0.13592873654062793
2677,0.4115294088749898
2678,0.8817768289796865
2679,0.002655653212603465
2680,0.6998738029737703
2681,0.14570386431094212
2682,0.20040189748113818
2683,0.019025469511904435
2684,0.034470258189966366
2685,0.4806464482771498
2686,0.02000698947735945
2687,0.5073043247707696
2688,0.07278189755553521
2689,0.5341577483158291
2690,0.25474549506981314
2691,0.07785318635364795
2692,0.8642858671913279
2693,0.04605354080470443
2694,0.09463969008519363
2695,0.0456118840762218
2696,0.062409153317810315
2697,0.0074955925976589325
2698,0.6306847364237497
2699,0.07501591056293129
2700,0.279634365546852
2701,0.06503926390484616
2702,0.27258770803317944
2703,0.3624477619800447
2704,0.8634110215890802
2705,0.04710231449253127
2706,0.8035265345254387
2707,0.009559467437481605
2708,0.8403581149515467
2709,0.1496172016027373
2710,0.46822086720056194
2711,0.0207630002672542
2712,0.07641999076219665
2713,0.9645532434517886
2714,0.09095995116080359
2715,0.1835933593865367
2716,0.007536201976631849
2717,0.02884598545358106
2718,0.0054094483942590905
2719,0.5934293824407859
2720,0.09298513412191615
2721,0.8883545687773711
2722,0.11480771034268268
2723,0.9742195236686384
2724,0.22104493680409396
2725,0.07115903294779523
2726,0.06520974351577014
2727,0.02771093244621604
2728,0.03745337996795621
2729,0.07531672746946086
2730,0.9717765182002874
2731,0.21147432413919595
2732,0.00925698958586981
2733,0.03288898632706144
2734,0.1238393986987287
2735,0.9198244580792537
2736,0.3743063158462955
2737,0.1150403362650021
2738,0.029367280186913057
2739,0.5946854099996026
2740,0.11749284349816252
2741,0.7478744816774663
2742,0.20821357135840451
2743,0.05570107239607108
2744,0.005173568159582172
2745,0.4836069416533116
2746,0.04201211213308079
2747,0.04932328116850857
2748,0.03744613354806362
2749,0.0919430119454146
2750,0.2834478843758628
2751,0.932925434018856
2752,0.010702171652194203
2753,0.008322741565708634
2754,0.6763393178234937
2755,0.044719654357485455
2756,0.7290564952731605
2757,0.12408172925851019
2758,0.005570535841332737
2759,0.14579047639574214
2760,0.09695222809472122
2761,0.20141793086796098
2762,0.8215027598512032
2763,0.9277786250678373
2764,0.017023043844590635
2765,0.3054367034511967
2766,0.4696465769199776
2767,0.33887327222301744
2768,0.029806673659820107
2769,0.4562527877107012
2770,0.6526201222716916
2771,0.0600770900386371
2772,0.3119964667349655
2773,0.9436838132159568
2774,0.591715103423264
2775,0.8416098549665599
2776,0.0983164092289046
2777,0.22214351872024768
2778,0.020456449390945965
2779,0.05156480099401315
2780,0.629890132865616
2781,0.9139341059181096
2782,0.08121965087997142
2783,0.8235536785017598
2784,0.03553407496247669
2785,0.11514993020875469
2786,0.8635460851713879
2787,0.7246156665166382
2788,0.5392498952581026
2789,0.019697857533323832
2790,0.19274563507883305
2791,0.0080317028771936
2792,0.3521059850017709
2793,0.10432363334722368
2794,0.301541558769782
2795,0.005587402471306654
2796,0.884385611907007
2797,0.05171643333764882
2798,0.19630684402227308
2799,0.24091026117382183
2800,0.9535520341749664
2801,0.13714276606519937
2802,0.011751999826254255
2803,0.042303739552439955
2804,0.11068608151869304
2805,0.859272248466156
2806,0.08688048034443355
2807,0.8865293833106214
2808,0.016041528401483426
2809,0.08680882125987768
2810,0.09317395679534293
2811,0.3447461077352289
2812,0.1583393650216148
2813,0.005617657514210753
2814,0.6387538724629256
2815,0.010207302244155971
2816,0.20528613049316943
2817,0.9142671304704519
2818,0.24395561683701042
2819,0.009740142783685622
2820,0.1748892509130413
2821,0.1286298718884033
2822,0.12278484354949733
2823,0.7967013718251098
2824,0.4947400289070155
2825,0.0339105859549086
2826,0.10589194486824278
2827,0.05021011998553336
2828,0.06188009409731073
2829,0.13872381071500048
2830,0.07785425632515558
2831,0.27834695338987225
2832,0.27838238896737044
2833,0.1437221212878806
2834,0.7768979242986083
2835,0.22191930370985452
2836,0.06375447097330954
2837,0.286506628773238
2838,0.057545141148484684
2839,0.6467616703262514
2840,0.8994874631097853
2841,0.021755532604361034
2842,0.23068692904764446
2843,0.01765478335949097
2844,0.06258236749835677
2845,0.6960106792201051
2846,0.89205714047903
2847,0.06967988559940541
2848,0.5222691538846824
2849,0.6471763743057751
2850,0.5947294448765177
2851,0.08317864051311169
2852,0.6286967251559232
2853,0.6540038253619287
2854,0.0036184689536244504
2855,0.09086556822254731
2856,0.8503140566214608
2857,0.7195805873791408
2858,0.29047262540946883
2859,0.2107576101718231
2860,0.6770417882345015
2861,0.05535258071429149
2862,0.648041520357831
2863,0.19436533318777302
2864,0.11076887535720448
2865,0.08327627041350616
2866,0.1269594032328033
2867,0.2123129908224015
2868,0.014633146320250902
2869,0.09253298967949285
2870,0.04065908646479074
2871,0.5464976427565942
2872,0.21832805057621188
2873,0.544076918907837
2874,0.07461493350581351
2875,0.013038952129788242
2876,0.1963405630703832
2877,0.10265134084080609
2878,0.17255263003278226
2879,0.18060699660432283
2880,0.937137525935581
2881,0.9305722228561484
2882,0.0455698920769983
2883,0.8634231531032881
2884,0.2926465579856176
2885,0.09981590058345549
2886,0.08448784926562299
2887,0.9405450083405811
2888,0.04917865006458531
2889,0.08283563519670457
2890,0.17739956647284935
2891,0.6973367722249069
2892,0.1617683187710764
2893,0.00969917950407789
2894,0.32412325178813983
2895,0.3680374107462212
2896,0.4095324069975888
2897,0.2370556914945569
2898,0.25874102239933006
2899,0.11639205274020585
2900,0.022728434996000108
2901,0.19645478003987604
2902,0.2867138887353344
2903,0.007758265750687501
2904,0.037226757556718816
2905,0.17348688613123298
2906,0.2401463688612202
2907,0.8921835971246997
2908,0.3623966969794543
2909,0.28562049004606815
2910,0.03970708587829116
2911,0.03409236689048718
2912,0.19016529205738528
2913,0.2680545770330577
2914,0.0793985404748117
2915,0.2157167773053236
2916,0.09638166775965303
2917,0.05569923957985302
2918,0.10966158996079438
2919,0.6407867235827347
2920,0.5686276533328851
2921,0.28682202764497927
2922,0.34169698920956604
2923,0.08225545806173251
2924,0.33244472997454294
2925,0.004727211274809958
2926,0.29533990945622585
2927,0.026449422492297984
2928,0.029436363828358864
2929,0.041929618662486366
2930,0.005498004655881289
2931,0.0385483997226131
2932,0.923870882626198
2933,0.8746011168598157
2934,0.3261758266556089
2935,0.22051217368482093
2936,0.2511734278200955
2937,0.8686059750026486
2938,0.4234474971501847
2939,0.7068887010198224
2940,0.8104991264416456
2941,0.026672679839612693
2942,0.7391846179781052
2943,0.05767019621581512
2944,0.8018348384358235
2945,0.11839419875593521
2946,0.839293073516184
2947,0.2187641615985006
2948,0.45290838233660125
2949,0.04039567150979127
2950,0.6241656308310133
2951,0.11123893315518513
2952,0.10631430419183757
2953,0.31487916985898246
2954,0.8105333790619017
2955,0.05235235301005871
2956,0.9212764771278955
2957,0.5268349135810745
2958,0.890687217703292
2959,0.21173900990974304
2960,0.053891203390239416
2961,0.46165655371499154
2962,0.08979149228310733
2963,0.09932050647666006
2964,0.0749926141273527
2965,0.26159097093600686
2966,0.0222765178169551
2967,0.5094333335761323
2968,0.779043092507614
2969,0.07215144660996524
2970,0.5492591467817695
2971,0.5471830096314345
2972,0.9176314233242313
2973,0.40911233730639074
2974,0.016585974920698715
2975,0.003780038797100621
2976,0.6413315362681312
2977,0.07152107943182387
2978,0.12176023242764357
2979,0.10327623301815561
2980,0.45239763060625554
2981,0.14762398507019497
2982,0.2808493987773482
2983,0.06666857479591529
2984,0.08172008437952262
2985,0.19047541915610927
2986,0.5917094428837728
2987,0.05604071223468156
2988,0.8434166922180499
2989,0.19455818151678328
2990,0.8273735404489335
2991,0.6750105973785505
2992,0.04085598900658475
2993,0.2653468031232837
2994,0.13039407677908998
2995,0.09577801484805014
2996,0.02049475057367834
2997,0.9708298435916264
2998,0.1323037379718825
2999,0.8126177723595448
3000,0.8100298835968545
3001,0.14055483240525454
3002,0.1157986328100728
3003,0.30450390563725643
3004,0.537939126165315
3005,0.2839523114648838
3006,0.20536857899260152
3007,0.5638690944413813
3008,0.06876808559076193
3009,0.11362493852686457
3010,0.6645147053405619
3011,0.05313512396622482
3012,0.4821388465814072
3013,0.004097891122237119
3014,0.10731626052315
3015,0.27405977698473977
3016,0.25242121421050867
3017,0.27851645435467365
3018,0.7284959304486143
3019,0.11756963926773716
3020,0.015471481589313201
3021,0.6925396891841956
3022,0.16231175113675778
3023,0.1475985046936644
3024,0.06764997611517182
3025,0.2301787720782347
3026,0.9229762273766234
3027,0.9155440462687096
3028,0.9203996630887233
3029,0.9013292419763703
3030,0.12098848488027555
3031,0.04788707658189309
3032,0.008530273808037862
3033,0.09659887386376748
3034,0.6277460078085435
3035,0.12397918543006539
3036,0.6967480004667541
3037,0.02885575787319438
3038,0.7959448872727201
3039,0.21554674038060653
3040,0.02849114763286166
3041,0.0035055137538565753
3042,0.6213916571885876
3043,0.13768792041357641
3044,0.19735716792970293
3045,0.6467421424466271
3046,0.18596927220212267
3047,0.6064753341610579
3048,0.373595399398375
3049,0.49668893445525447
3050,0.083841184839277
3051,0.3172649363467198
3052,0.013709201490621027
3053,0.04467559143697074
3054,0.5672142926742242
3055,0.9305475482733266
3056,0.15834104421973869
3057,0.1730263730894299
3058,0.14173474328882443
3059,0.00542601423109785
3060,0.16757767632706194
3061,0.17662336745167376
3062,0.37363098558581
3063,0.5094130080054224
3064,0.13818177074239277
3065,0.004381329317932863
3066,0.339099592356354
3067,0.9261240743862785
3068,0.6193317761640665
3069,0.5250970799634704
3070,0.01665298921078314
3071,0.082658682040623
3072,0.04966558029276792
3073,0.16106231766693577
3074,0.028451314267281265
3075,0.9005860498631799
3076,0.09322560211163151
3077,0.937977462727466
3078,0.2780653788786283
3079,0.04651718003686902
3080,0.3919210405281682
3081,0.5238970041406366
3082,0.0650285008871986
3083,0.0865946741640673
3084,0.014969786784323988
3085,0.25208606677222334
3086,0.2007038175798801
3087,0.19603947798178212
3088,0.01529016190289712
3089,0.14102978310424344
3090,0.06413935103913092
3091,0.7580907619501785
3092,0.6222485779139549
3093,0.23703122516042982
3094,0.14067520461400604
3095,0.09170598441309392
3096,0.24914221987686203
3097,0.17167402806975668
3098,0.8039331622581446
3099,0.7068401277400409
3100,0.59971625197026
3101,0.5600723814979626
3102,0.9437415305961304
3103,0.1891975442528473
3104,0.8947969946306814
3105,0.9494131742284287
3106,0.030959814379423498
3107,0.2762501071512589
3108,0.03438596505939165
3109,0.009229771830990571
3110,0.14606811617620152
3111,0.014955497538940385
3112,0.14264720876851486
3113,0.4010234634339096
3114,0.34238090561224527
3115,0.07641811668631932
3116,0.02498923143483084
3117,0.16082022279079403
3118,0.7088463565540679
3119,0.24584884051778072
3120,0.1158660477957237
3121,0.03819229564817426
3122,0.031201259357896374
3123,0.9737060656295987
3124,0.05610686144627694
3125,0.6793992672659158
3126,0.6115970984902243
3127,0.893803216126553
3128,0.9575844055470211
3129,0.39313282624345974
3130,0.8708070264202499
3131,0.8196168676865592
3132,0.9344416905231576
3133,0.007540803249540778
3134,0.14947236104781148
3135,0.3155707943764826
3136,0.16583561388079873
3137,0.2644636268895881
3138,0.004389657485012851
3139,0.19301560557950873
3140,0.013485061932216779
3141,0.8246306302484446
3142,0.47716363504849657
3143,0.05742248500665227
3144,0.7839500673114251
3145,0.8242787221820628
3146,0.006272128192369979
3147,0.9110503880488277
3148,0.13501406658179377
3149,0.04403876676922949
3150,0.0903149321602218
3151,0.049193404953554884
3152,0.07689888679085206
3153,0.012908432404491217
3154,0.4020236972451473
3155,0.05712632861895234
3156,0.04136080961327201
3157,0.023180455670304904
3158,0.26309857849329454
3159,0.16435645649753836
3160,0.021189942630871348
3161,0.4430851643268348
3162,0.23691029159045476
3163,0.5505908882747418
3164,0.1359991455901517
3165,0.09037402404543057
3166,0.13298181056385586
3167,0.17343318032300115
3168,0.02036478321439201
3169,0.03139298127064343
3170,0.0186272035423225
3171,0.13328569863891593
3172,0.008742800460575254
3173,0.1192736784567025
3174,0.7926628897721176
3175,0.45082992988555726
3176,0.006068426934292871
3177,0.1712687708776449
3178,0.18417130496520212
3179,0.10581492142728298
3180,0.02796277227295576
3181,0.1283674950940508
3182,0.005994767770891215
3183,0.9107345036324208
3184,0.04444945008520846
3185,0.534672940443949
3186,0.5417807078890677
3187,0.09849742876638651
3188,0.1199036382897266
3189,0.12383981152284841
3190,0.15838337576841108
3191,0.9672358528748987
3192,0.813354944397574
3193,0.04721727085857668
3194,0.02348525409316867
3195,0.9661415087940269
3196,0.07203437576778707
3197,0.11179063311096575
3198,0.08256481487264258
3199,0.021692178781853016
3200,0.00278818503248894
3201,0.7045431389606486
3202,0.27022168975424654
3203,0.15294805105644527
3204,0.07584446938512612
3205,0.05751583523180987
3206,0.004638276769894631
3207,0.16516495325404448
3208,0.1518776331929343
3209,0.05268780250434946
3210,0.43676544826619823
3211,0.9616916521013287
3212,0.10073241890219123
3213,0.19558189425731648
3214,0.13038568116913948
3215,0.005534352868112288
3216,0.044154433682737006
3217,0.2639570653388861
3218,0.026214997506977068
3219,0.11079952107121036
3220,0.016428994109155215
3221,0.012029148483643726
3222,0.026931198800532546
3223,0.6463540187543554
3224,0.15461081274044508
3225,0.011251909995013316
3226,0.21875300162153902
3227,0.9472298068302683
3228,0.007071793339037917
3229,0.23798805675990045
3230,0.05321002769104276
3231,0.15430767405570509
3232,0.9267705199703387
3233,0.47227041245799944
3234,0.19769861402281055
3235,0.30780662608718234
3236,0.028763586487971244
3237,0.06612402570167064
3238,0.6860265670693393
3239,0.009511539970018726
3240,0.05529724867817541
3241,0.02608872803094485
3242,0.5164460671779136
3243,0.07296374997829505
3244,0.005587172589421132
3245,0.004955754089992706
3246,0.9569779684048789
3247,0.15709314444624445
3248,0.15663780119906018
3249,0.12813611158783525
3250,0.21211511620317788
3251,0.27693167130162066
3252,0.026079492648009118
3253,0.06613932943384929
3254,0.6156802988576745
3255,0.04961991227070242
3256,0.16687742096373212
3257,0.8937988751191526
3258,0.946141435909482
3259,0.00969917950407789
3260,0.09446385051864355
3261,0.11507210099129839
3262,0.7623921093906147
3263,0.15821412631196283
3264,0.04770882849340022
3265,0.6099970950285764
3266,0.1563934160351714
3267,0.052681378850938695
3268,0.13265784083317045
3269,0.13306987174105048
3270,0.11463295775760762
3271,0.029327910111349446
3272,0.08776960819489645
3273,0.8264192362514349
3274,0.9065202023097356
3275,0.2863701357178213
3276,0.014898643323181212
3277,0.01632534626879314
3278,0.9020484984245359
3279,0.4628663691053049
3280,0.09297481748427691
3281,0.1071902849649111
3282,0.15277119251720322
3283,0.4353045048064662
3284,0.4939801264295727
3285,0.023469035195987874
3286,0.45878128670131413
3287,0.03009025109080871
3288,0.0504033623293548
3289,0.7031441301462447
3290,0.9584385394608543
3291,0.282327590955956
3292,0.7595165554429496
3293,0.5819285132957119
3294,0.1090889565339785
3295,0.0692100155354241
3296,0.19896370786530843
3297,0.3299885538291
3298,0.02474945190928977
3299,0.21569623768374932
3300,0.0906012716061045
3301,0.2186208336722081
3302,0.8156725942417716
3303,0.02697847203672915
3304,0.011583307939846854
3305,0.15619384492533478
3306,0.45807303185054654
3307,0.18018153079308588
3308,0.026249031574291846
3309,0.8989596553702303
3310,0.027835170502806372
3311,0.009703992096857916
3312,0.11584983018795801
3313,0.7305505415789417
3314,0.12057024206356913
3315,0.03216396369942187
3316,0.3446074644798278
3317,0.8340257362032754
3318,0.0972231819825845
3319,0.8406777644977749
3320,0.2682040730150978
3321,0.03186017077550803
3322,0.5610926738579666
3323,0.12374959096059196
3324,0.08938798122548285
3325,0.21515318801177885
3326,0.014860714764293308
3327,0.05166145108260298
3328,0.23433769019825618
3329,0.2160529346444003
3330,0.2558983503955707
3331,0.44227924721380746
3332,0.9694116327191346
3333,0.15969321824677
3334,0.33960158798836415
3335,0.09088749635288039
3336,0.15945013019102378
3337,0.11266104768875988
3338,0.43349715888758544
3339,0.004000379780337653
3340,0.13197693105333785
3341,0.17575402837811904
3342,0.5078085294403147
3343,0.2661627254328365
3344,0.599146308304305
3345,0.6571293878626169
3346,0.6441418972872918
3347,0.7030856861452567
3348,0.9032577859190446
3349,0.07011085004534504
3350,0.0040763506841501075
3351,0.05402439419465826
3352,0.4743124228563603
3353,0.2228763348570421
3354,0.4275270566647131
3355,0.2214508985135272
3356,0.9037899195277462
3357,0.047186469755006816
3358,0.5015699144477879
3359,0.7716796211061183
3360,0.5508699977876307
3361,0.4921141202280775
3362,0.05455462282667163
3363,0.2505939516191444
3364,0.8549667980007671
3365,0.795696296751059
3366,0.9039829524408445
3367,0.20116386639213485
3368,0.050598081897277165
3369,0.009887939928356666
3370,0.8068201238621179
3371,0.8384158380111816
3372,0.941628207383387
3373,0.17138441832322784
3374,0.2983658068956952
3375,0.7552395806281303
3376,0.6404641672342942
3377,0.22960723246575024
3378,0.05032247284507626
3379,0.11853127102528276
3380,0.015977800607410247
3381,0.10746694074865071
3382,0.913292222633427
3383,0.01872522627740282
3384,0.5948572520509968
3385,0.050508797095855054
3386,0.14167228099908624
3387,0.9604145093245537
3388,0.3342966327789812
3389,0.059445884546950385
3390,0.29049109260788597
3391,0.3627380760148685
3392,0.5942878885117489
3393,0.0925794956660192
3394,0.3188509777741539
3395,0.21839875254537194
3396,0.060295505407622574
3397,0.20386443110592498
3398,0.14029663732895584
3399,0.09864317061815868
3400,0.6026534601283482
3401,0.9906893310979357
3402,0.9534840922859952
3403,0.018032456365136194
3404,0.8209122821384384
3405,0.9597932617816141
3406,0.20285356932710158
3407,0.1349255651462291
3408,0.014640414784247005
3409,0.5057493355004226
3410,0.03703013083882644
3411,0.06155302506200432
3412,0.0115676122986494
3413,0.09811166036801437
3414,0.1643069900188554
3415,0.18465343163815295
3416,0.004791100792057789
3417,0.04326619032541804
3418,0.08882993025754639
3419,0.18948197870822203
3420,0.022974733399612906
3421,0.018195741285266135
3422,0.7726426260010071
3423,0.009353955549314367
3424,0.6512491123227316
3425,0.6611199975060843
3426,0.27661189126213187
3427,0.1906491705779662
3428,0.10681793292140039
3429,0.0056177477961624495
3430,0.2951997317566545
3431,0.521333258886304
3432,0.07984813400888087
3433,0.9324088389606732
3434,0.08347082115154626
3435,0.08624408219161293
3436,0.6916762428629382
3437,0.07115565864234802
3438,0.0533664825767454
3439,0.22880902403767214
3440,0.04277023964237456
3441,0.09072407680012218
3442,0.6329756952928571
3443,0.6817626825476228
3444,0.06078837568662327
3445,0.3837408234445219
3446,0.18127578342188327
3447,0.22008288230832004
3448,0.21407757760968502
3449,0.06685640495389118
3450,0.006675692087590507
3451,0.4725564999045699
3452,0.4605097263597775
3453,0.38257080696032547
3454,0.1112824477368389
3455,0.696187034367464
3456,0.4500647053651469
3457,0.01324056002101832
3458,0.7883881728117242
3459,0.068033849168702
3460,0.8561535543172446
3461,0.06930322933818879
3462,0.02698215087263814
3463,0.021507073847961418
3464,0.20694971509340032
3465,0.03706042022007374
3466,0.008955116996046418
3467,0.022718996472646608
3468,0.8021410799171237
3469,0.04850847236455859
3470,0.06657430669883826
3471,0.09423962430562259
3472,0.025881351841157956
3473,0.10055734198271353
3474,0.027156134323351764
3475,0.020649817789129464
3476,0.3760654001384883
3477,0.045373556383712085
3478,0.03187617822884
3479,0.8132905874467456
3480,0.00471856574649338
3481,0.6057474407579682
3482,0.454998305495282
3483,0.13983719010954768
3484,0.031476053575039395
3485,0.06900742831600935
3486,0.9269384886460611
3487,0.8528240258166421
3488,0.11169750257632388
3489,0.6008411155250596
3490,0.7408727589594246
3491,0.056772525490312475
3492,0.004034550056403345
3493,0.14633024683163504
3494,0.04098031839518608
3495,0.11769720933372747
3496,0.34887126094593485
3497,0.013830602537143495
3498,0.28394373611827683
3499,0.6893734271868394
3500,0.443840786488527
3501,0.14342619038665028
3502,0.24186318186697525
3503,0.8894711286481737
3504,0.170141547114939
3505,0.04638560254923929
3506,0.40088112663025777
3507,0.47399005012654327
3508,0.13510078291474129
3509,0.27635615783396705
3510,0.821623765120381
3511,0.23648488964840497
3512,0.3046671290871707
3513,0.10693750764457997
3514,0.8357485940443302
3515,0.6247943141026635
3516,0.37706537459185363
3517,0.08165578085554459
3518,0.8004992979494566
3519,0.009435374906516417
3520,0.38991249487231805
3521,0.2111158212564958
3522,0.9632557507905111
3523,0.8709519029793013
3524,0.22284448824481584
3525,0.9300965097474138
3526,0.871167511090142
3527,0.016975816202165723
3528,0.3420659835879669
3529,0.15264918084880555
3530,0.8423335743884269
3531,0.004343616979072796
3532,0.5513182173096038
3533,0.046143789021274154
3534,0.00962412993738169
3535,0.008605017067810278
3536,0.8075991504298757
3537,0.23775112569941947
3538,0.16500408417184553
3539,0.17220540841618312
3540,0.1746528148237003
3541,0.020338094374386054
3542,0.17017137660846243
3543,0.07846488341724905
3544,0.24624285690255024
3545,0.5513012464483646
3546,0.010521558214894387
3547,0.3157465873815795
3548,0.026045890324486714
3549,0.5764894254283637
3550,0.050956934294595524
3551,0.172540025847784
3552,0.05593602371377404
3553,0.4131357280760748
3554,0.15035218241991297
3555,0.7275395700766631
3556,0.25942916867627214
3557,0.45364512487180203
3558,0.08486402029969309
3559,0.13271812775903755
3560,0.19180987168169164
3561,0.9200267204322241
3562,0.1359343740013736
3563,0.06755213696804423
3564,0.013000503292396264
3565,0.032361339178751634
3566,0.9620302060378549
3567,0.0032218729747317057
3568,0.1518983569754004
3569,0.013242208363297753
3570,0.09053053965773883
3571,0.13042239323650165
3572,0.23175003519940962
3573,0.10480099215229317
3574,0.01670331002135425
3575,0.1412255934982719
3576,0.030635073598761327
3577,0.061219001255938064
3578,0.3841083591613413
3579,0.4288835324492585
3580,0.8984107760255938
3581,0.13263370134806515
3582,0.6752686428550662
3583,0.3716124408007956
3584,0.03344117129483682
3585,0.26218140655357597
3586,0.06936775422929642
3587,0.07433385166174962
3588,0.03833617460990322
3589,0.27986797659757473
3590,0.29055943102713044
3591,0.2745262453417677
3592,0.7631072345412971
3593,0.008308673199314241
3594,0.20867663869470054
3595,0.04157600771461368
3596,0.9545212605693422
3597,0.20625782734726691
3598,0.3761688093305598
3599,0.8410295315385244
3600,0.40598247292100464
3601,0.21659162342037616
3602,0.04186573566020198
3603,0.39562110752942914
3604,0.009641781190348454
3605,0.9280813695831318
3606,0.08620852146730097
3607,0.07689083594728605
3608,0.15480605214525933
3609,0.10045952013916042
3610,0.36169711591674264
3611,0.01702114894657371
3612,0.9607968925426923
3613,0.6685574442983023
3614,0.2261132851087579
3615,0.02104740557239737
3616,0.4951147516768329
3617,0.033740537406816117
3618,0.7066696516929201
3619,0.19759377831390687
3620,0.49430449613629274
3621,0.1748052355120346
3622,0.011452702601516453
3623,0.003309564701362458
3624,0.21383353595586424
3625,0.20429799760324444
3626,0.06342980184807707
3627,0.011620624436814823
3628,0.8485944295421023
3629,0.042386942451168245
3630,0.08254753763009383
3631,0.039343256066771325
3632,0.0031998858062366052
3633,0.1317936283424521
3634,0.11562426042033398
3635,0.40257193156971516
3636,0.8619446054213439
3637,0.027017572291753875
3638,0.018041747892872974
3639,0.00801343727849201
3640,0.43467436076624005
3641,0.08316957773114322
3642,0.06775621900437755
3643,0.9000731513274567
3644,0.37314548108992024
3645,0.130570128139597
3646,0.004858942270500038
3647,0.960921331581727
3648,0.2975756943280863
3649,0.897216405554999
3650,0.8737617140902383
3651,0.006026326036555753
3652,0.48287025998883404
3653,0.1729907203246748
3654,0.6285441136016885
3655,0.4818744169507298
3656,0.006884875616546898
3657,0.2791821762095253
3658,0.038155919578429745
3659,0.05490447298463939
3660,0.02512376354128176
3661,0.3368765490128073
3662,0.07808716932000986
3663,0.22200755702978534
3664,0.21494184541225328
3665,0.31852595792797117
3666,0.04483812386340154
3667,0.12710201955474604
3668,0.7303310553304208
3669,0.17772535151935728
3670,0.5033721098029112
3671,0.06423241625310713
3672,0.02691316386426679
3673,0.08276717350488313
3674,0.17865228823056972
3675,0.9552676486928191
3676,0.018014978297034655
3677,0.28243279801713245
3678,0.2781335389614778
3679,0.10620416185093752
3680,0.2597302391277899
3681,0.22773529220899846
3682,0.11928870146108148
3683,0.06311019729517259
3684,0.11258145536969963
3685,0.1156800625310692
3686,0.06153100434567441
3687,0.10747033163214968
3688,0.22281515073958091
3689,0.28987258954449324
3690,0.2433917493212258
3691,0.055108157927337476
3692,0.03835640917574935
3693,0.8815939132414754
3694,0.07709827057933588
3695,0.7281129678395036
3696,0.660591408683012
3697,0.9066023147291433
3698,0.27390638428251923
3699,0.13848287393330277
3700,0.8261278208360658
3701,0.7402262778295907
3702,0.2499825966450492
3703,0.8456197670584105
3704,0.18550411364629057
3705,0.6724861694510366
3706,0.18131492248909578
3707,0.20719869838996172
3708,0.8454413298625553
3709,0.018737075803297618
3710,0.171719490367501
3711,0.09277950019138952
3712,0.6345193416460925
3713,0.10532627168029685
3714,0.04978379054777527
3715,0.1732702233217885
3716,0.15317076538913563
3717,0.007338796599940396
3718,0.013149895357875942
3719,0.80300506455279
3720,0.01401918449543546
3721,0.676031754628688
3722,0.48418751575342245
3723,0.007471728077978084
3724,0.01195081453565791
3725,0.882603318303524
3726,0.35972344762965364
3727,0.3047243796381934
3728,0.1376624841193517
3729,0.068670667134207
3730,0.12302884992668597
3731,0.17104987468771882
3732,0.04739473727585134
3733,0.7351531502165501
3734,0.016019796472311307
3735,0.005058079456779822
3736,0.11789693671452436
3737,0.5306753689067111
3738,0.023989238423504585
3739,0.024480920571670395
3740,0.9498012991912587
3741,0.9208323141110673
3742,0.044658015532909906
3743,0.07057363663608288
3744,0.2514689086108077
3745,0.03307379914408008
3746,0.06023963699731615
3747,0.13455543174262913
3748,0.08628003924182467
3749,0.149536741864636
3750,0.4861096752852765
3751,0.8096550869432986
3752,0.3192361795304475
3753,0.013871281789164622
3754,0.11988628963584795
3755,0.2956289080470488
3756,0.03703868317214253
3757,0.9247728533493504
3758,0.10074055890031539
3759,0.04116091868794352
3760,0.098567026761121
3761,0.4777338790949536
3762,0.06696281811095467
3763,0.024138149417947813
3764,0.05314933962612456
3765,0.08103503337450195
3766,0.8637331931082396
3767,0.5381179814797904
3768,0.2979288649906381
3769,0.2592190066237092
3770,0.104778253219254
3771,0.0030619020507189577
3772,0.0175741181552129
3773,0.39227131018141154
3774,0.018658267469071305
3775,0.7761688058190359
3776,0.005334581367194159
3777,0.5431420335120758
3778,0.3836066129759172
3779,0.088343578456297
3780,0.31392958186334174
3781,0.004120212220246747
3782,0.9506807143637795
3783,0.8295202459653218
3784,0.006917942785699183
3785,0.8698305034547044
3786,0.3083445608585268
3787,0.1621703716997517
3788,0.007815384118693123
3789,0.15830050759994208
3790,0.1802477491668199
3791,0.4362338979663162
3792,0.16473404545865003
3793,0.014213334180263763
3794,0.9161544857461228
3795,0.004405553465703462
3796,0.23516492488983518
3797,0.5990567602676257
3798,0.027644668889244165
3799,0.23529545342511513
3800,0.04451703845822481
3801,0.969826404514033
3802,0.045891335154241306
3803,0.0930106805859176
3804,0.4151499990682582
3805,0.7753599766609606
3806,0.3003510394022953
3807,0.720140278276093
3808,0.0032570451651697052
3809,0.7667746763235864
3810,0.8852407825837032
3811,0.6183059060958064
3812,0.0905426530442054
3813,0.7487840674171398
3814,0.007677941885475909
3815,0.19925269324051875
3816,0.40058968511111936
3817,0.022837940433894158
3818,0.1346197732633887
3819,0.06976158504198207
3820,0.1137808620700403
3821,0.08554812730156082
3822,0.9011985982924758
3823,0.2508714272354447
3824,0.09236878293044665
3825,0.9416323523679143
3826,0.9704188234544873
3827,0.15920353141356058
3828,0.03284719627441622
3829,0.8048805103068611
3830,0.5294834955698327
3831,0.41905511524899697
3832,0.9685454537591908
3833,0.008077569335924547
3834,0.08402073746199643
3835,0.04025877882384977
3836,0.11042402721239174
3837,0.10293400911555127
3838,0.014503023883272414
3839,0.17961822076513254
3840,0.8965426745905561
3841,0.9467431119365168
3842,0.10564245794360175
3843,0.4999127906271565
3844,0.04144461379579765
3845,0.015605409992657198
3846,0.8798421157530385
3847,0.1582803244175458
3848,0.9074496680294862
3849,0.6790219868417734
3850,0.9661918497097902
3851,0.05305966175316731
3852,0.07059589990131965
3853,0.3074292887478713
3854,0.03553868536157035
3855,0.2740444744888255
3856,0.2424445669512908
3857,0.12469845786125311
3858,0.9638612108322802
3859,0.014299709270490435
3860,0.08887319768704562
3861,0.06860472263667051
3862,0.024398118601470713
3863,0.027649441964438214
3864,0.09823294101486815
3865,0.900121160954098
3866,0.011672818480658277
3867,0.20971627640355966
3868,0.15911828200638306
3869,0.4355095724975478
3870,0.029010079054717405
3871,0.5342898262240756
3872,0.5126382032307792
3873,0.603830627631281
3874,0.43045565511539036
3875,0.013489788332675728
3876,0.011483403966038211
3877,0.7319995534149039
3878,0.09750432954074144
3879,0.5164324807838149
3880,0.5555949267989978
3881,0.5905819421668036
3882,0.027884083653626546
3883,0.6512263638625787
3884,0.047915390471234665
3885,0.042167745756050534
3886,0.131999566150931
3887,0.01602470323641355
3888,0.7583179026708138
3889,0.08152074218809038
3890,0.3634911175663558
3891,0.029948086947061636
3892,0.04469889954533409
3893,0.5038001429630646
3894,0.12822916389915506
3895,0.8633720210180394
3896,0.7194352839858282
3897,0.010752034460643996
3898,0.13625257349624947
3899,0.10619136786712996
3900,0.3613937322255302
3901,0.22425880762120617
3902,0.00880627310799929
3903,0.7517783174282897
3904,0.03173903563308063
3905,0.9504695041121861
3906,0.07915834680994233
3907,0.9061176970190318
3908,0.1910538140457647
3909,0.038740903117195705
3910,0.08808187634496334
3911,0.011585337039536694
3912,0.010536630810296106
3913,0.6127629588661555
3914,0.01131748836434975
3915,0.09956631267815509
3916,0.26880220396172694
3917,0.061743344609767395
3918,0.9692489913013553
3919,0.3282944282518684
3920,0.021729676978682104
3921,0.32383840222514293
3922,0.35924778243228334
3923,0.03386451278260179
3924,0.7954921997478958
3925,0.2451170686048456
3926,0.3776136173996845
3927,0.3794577614255798
3928,0.013180013678076263
3929,0.09376057134695961
3930,0.9011721409651855
3931,0.5738183920519865
3932,0.29043709458269334
3933,0.6095717057108758
3934,0.0679258255796912
3935,0.8659470018979328
3936,0.20853704757576177
3937,0.12361362190590536
3938,0.03301244996601178
3939,0.082162387963186
3940,0.0334777561267588
3941,0.9238499272263891
3942,0.855964979412232
3943,0.0612473518924045
3944,0.09037762119273691
3945,0.08185851271619579
3946,0.4894497571140993
3947,0.8707179577571215
3948,0.2828292937028289
3949,0.04941460440787937
3950,0.6153935376510143
3951,0.02989489152205138
3952,0.06468683687105015
3953,0.17742238118903988
3954,0.24181665919503756
3955,0.09799909737779118
3956,0.1784244011982115
3957,0.07790077006496916
3958,0.24827351092978328
3959,0.011940912705748851
3960,0.024314178789841524
3961,0.03004323468700726
3962,0.11303449640972565
3963,0.0068048321742508145
3964,0.017810299922249265
3965,0.3819530135042476
3966,0.6533539373709929
3967,0.880694247352475
3968,0.006853677688250255
3969,0.612259328936042
3970,0.1188986711448339
3971,0.06655269173478992
3972,0.35443109255942645
3973,0.18888569609526504
3974,0.025933369968460813
3975,0.4953057767710819
3976,0.7086730649087903
3977,0.08276069815471024
3978,0.5856904574949596
3979,0.050016470883605564
3980,0.059365647104914855
3981,0.003660101689289899
3982,0.42811100648129974
3983,0.5324792256694006
3984,0.0448101156659122
3985,0.33003710185063734
3986,0.1900196683063713
3987,0.3499900294944662
3988,0.6635160648420648
3989,0.3882393530266069
3990,0.7066749884103106
3991,0.07935182301329716
3992,0.07615555146321219
3993,0.04879437561676613
3994,0.20952828225287315
3995,0.29152153688951543
3996,0.9244238520931668
3997,0.11987954688278418
3998,0.6779539905489073
3999,0.2759220313293614
4000,0.08818799252884896
4001,0.5521644549595737
4002,0.25245621635701776
4003,0.13210592494102003
4004,0.19502892753483983
4005,0.058579795125795586
4006,0.5155700952339449
4007,0.007925753072070966
4008,0.08230759092380328
4009,0.48402626240689967
4010,0.008372276471487305
4011,0.7831943165268389
4012,0.5432984699965697
4013,0.07938149410215456
4014,0.14379035841399643
4015,0.7561599881695392
4016,0.008222515411192385
4017,0.15526878192024446
4018,0.003793718140226899
4019,0.12828151593789225
4020,0.14793223683672038
4021,0.06489990740645346
4022,0.025014191327639594
4023,0.031288706901230985
4024,0.9302098742291323
4025,0.029249519711997705
4026,0.1674658134918876
4027,0.2973683901254008
4028,0.005230088514750114
4029,0.07580140586193736
4030,0.4071859375508921
4031,0.3284151733692425
4032,0.009999772201152233
4033,0.007341368948888693
4034,0.0032798388779864676
4035,0.14498619505544783
4036,0.11299476006412727
4037,0.14095799263338293
4038,0.30142655912402105
4039,0.17379013842781488
4040,0.027721750251571444
4041,0.6160420822901812
4042,0.13359339026144132
4043,0.20686622457270276
4044,0.0417248178406805
4045,0.8557155429934432
4046,0.8952535955602104
4047,0.3209560732942783
4048,0.8692214898693764
4049,0.3196604173103967
4050,0.023413625314397835
4051,0.03830366413468066
4052,0.25806583789532495
4053,0.02510316648918825
4054,0.9130038358439964
4055,0.28085107176918045
4056,0.06825996795785548
4057,0.7435524573089982
4058,0.8846736608158582
4059,0.10768453615728077
4060,0.1876675109388736
4061,0.01519437755568122
4062,0.9669341287040819
4063,0.29682093845585517
4064,0.0770896248768822
4065,0.043359188123923885
4066,0.028570421322318587
4067,0.10695136358319046
4068,0.6831055007110496
4069,0.051152031916083654
4070,0.14569380841104002
4071,0.5818851709388507
4072,0.16044776749911205
4073,0.0537159825595602
4074,0.20210234974532482
4075,0.006990108248289008
4076,0.6076338585332626
4077,0.5967457169989079
4078,0.03284575074528159
4079,0.9123434407448502
4080,0.18252284463739912
4081,0.9419889401990571
4082,0.199645669208686
4083,0.05567132947431107
4084,0.3220750627728653
4085,0.07043167383983012
4086,0.7419131376459924
4087,0.8822090644927019
4088,0.3381638156072401
4089,0.4873439760680186
4090,0.23978455971256582
4091,0.8963186890662711
4092,0.15773949604209342
4093,0.0209788496842267
4094,0.003961658128064636
4095,0.7193105420424079
4096,0.06318210811016131
4097,0.26927258129105863
4098,0.8684244340039997
4099,0.17623380530127736
4100,0.0440086857357275
4101,0.40762151420589454
4102,0.4082017210628828
4103,0.5924788188139737
4104,0.22831294029671695
4105,0.6380641825276429
4106,0.11378912205865012
4107,0.005923466448652416
4108,0.8895661941680217
4109,0.27932278521409776
4110,0.4411287644550778
4111,0.08125633282273108
4112,0.16660702439717792
4113,0.009832728551862967
4114,0.47670791366909343
4115,0.3656300681847964
4116,0.7131262560817725
4117,0.20697991666379512
4118,0.14949580912842642
4119,0.23129177605847753
4120,0.7467491875645953
4121,0.07439959609107116
4122,0.06212036698717833
4123,0.06114366341740253
4124,0.335496594647951
4125,0.008748412096971967
4126,0.061574287654113435
4127,0.33187898116486897
4128,0.0028936948089255884
4129,0.414802872677451
4130,0.10617129471318779
4131,0.4281892135050247
4132,0.010540585002040713
4133,0.2399008704078982
4134,0.07452669482241227
4135,0.6756136221929636
4136,0.1479484374715728
4137,0.09127212139134161
4138,0.031402775384693694
4139,0.14087646035398815
4140,0.008334040677676383
4141,0.43476904502379227
4142,0.04621230046972427
4143,0.13015791078540642
4144,0.26383287291109325
4145,0.015516550973224491
4146,0.5932534609399508
4147,0.02609563867420842
4148,0.1431457793856148
4149,0.16514433188326053
4150,0.1691884141163481
4151,0.03477507582354007
4152,0.6002612369431793
4153,0.22027167921605953
4154,0.05460113502270754
4155,0.023677103088188167
4156,0.06409966603316943
4157,0.24491709863720657
4158,0.8851760254343406
4159,0.036861824719424514
4160,0.043593984074863285
4161,0.1987703217738713
4162,0.6206853501395463
4163,0.5418186050110388
4164,0.0716101004105645
4165,0.07547658117252798
4166,0.0408118833795712
4167,0.9692573976290927
4168,0.04805991890738107
4169,0.18736487997450418
4170,0.37653193205550095
4171,0.7847173329407204
4172,0.355143837236932
4173,0.04739695848615
4174,0.1296676012072422
4175,0.555105921171221
4176,0.14070674888579202
4177,0.04241140110128848
4178,0.0448386139285528
4179,0.022487314377509216
4180,0.10105331196004343
4181,0.06855892896714959
4182,0.021785239750925178
4183,0.16755980844959023
4184,0.18761815217309022
4185,0.004174068383905827
4186,0.02002267868952248
4187,0.32518470103258396
4188,0.48892487697393205
4189,0.09847995322829366
4190,0.3596129720167082
4191,0.037244606666261636
4192,0.050240625461952446
4193,0.5319385082599863
4194,0.6159958458545132
4195,0.5758107041084493
4196,0.14070323161768797
4197,0.0054800004791919765
4198,0.22494582728928939
4199,0.048775736938389866
4200,0.19640996318296344
4201,0.41430823759288027
4202,0.44592503305170506
4203,0.6128695785577064
4204,0.2134612158263906
4205,0.06874143134313833
4206,0.5209171932210797
4207,0.041552274824214995
4208,0.03850845997038005
4209,0.2130681850698691
4210,0.17114803947978477
4211,0.9328672391598875
4212,0.1640534207047274
4213,0.24061928301434482
4214,0.278994508204774
4215,0.1571313470864148
4216,0.049964328179248674
4217,0.00873361196844882
4218,0.0981669597432002
4219,0.040858218825210436
4220,0.4934766017899905
4221,0.10278822112783534
4222,0.1413245830503024
4223,0.017234842230598606
4224,0.006555827633623215
4225,0.7754711087230967
4226,0.47419169538655165
4227,0.01198494564950618
4228,0.3190366931737616
4229,0.22349577278513644
4230,0.03865797147778684
4231,0.11314519977817263
4232,0.9741029666475698
4233,0.3520539949605576
4234,0.20899094650609704
4235,0.919457080881179
4236,0.458275906533979
4237,0.08524360256392252
4238,0.006566768201717009
4239,0.019279152281847255
4240,0.3165854395603513
4241,0.009511539970018726
4242,0.5183669501878964
4243,0.17043468532544703
4244,0.19983142394598039
4245,0.05451113265993573
4246,0.02345339654612263
4247,0.12770894950956674
4248,0.8968917159873935
4249,0.9291214721576785
4250,0.09179601043825872
4251,0.4312316475714589
4252,0.40371583071623984
4253,0.010675562434160742
4254,0.36300837877511194
4255,0.07279045416753753
4256,0.02711143772387976
4257,0.22399052291067925
4258,0.18259872708875075
4259,0.05456950561882396
4260,0.10265103270656847
4261,0.06880553852883507
4262,0.9050712736750789
4263,0.08747646539240528
4264,0.2248888967548687
4265,0.03822007749514586
4266,0.3010050372904377
4267,0.9437161326775857
4268,0.3512181089282896
4269,0.22229688280646112
4270,0.48999851140742395
4271,0.05734958256411335
4272,0.2966497050013973
4273,0.6418519187207979
4274,0.30582432170494545
4275,0.3497043444461108
4276,0.46852179732514243
4277,0.020168106894201888
4278,0.03101760226096291
4279,0.14086243954025623
4280,0.1492158191306625
4281,0.11598790900298565
4282,0.6398664887443369
4283,0.737674903793516
4284,0.3962273707548978
4285,0.46148061025753756
4286,0.100291271686043
4287,0.02543144876932883
4288,0.09854936311620074
4289,0.11028023235819728
4290,0.5523269930352815
4291,0.1876000516266978
4292,0.09044865018489794
4293,0.11270294808134641
4294,0.13849308384628484
4295,0.1838788279523722
4296,0.035683138320402596
4297,0.18654355083563157
4298,0.020926283968022062
4299,0.04853005573638658
4300,0.14480289039840935
4301,0.021000177615263432
4302,0.7434339738188638
4303,0.04874940409999584
4304,0.2831293213910513
4305,0.5783759357516078
4306,0.7988024746109829
4307,0.02833002973532525
4308,0.7297360858217415
4309,0.051179339146989675
4310,0.5194331042630012
4311,0.3947410633988228
4312,0.02936071761142196
4313,0.35128577212124584
4314,0.20586152791319834
4315,0.003994791722245565
4316,0.20452327918969396
4317,0.006913058040180723
4318,0.0982415304299725
4319,0.12564155909222652
4320,0.7830660022458152
4321,0.8331055579321822
4322,0.6595183213801116
4323,0.028173199429219153
4324,0.2340471768747637
4325,0.5872641152666475
4326,0.6309075138579228
4327,0.48526333006692196
4328,0.5369707860180397
4329,0.15893058943394672
4330,0.3418921729760855
4331,0.021202409003265105
4332,0.07085111920903725
4333,0.14672330383255264
4334,0.16981129178654364
4335,0.04168605065014047
4336,0.0674916677732383
4337,0.961720680952408
4338,0.021636252979776786
4339,0.9316647968907223
4340,0.016739241089945563
4341,0.6126057933300936
4342,0.3923853289700862
4343,0.8238188291110942
4344,0.017176771249424756
4345,0.2944988829575895
4346,0.5658045551056413
4347,0.5188872485883467
4348,0.009642417863524676
4349,0.16877607330183406
4350,0.8896522182744442
4351,0.0365493038507905
4352,0.8560609683698825
4353,0.086051559616615
4354,0.252334440454975
4355,0.022072895856570542
4356,0.0737253889076884
4357,0.03653837513583962
4358,0.3475916564581624
4359,0.06307318117808604
4360,0.039261653997789005
4361,0.14049462968540088
4362,0.7624876487978693
4363,0.0372000818849595
4364,0.3034724025311323
4365,0.10836676943424337
4366,0.18372278831514127
4367,0.61155485233344
4368,0.02211210619998725
4369,0.024658850181338555
4370,0.38398596068842117
4371,0.7198616677782498
4372,0.022937877031940064
4373,0.03640033952671552
4374,0.003507980733392803
4375,0.015647262153458807
4376,0.8871198047235416
4377,0.812377533760959
4378,0.10363408427341489
4379,0.08463185927616144
4380,0.22131878539129546
4381,0.0929699818836384
4382,0.01027329263800221
4383,0.32251771246937605
4384,0.009229771830990571
4385,0.8351847171831301
4386,0.8464355506833927
4387,0.0658577662325704
4388,0.10077370484768444
4389,0.10414426282968259
4390,0.24041559100035137
4391,0.8297896385295492
4392,0.21048075199010122
4393,0.06968012013574164
4394,0.05928004125814077
4395,0.6175053037156877
4396,0.010472963054528366
4397,0.021143449997875582
4398,0.053543973948026936
4399,0.06303498940904965
4400,0.6501658383589093
4401,0.3027596955986822
4402,0.7727717752970207
4403,0.011884741690673576
4404,0.24696601907576152
4405,0.06136976037331046
4406,0.9280609220960833
4407,0.666225462872317
4408,0.37307892674858356
4409,0.024875436007472426
4410,0.7160252967663213
4411,0.003780694976071222
4412,0.31570361053678786
4413,0.0155775892298079
4414,0.3602744347733712
4415,0.034999927251106615
4416,0.8557365196072624
4417,0.7854299297349191
4418,0.019921319049389544
4419,0.08071147891905686
4420,0.3728941171780518
4421,0.037206911929242976
4422,0.15213847498476993
4423,0.04957495036507653
4424,0.012558259286183066
4425,0.23291700517101233
4426,0.08472417324427559
4427,0.13867460735749837
4428,0.04648551733113561
4429,0.9041059423730973
4430,0.10979756553663846
4431,0.49232571838566086
4432,0.020485350546917146
4433,0.26264803636959616
4434,0.017793339617269782
4435,0.8477565248180001
4436,0.03614150200175046
4437,0.060314000554094166
4438,0.3307051920319345
4439,0.7399078189990931
4440,0.00508013205781973
4441,0.13329310781904194
4442,0.1652543334579952
4443,0.06117756231207352
4444,0.32562771512829053
4445,0.0034448059985829043
4446,0.24463393220894164
4447,0.020551360300609858
4448,0.10760519953901235
4449,0.5662456838336956
4450,0.004668728496505727
4451,0.16883663049543224
4452,0.6260051831242625
4453,0.058998029789222875
4454,0.9064905068124434
4455,0.5273211210194657
4456,0.6060345615397534
4457,0.9395837082790995
4458,0.003745026176361446
4459,0.0342390561973833
4460,0.15059221383379057
4461,0.9626925551218403
4462,0.23287082946332274
4463,0.5211819842905884
4464,0.027413011241924072
4465,0.08808543033326648
4466,0.7423199501302327
4467,0.6635192023601891
4468,0.19163124751549734
4469,0.007545513870208363
4470,0.2827747065772561
4471,0.3403444522565119
4472,0.22660529352530664
4473,0.4744016809672857
4474,0.8779470375864911
4475,0.008049674575575805
4476,0.22027834293832935
4477,0.2735447783114491
4478,0.04035880146430885
4479,0.8237069581803752
4480,0.24740679498620988
4481,0.11384298818553168
4482,0.01931594740027493
4483,0.005722764000324987
4484,0.007815938681447643
4485,0.31126810730983695
4486,0.058229445620066655
4487,0.6123824654392709
4488,0.9708978636513282
4489,0.6271682246183482
4490,0.8524041611449852
4491,0.0335846086379056
4492,0.7926510057213436
4493,0.04665776831856188
4494,0.06572233141093828
4495,0.5897070917329938
4496,0.09173946053279373
4497,0.2072026396186658
4498,0.19555614412068242
4499,0.05852585033479072
4500,0.04792607582794364
4501,0.18278882415354208
4502,0.4394201755241519
4503,0.015478543299380797
4504,0.013825567926923119
4505,0.9368952511068482
4506,0.19192053788751554
4507,0.02982777793608929
4508,0.9709054799004185
4509,0.9011701762718483
4510,0.34400801160377403
4511,0.38194453098081266
4512,0.5873798910376531
4513,0.2741086246074908
4514,0.042079375754890486
4515,0.04144388012061864
4516,0.1467458631943339
4517,0.8339169863953827
4518,0.04577554688006589
4519,0.17420959165676583
4520,0.2438410621131816
4521,0.007754404347644467
4522,0.01861859169953187
4523,0.8735671169591233
4524,0.024466986679489662
4525,0.10447429262730303
4526,0.021137160524829626
4527,0.44935183837458303
4528,0.6606570474250038
4529,0.035543167843071606
4530,0.10029399730683841
4531,0.079460609782788
4532,0.6316675449894307
4533,0.4372113362161332
4534,0.022753422829247857
4535,0.2586001585284023
4536,0.14069706762104298
4537,0.6693326097633164
4538,0.06501225780708607
4539,0.19431606831088857
4540,0.1674317211038637
4541,0.09972037208503447
4542,0.08046155387667941
4543,0.5049151724283913
4544,0.2536791455442713
4545,0.18059611908225437
4546,0.7978019675282761
4547,0.19585019624231903
4548,0.05545713282055605
4549,0.08902151839416357
4550,0.8258161817810141
4551,0.005945060807464885
4552,0.2006383580826574
4553,0.1449598859238838
4554,0.43632485450727226
4555,0.5689041124622216
4556,0.23711277643743256
4557,0.4893301254014398
4558,0.10326498715407675
4559,0.430336182729993
4560,0.8779695029964755
4561,0.0811763273972215
4562,0.014122061927467051
4563,0.07433045664679597
4564,0.06941184095554315
4565,0.011679751018438973
4566,0.10356506682703132
4567,0.22273921377482375
4568,0.014379601401878534
4569,0.8838958385676056
4570,0.02710522950055597
4571,0.574299728480877
4572,0.05101205205199607
4573,0.22360863727356795
4574,0.017655914857628345
4575,0.41213773055026837
4576,0.3517752039925623
4577,0.5521356029994902
4578,0.23660076803834498
4579,0.022974733399612906
4580,0.3717898726381829
4581,0.13093992123556566
4582,0.5175187448472943
4583,0.19105757888014152
4584,0.07520800491893695
4585,0.3740048432045579
4586,0.3765934143412242
4587,0.14896027537189652
4588,0.03152894427951499
4589,0.5143425783274344
4590,0.22450596660239203
4591,0.27064930057787345
4592,0.8683075752150881
4593,0.014757565444958968
4594,0.07980512943923915
4595,0.2562998969684934
4596,0.20504185503812508
4597,0.010954292510341681
4598,0.33272639202473275
4599,0.8857807694028866
4600,0.4131324310970718
4601,0.047409907670849655
4602,0.6232811454434488
4603,0.6422333169384402
4604,0.5072800225323231
4605,0.0034544106128599392
4606,0.7302308545252771
4607,0.08235127520904202
4608,0.13964463224809118
4609,0.20455450630004457
4610,0.07002917908007293
4611,0.09365342146189604
4612,0.3237875695132473
4613,0.9248399311568312
4614,0.32084896753809383
4615,0.005662735545160101
4616,0.31793861269854795
4617,0.7981124226602506
4618,0.6841578293421727
4619,0.6441751084158296
4620,0.48285176480104514
4621,0.09000430880622412
4622,0.8909406201162259
4623,0.23304724584320835
4624,0.1954413243095941
4625,0.38944266442520287
4626,0.7996661447456469
4627,0.007478508472887685
4628,0.11879838083895296
4629,0.2005485381161766
4630,0.795555865910445
4631,0.0524402257791615
4632,0.069658481253476
4633,0.9216973190967973
4634,0.19315107213959973
4635,0.9656272544175655
4636,0.5818026004747869
4637,0.23889470550522351
4638,0.591572043637339
4639,0.3238134881191987
4640,0.023943815536613768
4641,0.8956780732966486
4642,0.005408813432883733
4643,0.02142591287423382
4644,0.043315195657442705
4645,0.05854572357564781
4646,0.25088150718365476
4647,0.015042243384186714
4648,0.005620827901775587
4649,0.008266026961092802
4650,0.06500850153956712
4651,0.14711719730048836
4652,0.02894363924096915
4653,0.34936017860548585
4654,0.21279692206633138
4655,0.030504414340566513
4656,0.337449368441466
4657,0.5682636956161831
4658,0.0439657147245722
4659,0.0296716740671649
4660,0.015089622957367568
4661,0.9706432606458545
4662,0.35045927872152766
4663,0.5168402073589845
4664,0.005417363128921437
4665,0.2095501089902022
4666,0.05341495681964289
4667,0.8915289247129283
4668,0.28900913035471143
4669,0.10075857077442109
4670,0.053584061375541496
4671,0.14073674975137732
4672,0.11805720636715385
4673,0.03490015484717565
4674,0.318074689113466
4675,0.6606551767814298
4676,0.15007403637613015
4677,0.8484430711639549
4678,0.588806037347915
4679,0.6757761424736342
4680,0.058343954017798676
4681,0.8455173267388298
4682,0.6194638226321139
4683,0.38003791262650877
4684,0.1165910245151262
4685,0.7018087235009483
4686,0.1440631458612875
4687,0.8927729837484921
4688,0.7546120713456484
4689,0.043384294704133644
4690,0.9035252723040731
4691,0.026849293946915268
4692,0.9180673203632786
4693,0.7142149009805683
4694,0.08445778156155712
4695,0.1466163913564196
4696,0.9429071939484871
4697,0.11449934275362973
4698,0.18335000939011187
4699,0.07671068640700468
4700,0.5139047245055366
4701,0.5355529639426302
4702,0.8705917858578941
4703,0.30869597749468874
4704,0.5482873681483558
4705,0.09123962900997844
4706,0.5498490120881643
4707,0.2892349003587049
4708,0.44792959212632927
4709,0.8808222726231166
4710,0.07947705681274729
4711,0.07807576557814884
4712,0.020804200495859983
4713,0.02913986028890087
4714,0.08448543150892818
4715,0.9766836762874158
4716,0.1490800023785767
4717,0.2484581249886141
4718,0.03311834775881709
4719,0.04311853681839716
4720,0.15676015419323722
4721,0.2958319212086811
4722,0.10593851361283511
4723,0.3988657774636795
4724,0.004000258912645422
4725,0.6427007028718388
4726,0.9184224594623446
4727,0.0439949329315213
4728,0.6870249047220016
4729,0.22769911813333643
4730,0.2994396972267716
4731,0.930613197939561
4732,0.04929075124235868
4733,0.004513474648836852
4734,0.005028941312653677
4735,0.1107176715746477
4736,0.9583017722447416
4737,0.033810685343697265
4738,0.8877580388226943
4739,0.16319396362448024
4740,0.08575650344433729
4741,0.023769246750495285
4742,0.2571662431753096
4743,0.8689095646467181
4744,0.9226920615061791
4745,0.08811605635619513
4746,0.5771622397519725
4747,0.26627531771050195
4748,0.0051407030685783105
4749,0.22391403391248269
4750,0.8184098724538267
4751,0.5064925434767272
4752,0.14609519367440127
4753,0.05942374417466544
4754,0.4592819090311649
4755,0.014868631573724188
4756,0.9286962747855378
4757,0.6036491399113963
4758,0.4072756249583061
4759,0.19456723573624052
4760,0.16082169407164454
4761,0.4343600276282589
4762,0.08879486581657836
4763,0.04630496781027591
4764,0.0500707207678149
4765,0.27850314138993665
4766,0.2651081966407871
4767,0.11456089289157469
4768,0.2092005688703361
4769,0.6830826289826085
4770,0.7520133302494665
4771,0.3060049877147243
4772,0.1353188408057578
4773,0.9127975036622922
4774,0.07421670073349652
4775,0.019558467978017063
4776,0.3572186239807069
4777,0.16614929966134065
4778,0.035668371291954055
4779,0.015338386841529182
4780,0.28531190069864765
4781,0.19544329122915435
4782,0.3962367429042889
4783,0.16406641935523822
4784,0.05326755759429586
4785,0.24740679498620988
4786,0.049195705752979865
4787,0.07495441614748029
4788,0.10702703443721212
4789,0.528608459742632
4790,0.2253098878043307
4791,0.19735443520264784
4792,0.2756557402732022
4793,0.22391403391248269
4794,0.7866002193225053
4795,0.03765182571832563
4796,0.8344002732282042
4797,0.44053533284057733
4798,0.755098707868344
4799,0.6873942258832457
4800,0.29046349181827713
4801,0.12644764215722132
4802,0.23527539289654695
4803,0.8994968663921764
4804,0.40768738934513005
4805,0.1628371803308221
4806,0.40921700630188107
4807,0.9686831968165491
4808,0.7852992756066584
4809,0.3285775904992372
4810,0.018226423645820927
4811,0.0028994906862313883
4812,0.11315949426696344
4813,0.5963295381246557
4814,0.29874810940395574
4815,0.04005199581046543
4816,0.662266138673618
4817,0.11689435604566789
4818,0.12970573521428164
4819,0.00809900826724552
4820,0.8888138830639747
4821,0.27787252663760575
4822,0.3147402193642002
4823,0.01439441797821214
4824,0.05557558870559379
4825,0.054910513251512465
4826,0.532648083403371
4827,0.21954613802454637
4828,0.03969310694592904
4829,0.0232601251257712
4830,0.77175551560071
4831,0.04647810541145749
4832,0.8873490716644074
4833,0.26762522500949776
4834,0.01668652220334754
4835,0.014296057152763901
4836,0.7232264252928532
4837,0.2927929657240046
4838,0.1895433231995306
4839,0.46254273791643086
4840,0.8927435119667136
4841,0.05624285575203435
4842,0.18206026885312449
4843,0.7564669758506684
4844,0.2241199335718394
4845,0.03162237484718876
4846,0.4063662155744537
4847,0.004839380074480369
4848,0.11415770192769095
4849,0.4445284681570314
4850,0.41809953508046654
4851,0.0033126099339239046
4852,0.544363319362402
4853,0.011614784953160527
4854,0.5924079682870589
4855,0.09414370644157086
4856,0.709650134589741
4857,0.9579308890833219
4858,0.02683576618202962
4859,0.1020853029385636
4860,0.6015296857899236
4861,0.5109778326032033
4862,0.24280921953842918
4863,0.4038690527949609
4864,0.9266517425842314
4865,0.5556769309557683
4866,0.04731466005015431
4867,0.004899051947655262
4868,0.5648181828613885
4869,0.3798202908613863
4870,0.6844905901711621
4871,0.06769910615037475
4872,0.12384138940989495
4873,0.336584336394386
4874,0.9280183770822666
4875,0.8727810660205418
4876,0.35380441841382654
4877,0.05946594943220185
4878,0.9512242171800807
4879,0.47893745665478726
4880,0.044804828546034445
4881,0.012928183198142904
4882,0.4108752628709851
4883,0.2929811358909345
4884,0.314466333744639
4885,0.025566458345543656
4886,0.05982119584768509
4887,0.14739196880543687
4888,0.06753102737244215
4889,0.07111037538708458
4890,0.8797100441583471
4891,0.35484614061223124
4892,0.9317445374839123
4893,0.1873700276263465
4894,0.10651130180678008
4895,0.9119534310853313
4896,0.23158706191434197
4897,0.17338500858797337
4898,0.1648506845071051
4899,0.9092825833072944
4900,0.020610749472004468
4901,0.01213595247584364
4902,0.03003397609358613
4903,0.932849196632832
4904,0.8209122821384384
4905,0.41265358305416094
4906,0.053207382504169724
4907,0.22880455871200034
4908,0.017978140663235227
4909,0.09255753647761436
4910,0.27091982147723276
4911,0.011831277929723848
4912,0.07301333458656313
4913,0.7858833286034531
4914,0.5874167968597859
4915,0.08552293430456846
4916,0.9342970190248521
4917,0.1088402670293724
4918,0.10570856151350021
4919,0.1218938634925975
4920,0.14761577806862766
4921,0.11118820557136054
4922,0.08183309281065375
4923,0.6339802009676273
4924,0.40200689043219434
4925,0.8394380110047188
4926,0.045536888295981896
4927,0.07364737241290116
4928,0.006840793240157022
4929,0.04516226965893351
4930,0.05946594943220185
4931,0.032580910573562785
4932,0.0208294059732802
4933,0.09183385363181595
4934,0.4241129412446244
4935,0.025446673322658236
4936,0.22738033316740622
4937,0.2552927753769702
4938,0.9079045626411776
4939,0.010381651310691383
4940,0.16011717060569158
4941,0.08496854762834034
4942,0.25124405066854083
4943,0.7224455057640816
4944,0.8883623777736758
4945,0.25085178856506063
4946,0.041910941398167575
4947,0.29656563595840263
4948,0.5904047275856524
4949,0.08005114797625744
4950,0.011823725209626363
4951,0.3319626006997351
4952,0.032594724199263535
4953,0.004562719791975176
4954,0.09999774506518805
4955,0.248654395122721
4956,0.9248079756888616
4957,0.06982210641014297
4958,0.39963750736273074
4959,0.5698902239180896
4960,0.06443049773194315
4961,0.06487789157362325
4962,0.6281938824210456
4963,0.06267274317362133
4964,0.7524852336000493
4965,0.002530368540713513
4966,0.3252301052602853
4967,0.08835466606861228
4968,0.46551949218698235
4969,0.248241155149119
4970,0.10648526952544089
4971,0.08086724914524138
4972,0.39687049360178045
4973,0.0556999736278706
4974,0.009709205255331517
4975,0.8696896204324749
4976,0.053421301481690976
4977,0.01028820382856459
4978,0.295942403841489
4979,0.5390796774513162
4980,0.9544626142748461
4981,0.6183257044414261
4982,0.12267672658328106
4983,0.031954911314970316
4984,0.3161974134371185
4985,0.7352197894072598
4986,0.29336568461786
4987,0.5723683982111297
4988,0.6795280153288554
4989,0.034863547273626595
4990,0.22005190954677925
4991,0.3244505518677343
4992,0.14438282659778165
4993,0.12500247934920972
4994,0.31874815494276504
4995,0.04254673830873277
4996,0.3714518830780385
4997,0.010394953404437714
4998,0.6159935290847124
4999,0.15892344405487063
5000,0.5508288889431159
5001,0.22649465852045936
5002,0.25609291193629596
5003,0.19947954093285203
5004,0.011486127057122625
5005,0.6596976255731749
5006,0.0433040241247941
5007,0.8255785725850089
5008,0.929677906321783
5009,0.9564402657208595
5010,0.1303778771609009
5011,0.29740894804464413
5012,0.12438656160089866
5013,0.8457153946111368
5014,0.19009026821955535
5015,0.5377791995268434
5016,0.02129476004969917
5017,0.0059127223252626645
5018,0.2615183292363367
5019,0.49912094057952083
5020,0.1053028783984262
5021,0.3144645272441142
5022,0.3287247148239053
5023,0.5981759217803407
5024,0.01848238161125533
5025,0.010756408281824687
5026,0.0037698815956363333
5027,0.011527564003027756
5028,0.02254811239178743
5029,0.29175003544805145
5030,0.44911581264939654
5031,0.136926684621517
5032,0.19089509438507707
5033,0.005094030817085341
5034,0.001897484421903123
5035,0.4759375448608242
5036,0.08868330031063988
5037,0.3042918614192426
5038,0.04140098558415608
5039,0.012248980829091495
5040,0.8656016560236639
5041,0.4409264643215133
5042,0.00982202294921087
5043,0.08661147514809844
5044,0.37086043352464604
5045,0.11665329606602087
5046,0.26063207836999086
5047,0.27946546965840025
5048,0.8916106939587747
5049,0.005374492562586903
5050,0.18773166616565434
5051,0.010823749418142225
5052,0.2574019568217656
5053,0.680397322337342
5054,0.00392927267335674
5055,0.40058054279575284
5056,0.2507543522777397
5057,0.02561614024616636
5058,0.013087135645837598
5059,0.05152509174862354
5060,0.006772925943968074
5061,0.07702541792818075
5062,0.010869972024497075
5063,0.007654816917366136
5064,0.13110949513433248
5065,0.10265134084080609
5066,0.0662269943262459
5067,0.03937025450783463
5068,0.02134796269869238
5069,0.7799238211958059
5070,0.22017649681231982
5071,0.8367178883055622
5072,0.4772779486039766
5073,0.21878579279905208
5074,0.7757147388662518
5075,0.009550270719617289
5076,0.10539033708176272
5077,0.013992614420870159
5078,0.07635696767056367
5079,0.018356383412813992
5080,0.049039297728490576
5081,0.9462675717731892
5082,0.043537328540544734
5083,0.2856605051489787
5084,0.2121741264898954
5085,0.23684851867829754
5086,0.7991170556023993
5087,0.9544993087002847
5088,0.040276112090700554
5089,0.2065845932273157
5090,0.5123014429175451
5091,0.5656060725158817
5092,0.7854974848284618
5093,0.4102086212953817
5094,0.07754307647184175
5095,0.14446383409816013
5096,0.08143259792161693
5097,0.6211639760731391
5098,0.2430328023398871
5099,0.03818101400633934
5100,0.3490445025747009
5101,0.1595845760423569
5102,0.04940630343281533
5103,0.7307180563752733
5104,0.38667183387089893
5105,0.48800771160550194
5106,0.01658006083659333
5107,0.3382953699266397
5108,0.7079670794860153
5109,0.977155579206398
5110,0.020141939960416598
5111,0.9045720543179573
5112,0.4824044710041127
5113,0.02837964954353504
5114,0.03540340461313713
5115,0.28458594853817265
5116,0.1918053223723798
5117,0.023473208728919566
5118,0.11702324704821451
5119,0.19313448841356548
5120,0.015323122067982552
5121,0.21916200834922364
5122,0.49448469250409327
5123,0.8138917087460128
5124,0.254354183590712
5125,0.7026078018405729
5126,0.7382036477563706
5127,0.14193176875452596
5128,0.06711866872215239
5129,0.7975057351575614
5130,0.059138203794462045
5131,0.20506698130716924
5132,0.0421654642726401
5133,0.5939195397730337
5134,0.3786975064678771
5135,0.04950293098320413
5136,0.48349998557536644
5137,0.0050855708342303855
5138,0.007488428824529157
5139,0.07039951379054961
5140,0.1118841756421012
5141,0.050101678036356775
5142,0.05428652575318366
5143,0.1090984570993276
5144,0.26574085753630344
5145,0.1023562730985824
5146,0.10510732248512734
5147,0.06758358034940751
5148,0.06481039744253161
5149,0.10508625271024961
5150,0.589223006332096
5151,0.800407665211226
5152,0.2685360428512883
5153,0.9244962888981805
5154,0.4130433990931771
5155,0.08985932046156754
5156,0.10479185720284266
5157,0.020008716590956988
5158,0.4129074993461641
5159,0.03270489014867909
5160,0.499753637605693
5161,0.17054947760121517
5162,0.22367643756920313
5163,0.020046751593070258
5164,0.4765107272578006
5165,0.6441774182185747
5166,0.4453930209220881
5167,0.05591773740321531
5168,0.41730795948504773
5169,0.24804798679994972
5170,0.14514524531863238
5171,0.08022129421249367
5172,0.8394189473217859
5173,0.8912155306705608
5174,0.1429369840409858
5175,0.04290321425464981
5176,0.05311827386592591
5177,0.9323188968884787
5178,0.3147504591190062
5179,0.010976809545682354
5180,0.17840624126235008
5181,0.2509341306598043
5182,0.9084246571269613
5183,0.039785288379337876
5184,0.11107200594924757
5185,0.8308360937895592
5186,0.2409344386906301
5187,0.668308461404073
5188,0.47920169876610663
5189,0.9303528355514848
5190,0.6913462222617272
5191,0.04806258848803556
5192,0.31026017129790684
5193,0.07492801108226345
5194,0.9052544608122255
5195,0.4791019183873201
5196,0.5573801813477128
5197,0.10664217779573087
5198,0.1968044216553768
5199,0.026404046226669958
5200,0.015683707435987786
5201,0.2101587869226083
5202,0.004365567001190965
5203,0.1980201750719376
5204,0.38731735830905584
5205,0.12264245815294922
5206,0.10005473683457444
5207,0.7265690225390347
5208,0.10594241634376557
5209,0.009857186960100019
5210,0.2805878920467431
5211,0.245864214302742
5212,0.4559589005300416
5213,0.16277580221498317
5214,0.049707484174713934
5215,0.0368683508826661
5216,0.2028347362007104
5217,0.05020931932535734
5218,0.06682032839779498
5219,0.0016197517369369676
5220,0.01627415453289402
5221,0.032877551187773364
5222,0.7602162377485281
5223,0.08360280704092679
5224,0.2472860366235853
5225,0.10364850159350376
5226,0.02575471687639599
5227,0.8475397927388153
5228,0.6926485399323179
5229,0.2791461940780106
5230,0.5459534029093281
5231,0.25378321662493325
5232,0.06367305558971868
5233,0.853406774519802
5234,0.02870484572772844
5235,0.04281598395449774
5236,0.1151651343068547
5237,0.9227325104815604
5238,0.31516329666966764
5239,0.08346222715676306
5240,0.09201459725653706
5241,0.11951273677512093
5242,0.003909126028316168
5243,0.9580247231574481
5244,0.3603449866856083
5245,0.19074080876648922
5246,0.9682590182495551
5247,0.3089707899433998
5248,0.16249247775342118
5249,0.11313214807162267
5250,0.10037705083369106
5251,0.011524553435897337
5252,0.01443215050088084
5253,0.258783867494755
5254,0.8472746783490086
5255,0.9490002492740142
5256,0.8838872968656767
5257,0.01601166786075699
5258,0.24914221987686203
5259,0.1187495413399697
5260,0.7539247147139407
5261,0.3336400903733211
5262,0.35664555635921585
5263,0.8933863643880225
5264,0.19289512912570594
5265,0.005140729000546058
5266,0.7624085752486881
5267,0.7489943734440391
5268,0.5513404081926394
5269,0.10633512960831251
5270,0.8254705292440483
5271,0.23908132557170939
5272,0.240385430944373
5273,0.5017321479958327
5274,0.3106996890285628
5275,0.10389553302796868
5276,0.01837348315685836
5277,0.8412331837936975
5278,0.17123053104365432
5279,0.034723867573716045
5280,0.16341651431650386
5281,0.022117800435420883
5282,0.9316138254432668
5283,0.05045636005546907
5284,0.6608709234569087
5285,0.06224524042936247
5286,0.6507446968563569
5287,0.01669838887060532
5288,0.4663312971179198
5289,0.007472496910637154
5290,0.6219174120995733
5291,0.0042249797372032605
5292,0.7175523715624975
5293,0.3880884152816116
5294,0.8098380367924147
5295,0.09556514296881488
5296,0.02078418923181339
5297,0.9106324506444011
5298,0.39612507514052697
5299,0.29904315065370535
5300,0.05851391335142638
5301,0.05265177869065145
5302,0.004187994635282479
5303,0.3206045277635239
5304,0.0351257958616146
5305,0.0964186558503066
5306,0.36527735517936594
5307,0.022769513336770752
5308,0.22782553186742305
5309,0.8001004294022102
5310,0.18324187489299473
5311,0.593748219592604
5312,0.7297389859829191
5313,0.3726402257887126
5314,0.12243500732176503
5315,0.0884891897923003
5316,0.8095286822207383
5317,0.15159636152879466
5318,0.027192482200572146
5319,0.0037349519788350306
5320,0.1322050655335096
5321,0.8837136771566512
5322,0.04397769199218456
5323,0.24300847785315371
5324,0.2401438791523878
5325,0.5171546865779966
5326,0.053536770826794804
5327,0.050450402886140215
5328,0.0117158953946011
5329,0.4326950855124293
5330,0.9186659725200146
5331,0.29432665766511257
5332,0.012291972641174485
5333,0.7654222590326487
5334,0.13077733317051246
5335,0.12572678176102028
5336,0.0661441711241669
5337,0.10481662575355886
5338,0.11264458526475012
5339,0.025381973945899874
5340,0.002680451490595989
5341,0.11480487547933556
5342,0.31201749181256183
5343,0.36132332882776846
5344,0.7212404159920952
5345,0.017032206058622337
5346,0.009328099491127279
5347,0.3870798566648007
5348,0.6450807048972096
5349,0.10432227504039325
5350,0.310067979871047
5351,0.12794578651410404
5352,0.3499892967748856
5353,0.02192584374148457
5354,0.023728378772998687
5355,0.11331519727668518
5356,0.5786140985313105
5357,0.27569029847217474
5358,0.07882007852549633
5359,0.11395001922632673
5360,0.037979275193103894
5361,0.009030373206423605
5362,0.029372553394346305
5363,0.6015351126395783
5364,0.10696521446946149
5365,0.552767299960146
5366,0.8190104584934106
5367,0.9637714503027183
5368,0.6723668047954273
5369,0.8981843235448065
5370,0.09066616159417454
5371,0.14711384257582694
5372,0.274489480611024
5373,0.07578365931820737
5374,0.03142425073694087
5375,0.22784777779728915
5376,0.8374178957936091
5377,0.2955698190813923
5378,0.11592647523960202
5379,0.965609553258653
5380,0.01737908163999589
5381,0.05458606049021519
5382,0.008181258066658448
5383,0.24078094542919076
5384,0.03270489014867909
5385,0.20571372620753497
5386,0.059707609131202585
5387,0.17177572175299405
5388,0.4066418506820312
5389,0.9210821824565915
5390,0.010349840399159566
5391,0.050781018488104256
5392,0.8072213506032035
5393,0.6995224383407067
5394,0.006478507913697331
5395,0.11187182685835706
5396,0.17198964414224235
5397,0.1788214525255602
5398,0.8894126851235569
5399,0.007404880049461174
5400,0.1513754281698954
5401,0.010739775459130104
5402,0.595153548378825
5403,0.13177887215896847
5404,0.19875469240100116
5405,0.2181343874139837
5406,0.006230668858427203
5407,0.04536188364786715
5408,0.4350709032316426
5409,0.6956587978130487
5410,0.014603373594678793
5411,0.5888334835516662
5412,0.36579168738984924
5413,0.07242377809315567
5414,0.42047183534218435
5415,0.9739232606100325
5416,0.08310982377217577
5417,0.1478608539683015
5418,0.19657097213282085
5419,0.8543464641079325
5420,0.5477672333631087
5421,0.5274900391952405
5422,0.7830978516697887
5423,0.07730183167670311
5424,0.029075850483979537
5425,0.09037267477648962
5426,0.08395585819308342
5427,0.5068096720039141
5428,0.46268475911328444
5429,0.24423525577718175
5430,0.8345679123691322
5431,0.9016027375711094
5432,0.02290779635863806
5433,0.9622461347503698
5434,0.9133752210802527
5435,0.5356582192680495
5436,0.604016250227055
5437,0.12825920936831844
5438,0.38952627388826894
5439,0.3084094500986097
5440,0.006162052219433876
5441,0.164783883663552
5442,0.7623831095202859
5443,0.1579974808329262
5444,0.032734952726831974
5445,0.03056920087363569
5446,0.1469000343985534
5447,0.04075791884261969
5448,0.9253953126697041
5449,0.6588527937694972
5450,0.34830623208087397
5451,0.10347802185688688
5452,0.8291156673807237
5453,0.020298691220798838
5454,0.06782064742705055
5455,0.5602113334943146
5456,0.2479240924602499
5457,0.006563738604453976
5458,0.5100520103723745
5459,0.933399173014111
5460,0.11803863219922849
5461,0.03613165844370244
5462,0.36387622846352596
5463,0.05675731861211614
5464,0.1323785756227737
5465,0.887825278049049
5466,0.2971550616131019
5467,0.7167754898532847
5468,0.20181984976234307
5469,0.5013049540204693
5470,0.02267439938836432
5471,0.8787616276815952
5472,0.8588281220145869
5473,0.6681619686206376
5474,0.9071498425563863
5475,0.04004731476401393
5476,0.10303840835163476
5477,0.003936129853630685
5478,0.4581189863782278
5479,0.01233630825326957
5480,0.1276692423594466
5481,0.9152336746059021
5482,0.1500716983142296
5483,0.9342710849685362
5484,0.12998740725130212
5485,0.8913772551959855
5486,0.1789706492306005
5487,0.12329358066539038
5488,0.09147456852339729
5489,0.128357278596964
5490,0.8123490656341477
5491,0.19342743155457154
5492,0.077723414354635
5493,0.16495018120197028
5494,0.14168353666356268
5495,0.1463331011942402
5496,0.08102555705356061
5497,0.21397748160854904
5498,0.12361362190590536
5499,0.1969957648971436
5500,0.4148312859321334
5501,0.13863807599037273
5502,0.52292332529807
5503,0.7187516241301655
5504,0.3145310632600951
5505,0.41564693347203985
5506,0.055928846581040435
5507,0.917808519235023
5508,0.034560398386862604
5509,0.1208345133945569
5510,0.4321920122129553
5511,0.22345358739206336
5512,0.040444888410768376
5513,0.1801104111138572
5514,0.7014957547055627
5515,0.03379838877578139
5516,0.008791695570128107
5517,0.01655094459858707
5518,0.01120995445297645
5519,0.053598661130464915
5520,0.0653210668718867
5521,0.004190161923203437
5522,0.9107859388667631
5523,0.2608073259080664
5524,0.09526667955831168
5525,0.005648934518714766
5526,0.00403283261229637
5527,0.957491007192711
5528,0.013901800758679916
5529,0.11428702664620558
5530,0.030365138954840946
5531,0.07456600051464977
5532,0.2865347112436684
5533,0.0072982359152322035
5534,0.6459828124879627
5535,0.016973712812366468
5536,0.09574512081723885
5537,0.6899173509813494
5538,0.0133236411590264
5539,0.05397020790120903
5540,0.012333202279662402
5541,0.010992282407948093
5542,0.008738372468240701
5543,0.06738016568009614
5544,0.1422047545358192
5545,0.08956554233423869
5546,0.9379963055949666
5547,0.9687014521280854
5548,0.0543140689307343
5549,0.1049981159052058
5550,0.8906077698166447
5551,0.802867787236821
5552,0.1002378126486133
5553,0.004708673671076143
5554,0.014700415365464235
5555,0.38282447553214183
5556,0.163049418293283
5557,0.7241462090599428
5558,0.05690015930528455
5559,0.07690827507628578
5560,0.6439044416480945
5561,0.2753741484175827
5562,0.5692825971246179
5563,0.8558669315998556
5564,0.2842023881096944
5565,0.4713668850986056
5566,0.06307081508335043
5567,0.8703409982944328
5568,0.6659991627415677
5569,0.8665313702724368
5570,0.08092635266153031
5571,0.05769845706835297
5572,0.11386903603280117
5573,0.946464772817139
5574,0.7548536517415195
5575,0.7697335824910363
5576,0.11779418733044965
5577,0.047164277803945644
5578,0.7715338591361162
5579,0.17433710677434822
5580,0.03619462945360825
5581,0.00591985626820827
5582,0.10006182556899654
5583,0.07847278613048166
5584,0.6874983876497814
5585,0.004502145614574719
5586,0.0925840976685819
5587,0.09861582168331094
5588,0.00594717292031785
5589,0.32010262699969977
5590,0.749737820310024
5591,0.13408334161609048
5592,0.03170568411423791
5593,0.6213761021760006
5594,0.039907076946123395
5595,0.6082075011277501
5596,0.7339009810233582
5597,0.013925839490256558
5598,0.04938868271400205
5599,0.7835125910822068
5600,0.9352443450098192
5601,0.02734372226976388
5602,0.6448526835830158
5603,0.024030761751637538
5604,0.9240469336540756
5605,0.08410167610095043
5606,0.13629439895791828
5607,0.4951546282685016
5608,0.7816832165365598
5609,0.02566953298266034
5610,0.7122575315161954
5611,0.3312035626877673
5612,0.8365197857804064
5613,0.030292791358209448
5614,0.11461664923049443
5615,0.371644470990521
5616,0.08385087127395709
5617,0.35645500782745626
5618,0.3653963813923642
5619,0.8308546301730189
5620,0.11336761348164066
5621,0.02201951517937287
5622,0.02938103268755333
5623,0.513744786667223
5624,0.668993850661963
5625,0.5759168316374744
5626,0.950517718038206
5627,0.1302692131275308
5628,0.8052660862623656
5629,0.018601281447299486
5630,0.06593956128731988
5631,0.026100910258878007
5632,0.21544767364545156
5633,0.07935080405059239
5634,0.12564674752872695
5635,0.00420745979317929
5636,0.6342496615114387
5637,0.017005150933271436
5638,0.0025490850438897664
5639,0.8857630371421321
5640,0.15973992750634158
5641,0.04330135642999586
5642,0.304347782037028
5643,0.8402700216319536
5644,0.1831293413252098
5645,0.19574006693552654
5646,0.561040788519525
5647,0.08089373224738247
5648,0.012074634243889987
5649,0.06312852432162126
5650,0.11471243973699702
5651,0.8129342563281751
5652,0.14150979244583042
5653,0.8535309138115542
5654,0.10038881204332774
5655,0.042079375754890486
5656,0.40542522356401933
5657,0.02254977924683343
5658,0.01620840056294851
5659,0.9272776205542734
5660,0.4578796820065096
5661,0.649202061427039
5662,0.27195786166341873
5663,0.09508628429421116
5664,0.3271965404682647
5665,0.06819429826358521
5666,0.02844035640569612
5667,0.970563675322735
5668,0.8479671136675961
5669,0.6069400809954152
5670,0.26699550592638044
5671,0.31624579060072405
5672,0.21873354124321917
5673,0.23624153842743142
5674,0.0037361218205369004
5675,0.04176004725278447
5676,0.008057184009517932
5677,0.3937545361370231
5678,0.43015665352977467
5679,0.7746520051989902
5680,0.8426013739670608
5681,0.0582618655672761
5682,0.5348788642681269
5683,0.1582942167366203
5684,0.4658634774224259
5685,0.06655672162774405
5686,0.8211872396718247
5687,0.20428127405353252
5688,0.09514935310712509
5689,0.7761435190925833
5690,0.29311252644009383
5691,0.3192747652688389
5692,0.003953561416924394
5693,0.33683584377338066
5694,0.2009552264376992
5695,0.8642095845412184
5696,0.007507829443524408
5697,0.5598751947438476
5698,0.4641549481212252
5699,0.19968903709353825
5700,0.05298063734193809
5701,0.932119568520382
5702,0.1564456971523849
5703,0.1439894735481982
5704,0.044187722690020484
5705,0.008267919330159468
5706,0.14849621247063527
5707,0.008733035692365871
5708,0.3071109305373119
5709,0.009181112773616232
5710,0.3846008959592803
5711,0.4042605308998424
5712,0.4084160616691109
5713,0.5545954200600463
5714,0.625563308291789
5715,0.34572796692941804
5716,0.9269236534021765
5717,0.19815856160514686
5718,0.2784951100312056
5719,0.8116474967354667
5720,0.2820126781421496
5721,0.054538580778069126
5722,0.29233695045490327
5723,0.008397271849708956
5724,0.13795473426164878
5725,0.018263068360492685
5726,0.14185079894521085
5727,0.04576928509883637
5728,0.32441660123055027
5729,0.2555467897271634
5730,0.09494337702283848
5731,0.23572904611924686
5732,0.46612205190621436
5733,0.11185362309997485
5734,0.534373148285592
5735,0.10279178790355414
5736,0.30185953413778305
5737,0.3068725320306455
5738,0.2092784732243563
5739,0.22536216805550682
5740,0.19680689904842508
5741,0.23952336879008318
5742,0.6403225133937135
5743,0.005422663155789705
5744,0.11672438377522804
5745,0.11971717541208116
5746,0.0034878975257736553
5747,0.039496110049756575
5748,0.42573570784257214
5749,0.8405137164242169
5750,0.23981727305636485
5751,0.009896011903396805
5752,0.10745755952912597
5753,0.339503105619022
5754,0.01668177792354428
5755,0.0729339804493696
5756,0.6714134399674109
5757,0.006711334070563372
5758,0.32201401584066436
5759,0.02142264898200614
5760,0.49756906510450544
5761,0.10933989412225029
5762,0.6174900704428568
5763,0.01227149903983304
5764,0.10624011074528954
5765,0.02504654985224308
5766,0.08387279801523674
5767,0.15768230342205763
5768,0.09495172429302369
5769,0.04006829979220203
5770,0.07735640654268366
5771,0.009511539970018726
5772,0.013804052135570297
5773,0.018291856275677122
5774,0.8197367728581024
5775,0.5593715437625042
5776,0.6699261392991712
5777,0.45650085952173486
5778,0.4052604813873899
5779,0.21852487862323966
5780,0.13270697621692013
5781,0.13394527484967012
5782,0.23581436813623494
5783,0.0030508901855680393
5784,0.041531166702962585
5785,0.030512617395924833
5786,0.15538371558281328
5787,0.5798078739306238
5788,0.08782433199219553
5789,0.06331740597206831
5790,0.4261277584067242
5791,0.1576479897284006
5792,0.2731198121759667
5793,0.1122086856162599
5794,0.864975756602223
5795,0.42850861988960487
5796,0.07299952117791224
5797,0.26250997730448833
5798,0.02508257443839244
5799,0.003874603351455954
5800,0.029257609746033583
5801,0.32310767999102713
5802,0.07833752055576798
5803,0.0034876839466505163
5804,0.012794927295398374
5805,0.05111305415829659
5806,0.2037093442251825
5807,0.1876076215041457
5808,0.8847911737804994
5809,0.6391377120940185
5810,0.032105581541693545
5811,0.8822334252968689
5812,0.9461358570305048
5813,0.8502404925256699
5814,0.9221267677809832
5815,0.45762654677470443
5816,0.8909541201396712
5817,0.02501571110499908
5818,0.15684946527442617
5819,0.5752989915425398
5820,0.033874856350758015
5821,0.03439132626441666
5822,0.2307383505279988
5823,0.730318832970798
5824,0.174289748434165
5825,0.9190395691723827
5826,0.2782056661281914
5827,0.9221765135100478
5828,0.021635105672519972
5829,0.9650068832737826
5830,0.07126249106597661
5831,0.004493838636138443
5832,0.7794505064899709
5833,0.2175768360894563
5834,0.4835102229430458
5835,0.5226836694803557
5836,0.4805835087628485
5837,0.7458037116944685
5838,0.4713928884385601
5839,0.05509480804737487
5840,0.3893097010015535
5841,0.9635633796095175
5842,0.3499722139909065
5843,0.497071532012751
5844,0.9029900516525028
5845,0.2728289388611396
5846,0.09147732118517471
5847,0.003241669059921512
5848,0.1587030977342905
5849,0.5152936605395283
5850,0.888725844280366
5851,0.09603870453286437
5852,0.6728984850187933
5853,0.5078944029234382
5854,0.6664026928219943
5855,0.6693376558251809
5856,0.008576426275385983
5857,0.2242537782996709
5858,0.3659463761559003
5859,0.2153989870449422
5860,0.2208555961020552
5861,0.6078059877846352
5862,0.7764514020865134
5863,0.08276417592860649
5864,0.19614136962760145
5865,0.9446656596748919
5866,0.02008828330770802
5867,0.1930443130907986
5868,0.4451934188971798
5869,0.19322811897786937
5870,0.2927799943544293
5871,0.06037239817681878
5872,0.9256482856452457
5873,0.16581527722579695
5874,0.9750554537140783
5875,0.002229921550379792
5876,0.24280158964532322
5877,0.033827454862770105
5878,0.7727013853070972
5879,0.06745961755236655
5880,0.9348609347051116
5881,0.023401767269936806
5882,0.015319596480401022
5883,0.3209290363954726
5884,0.3699579617430523
5885,0.4662775733901593
5886,0.31550449920802226
5887,0.10097789250443821
5888,0.22990112289721384
5889,0.1937966415117147
5890,0.21782790931212395
5891,0.4210018412430683
5892,0.012192282592203722
5893,0.8005653106335896
5894,0.059002237661972844
5895,0.4748843058621871
5896,0.22782648358498814
5897,0.009077861085447763
5898,0.9834420060187017
5899,0.5906891455321793
5900,0.07710268909355857
5901,0.09624496571241598
5902,0.16802032351437068
5903,0.08957290204331161
5904,0.12064333093281396
5905,0.021082282564293477
5906,0.42116046631638665
5907,0.587215879023164
5908,0.7127696947766888
5909,0.6630395792734495
5910,0.1409645235413938
5911,0.09083828019802385
5912,0.7818760056351726
5913,0.6122414052227783
5914,0.1818890097384943
5915,0.10697621066635782
5916,0.0812113177364634
5917,0.0810655879765973
5918,0.22490548135408966
5919,0.8938068672481401
5920,0.9240876442493232
5921,0.025013996170929195
5922,0.9588050652810269
5923,0.8894944172843893
5924,0.5280438393307115
5925,0.8232465678322186
5926,0.05592796010004971
5927,0.3876826780005235
5928,0.017165747301515523
5929,0.8033938839804461
5930,0.25274380727699003
5931,0.2396489071881642
5932,0.1278229600750992
5933,0.07403999155627998
5934,0.27771863394939195
5935,0.02357735816055466
5936,0.34184070116458243
5937,0.024905236386534572
5938,0.3538258054966976
5939,0.4618850406174966
5940,0.9431538816440938
5941,0.313583061532113
5942,0.052231152797175544
5943,0.23963052766588722
5944,0.31012628078927496
5945,0.1424794840802164
5946,0.7766072028906372
5947,0.05311013974909894
5948,0.019137931273029256
5949,0.03638145005448214
5950,0.7287754498943978
5951,0.7798873316500474
5952,0.16352784424782904
5953,0.601804434285431
5954,0.126417074349783
5955,0.0856291354722848
5956,0.9126172463076145
5957,0.006067490034398173
5958,0.8144988231462518
5959,0.5965607710207383
5960,0.13469544017683968
5961,0.8981638718353387
5962,0.50480535959593
5963,0.028373591409112456
5964,0.11000139910924378
5965,0.30663872133773823
5966,0.7955675454284264
5967,0.2158517452695087
5968,0.04512329497424904
5969,0.14910151368023974
5970,0.04654680529657366
5971,0.04174338936433871
5972,0.22355010581755877
5973,0.0697807297606266
5974,0.8259636718236459
5975,0.012028828682911406
5976,0.06478364180678767
5977,0.9490274486224128
5978,0.05181988821984976
5979,0.056953875555019816
5980,0.7705450262350902
5981,0.7608926243183283
5982,0.5956785948348552
5983,0.09932843891025583
5984,0.013974094726085736
5985,0.4031035896519414
5986,0.3819407987818298
5987,0.1288713484393055
5988,0.926672749496819
5989,0.1169339847021549
5990,0.8870612897351191
5991,0.06253973541697364
5992,0.01106214964641928
5993,0.2566893043261409
5994,0.851850724100073
5995,0.052407884588002114
5996,0.28037268517463276
5997,0.10972654056868643
5998,0.37426463779045555
5999,0.3088425644639581
6000,0.8810555658713077
6001,0.15948765283320668
6002,0.7990756917220087
6003,0.5063128782857953
6004,0.13387853923643822
6005,0.08332802871208508
6006,0.09691782592691597
6007,0.05518497702314949
6008,0.17186981622338254
6009,0.7265505763259353
6010,0.8505172402663895
6011,0.8804093855109147
6012,0.03084737732178496
6013,0.7047089019389677
6014,0.1182936386781173
6015,0.015138451585794856
6016,0.20554989515031777
6017,0.6743523162560805
6018,0.10167483398920064
6019,0.7238551754916208
6020,0.48001583777780665
6021,0.2216422229481007
6022,0.9485936696548899
6023,0.5511448144570534
6024,0.0035571411804176324
6025,0.5849598915608911
6026,0.2887890313857319
6027,0.14363497470881498
6028,0.6222324434756908
6029,0.1428324196483694
6030,0.8410210258790959
6031,0.14470847224971867
6032,0.12009137629835764
6033,0.028719811229850484
6034,0.13685543469174447
6035,0.9365566356443542
6036,0.6401237510683296
6037,0.26706053450725115
6038,0.28958954171044377
6039,0.011650777044391875
6040,0.1274319962823059
6041,0.7627702969101043
6042,0.06750629161555638
6043,0.6466826075240585
6044,0.4477695814021993
6045,0.0677065678139302
6046,0.004179319713808353
6047,0.04409791082153897
6048,0.9001687060891517
6049,0.7726623560431465
6050,0.00874604662808255
6051,0.0033788263881843372
6052,0.02508253081290075
6053,0.008995579944485174
6054,0.1297580713553513
6055,0.08381677315646888
6056,0.010892641463154856
6057,0.8733277479838071
6058,0.14974398762684488
6059,0.1197507112054975
6060,0.9570958005408847
6061,0.1251954074766281
6062,0.019927139744880747
6063,0.35512497535730303
6064,0.5033616578898601
6065,0.008399277889808935
6066,0.013359120908537962
6067,0.013308460486523158
6068,0.12771512410729596
6069,0.11936768902235737
6070,0.11394593389813622
6071,0.20046862630357445
6072,0.48861681837572896
6073,0.22540824688540975
6074,0.34539450947910255
6075,0.37095152794005476
6076,0.5130061324881714
6077,0.16538190699440158
6078,0.0506055273584881
6079,0.04638755266438161
6080,0.8807980018915054
6081,0.16827960465058156
6082,0.7744314354974761
6083,0.0068055348228531504
6084,0.054682770326294705
6085,0.6353839753817443
6086,0.04568203725367264
6087,0.04036024338499853
6088,0.0669895383906585
6089,0.5307829431530257
6090,0.42641132519460967
6091,0.6164816203905333
6092,0.4647707867231482
6093,0.1271029888754374
6094,0.022910926336246598
6095,0.16066702616643488
6096,0.0035364631258329605
6097,0.4733247654171098
6098,0.43285015597463217
6099,0.8109259094900902
6100,0.10403379446082651
6101,0.1775071339901755
6102,0.010591198523021178
6103,0.007948385239125494
6104,0.6446878164306038
6105,0.11090024178460822
6106,0.31644773933152487
6107,0.1368323299809982
6108,0.04241881295838657
6109,0.864378015360869
6110,0.8904283978485091
6111,0.5731968142684596
6112,0.1500716983142296
6113,0.5298422560444835
6114,0.4294523964635743
6115,0.7458454778274901
6116,0.016329741786681184
6117,0.12254025889576006
6118,0.01216117899846956
6119,0.2681815652179431
6120,0.9063956555491075
6121,0.012645293847045241
6122,0.8734399586876783
6123,0.19079450340917387
6124,0.6455506015861371
6125,0.665368756224551
6126,0.024689539527693878
6127,0.15138508171062645
6128,0.7150501756299444
6129,0.15731528591250202
6130,0.07595079244893753
6131,0.5488234094863006
6132,0.6353568194986353
6133,0.04091250161190106
6134,0.009596315974359004
6135,0.39419166696603164
6136,0.08668484371111317
6137,0.36030282688535203
6138,0.576920624270111
6139,0.3556431197117529
6140,0.032334209663932356
6141,0.4836710621265107
6142,0.16397331969577705
6143,0.0808503390831409
6144,0.0699785480787099
6145,0.6248843389929828
6146,0.06224598679709846
6147,0.06987005723429118
6148,0.004445568853599864
6149,0.6217753881346976
6150,0.7573227886902208
6151,0.01229898773671391
6152,0.17332219988632577
6153,0.7012148379755284
6154,0.22914897818180635
6155,0.16043342209491515
6156,0.014147985597879942
6157,0.8756674927725178
6158,0.6589314733618766
6159,0.33933816273516426
6160,0.04460534679746164
6161,0.08116975458637446
6162,0.27885854172578234
6163,0.18168925598909
6164,0.004500186650848594
6165,0.1475208174936505
6166,0.107042376794594
6167,0.199645669208686
6168,0.06398357487113732
6169,0.49021403956532333
6170,0.3867978027277397
6171,0.12617419636473257
6172,0.846173227734162
6173,0.015380772860669575
6174,0.0034575676911856187
6175,0.08448850142029324
6176,0.06821943494468201
6177,0.02118005156372441
6178,0.2224627454546588
6179,0.7646109728877191
6180,0.3398322819542999
6181,0.8374178957936091
6182,0.039334445212358994
6183,0.386823176398066
6184,0.01516235468672447
6185,0.35744583461475327
6186,0.39274665196532094
6187,0.1489343983485889
6188,0.9295122958504959
6189,0.7909743673168601
6190,0.03995583507570603
6191,0.6789421752265926
6192,0.4550714511723516
6193,0.460899775869097
6194,0.20791746049352772
6195,0.5569322543558142
6196,0.14710752670549362
6197,0.028111931111216296
6198,0.07553468998007222
6199,0.9445280841938157
6200,0.11151029880007261
6201,0.0035827441389618747
6202,0.6649372341539741
6203,0.1570328598273408
6204,0.6648380703985063
6205,0.33308853902132685
6206,0.019551862032875213
6207,0.8045361041125347
6208,0.39866690008539524
6209,0.021062461676111022
6210,0.7091991036197981
6211,0.30695487497922713
6212,0.04433368535949836
6213,0.009289765635706295
6214,0.06618215634578045
6215,0.6123879017002419
6216,0.46706186166955665
6217,0.2842352548812134
6218,0.26989401703334026
6219,0.2667948486931841
6220,0.14530229733666805
6221,0.5385285120159714
6222,0.12947317744309508
6223,0.28452736887765856
6224,0.7643548789699904
6225,0.10302999531357157
6226,0.9151096546949843
6227,0.07979761549908228
6228,0.25744844555897534
6229,0.18239157987978594
6230,0.08422737050973741
6231,0.11286228669335503
6232,0.23860053402636214
6233,0.052391657685205144
6234,0.01512555800113335
6235,0.1159301579517412
6236,0.2295339397169808
6237,0.14136747248138135
6238,0.6575360559080121
6239,0.07551289393846236
6240,0.2032835355847806
6241,0.8969221512804936
6242,0.20464627613930955
6243,0.9470722971914036
6244,0.07783690688718252
6245,0.14979578297612878
6246,0.6835757251399609
6247,0.23948714154174508
6248,0.08008212633522706
6249,0.26073756283774824
6250,0.5952594090267157
6251,0.05049187992521496
6252,0.14718252158838266
6253,0.4808282854704569
6254,0.4358681283593664
6255,0.10104296918470845
6256,0.8682026081850465
6257,0.012140363023499513
6258,0.4646696975686455
6259,0.18693232646550845
6260,0.9119152595933607
6261,0.4416258286678689
6262,0.0339042229279352
6263,0.07466884636344931
6264,0.4339611294987606
6265,0.018341502456181668
6266,0.7018179064816636
6267,0.1320023289429022
6268,0.735540170126515
6269,0.009064767765805675
6270,0.10707815982043868
6271,0.9637017926567941
6272,0.030278360618956588
6273,0.8722691397296195
6274,0.04948478199889787
6275,0.19560316661144092
6276,0.010915973214589612
6277,0.054025601964906994
6278,0.1429549904237921
6279,0.030485741386887786
6280,0.24380505127023536
6281,0.035073410078077086
6282,0.5614623107674098
6283,0.03216396369942187
6284,0.49290581281997053
6285,0.054388763383531866
6286,0.6527820288803444
6287,0.303957923200516
6288,0.08720242127087179
6289,0.0770086196133754
6290,0.2803196238291244
6291,0.8021810769374997
6292,0.12509782170391195
6293,0.14515283769092815
6294,0.8438670570056435
6295,0.02691447147155413
6296,0.06067262600285836
6297,0.30548985085487257
6298,0.01861221316524859
6299,0.5015428160068003
6300,0.27235174007627827
6301,0.5616811158328455
6302,0.25194651051017075
6303,0.018415491358718578
6304,0.38759650932676176
6305,0.3168600573789219
6306,0.14453258360637716
6307,0.03407991384702611
6308,0.164783883663552
6309,0.2717335876827009
6310,0.912248324172075
6311,0.005996387817188794
6312,0.33977111328005466
6313,0.4466326201750575
6314,0.3043768555602734
6315,0.08113898589365105
6316,0.3222448697245976
6317,0.6309300668994251
6318,0.8809491651926059
6319,0.1725075546181437
6320,0.06980368310118683
6321,0.4879878824016505
6322,0.04758489411518451
6323,0.835050990517352
6324,0.02938301118624898
6325,0.2270428109461777
6326,0.7815276490716653
6327,0.40309725933514606
6328,0.25047181612250907
6329,0.03546313254441878
6330,0.23822119604891429
6331,0.0051907225845522435
6332,0.03468850155472518
6333,0.845072914357058
6334,0.28703616074071103
6335,0.4759581590219973
6336,0.7918356869493988
6337,0.4669894158163151
6338,0.7680709921808017
6339,0.7483588602647001
6340,0.27346275574659984
6341,0.14266657377036387
6342,0.4884069736662189
6343,0.09785037744800562
6344,0.38380412172968986
6345,0.15671100590053844
6346,0.3938187278678991
6347,0.5384080434939769
6348,0.4573052366937959
6349,0.6632334757031307
6350,0.04177913346857928
6351,0.0369076075063957
6352,0.27819780729499216
6353,0.7056069959434982
6354,0.0487342615099744
6355,0.6480074451589651
6356,0.0018903910687899648
6357,0.7797841958403355
6358,0.5231656367675679
6359,0.06060751773947965
6360,0.555960869235521
6361,0.044861501001748384
6362,0.010792629751904757
6363,0.003498771385534556
6364,0.018268623879080306
6365,0.8250337576029584
6366,0.8161514842462799
6367,0.016038954915025213
6368,0.08334509819641064
6369,0.040224669408803884
6370,0.16416979611190693
6371,0.783601329152456
6372,0.8823177476967752
6373,0.052305578945440086
6374,0.39002876444838636
6375,0.06261067134683361
6376,0.6307725105938855
6377,0.022627909974638115
6378,0.8630182077028512
6379,0.09255438387914851
6380,0.12141496805650416
6381,0.9450801105217557
6382,0.006773502958144638
6383,0.11940608482526173
6384,0.3019884517733142
6385,0.38447160144985354
6386,0.22484389480650827
6387,0.24811011003334768
6388,0.06901851546270169
6389,0.16928043183569672
6390,0.07539579913828395
6391,0.011970308100955411
6392,0.020327477752245426
6393,0.13292132394525996
6394,0.06755927054303872
6395,0.05899148271693358
6396,0.20387935383959715
6397,0.08699630426527681
6398,0.11530906216819435
6399,0.047721941198103676
6400,0.03432900475847103
6401,0.43452578204964404
6402,0.034061613337619076
6403,0.9358731377030868
6404,0.020433012990063403
6405,0.0227476924090634
6406,0.09615075279465188
6407,0.2451529135843702
6408,0.032012848582289456
6409,0.03203551648397446
6410,0.9224975690813442
6411,0.06352545975445742
6412,0.9107811008749385
6413,0.14396493067625943
6414,0.008920069301705415
6415,0.15806944542632495
6416,0.4490876864730441
6417,0.26904589007524177
6418,0.0929706813475033
6419,0.5308993546668939
6420,0.1712544711106413
6421,0.10247061198486043
6422,0.011994740329269593
6423,0.30666916921736215
6424,0.0070415794566542934
6425,0.22397454434920372
6426,0.5365426900340415
6427,0.6143307300638
6428,0.17026850648760683
6429,0.4601834919494787
6430,0.0040456757942684204
6431,0.7189497656295252
6432,0.02803496761504052
6433,0.894526031719508
6434,0.06719367108389478
6435,0.8935209566819834
6436,0.024968493499626456
6437,0.04513458335775626
6438,0.0521636164594255
6439,0.5105557583343145
6440,0.11892391554731567
6441,0.11518065489578702
6442,0.22238767067774962
6443,0.0216390514854397
6444,0.10755329730713173
6445,0.01792450708331299
6446,0.10216778161755453
6447,0.8181255762212895
6448,0.44500361304160796
6449,0.22801890338480693
6450,0.07438413575563026
6451,0.4768916149484336
6452,0.13620408745032778
6453,0.4667121341829833
6454,0.8925119825861257
6455,0.3024634078770938
6456,0.10422695162045846
6457,0.046788156152081505
6458,0.05000629631946003
6459,0.4238928265043329
6460,0.5995081801148073
6461,0.0026913024754114277
6462,0.08339601118078666
6463,0.2419467723934759
6464,0.24916653260303523
6465,0.2079808996399373
6466,0.3058361537651549
6467,0.013635754783445033
6468,0.8239788971734144
6469,0.044395824221981385
6470,0.024137673894443757
6471,0.7124023420165303
6472,0.24141033535673423
6473,0.07972192089194022
6474,0.015220344301304324
6475,0.6842657742775331
6476,0.5373406168931171
6477,0.23039332919267166
6478,0.7581119143818923
6479,0.32672628030875506
6480,0.14503470762916368
6481,0.2853525779482024
6482,0.6234888355283247
6483,0.7193885363607976
6484,0.05030069306310729
6485,0.007262722413984622
6486,0.1487551131983753
6487,0.14028440235270614
6488,0.08166730593631406
6489,0.03958689753179279
6490,0.3222579302339803
6491,0.10680867346024255
6492,0.5562552694175963
6493,0.18441735618282004
6494,0.47613901726644703
6495,0.04181539774204665
6496,0.06280531068737391
6497,0.4053664318859565
6498,0.11339968551911572
6499,0.16759146329095778
6500,0.2598019250463027
6501,0.2157961145634464
6502,0.2480988463717612
6503,0.025455235505386118
6504,0.7277628047605499
6505,0.4899795173299826
6506,0.07626764581999632
6507,0.05078261850406685
6508,0.2611094297322759
6509,0.17028397502154044
6510,0.3264140776864837
6511,0.0961899070871784
6512,0.09882343267835489
6513,0.39587067450534047
6514,0.019105267410243335
6515,0.3613522892753589
6516,0.21255267149273502
6517,0.5106977041294947
6518,0.0313088305695651
6519,0.08941524255449802
6520,0.9244773121784091
6521,0.5040457746412451
6522,0.18176041000590357
6523,0.04758534094412786
6524,0.025912053780605234
6525,0.18238861442287613
6526,0.012522709702914843
6527,0.7335898073581077
6528,0.02025553388807844
6529,0.43519668735867106
6530,0.27414043770038493
6531,0.472865855005255
6532,0.05163291781112658
6533,0.01994799656103635
6534,0.030724021058747105
6535,0.08791648935619199
6536,0.17529536991165762
6537,0.028749398841775173
6538,0.6633365329214155
6539,0.16217410428433643
6540,0.030094127734947074
6541,0.007385678209441295
6542,0.02460836894618519
6543,0.2685862975225966
6544,0.03051362909709435
6545,0.06873563151082253
6546,0.5049057415057763
6547,0.17790509685253994
6548,0.11488740390829313
6549,0.44834823098563625
6550,0.33529895659814657
6551,0.20008018683399637
6552,0.1184137451038723
6553,0.6184167378451717
6554,0.051889657560303344
6555,0.5046511001459637
6556,0.023304465232747623
6557,0.7638331442903172
6558,0.07928704487131005
6559,0.1343516409956082
6560,0.27516366507943374
6561,0.011060807873226679
6562,0.9633107127469477
6563,0.1427457282791568
6564,0.20368067181215233
6565,0.8344955532056907
6566,0.05712980929952728
6567,0.6630372736944482
6568,0.018113591054352708
6569,0.1035454972042758
6570,0.9647175229635857
6571,0.21135346142836722
6572,0.18614055074368985
6573,0.1381399646029211
6574,0.07059589990131965
6575,0.012453228177095989
6576,0.07360781625791844
6577,0.5443733457826176
6578,0.1252807802987511
6579,0.9216516272885007
6580,0.17028849776577296
6581,0.0026121608893100497
6582,0.0756082488217335
6583,0.026708174170162333
6584,0.319379265925003
6585,0.009529626273375445
6586,0.6487162282832771
6587,0.19310633537304772
6588,0.36017757665518574
6589,0.03019991540376815
6590,0.7054151640989552
6591,0.7498908646331368
6592,0.0747394882505686
6593,0.5943098114468285
6594,0.8714010785515317
6595,0.20926587881202954
6596,0.09989154789846301
6597,0.11262205231943952
6598,0.6447290908849757
6599,0.3871466959741802
6600,0.9465939856821667
6601,0.04374963562756373
6602,0.013392112138207596
6603,0.16547156168712632
6604,0.017853690644195886
6605,0.1318946251245688
6606,0.20382549917303627
6607,0.11120773548746847
6608,0.8066922013933809
6609,0.7101712282353226
6610,0.3299504081283133
6611,0.5807743685778655
6612,0.4342508175948127
6613,0.1644618240498993
6614,0.8030842159432157
6615,0.6009378928441443
6616,0.224309625755673
6617,0.010192609728849772
6618,0.4707696727547809
6619,0.11375544184328121
6620,0.9759709276355173
6621,0.06751799480759611
6622,0.16103193811859415
6623,0.9085362649306218
6624,0.8096141981752155
6625,0.510259588199343
6626,0.097108197457258
6627,0.005457842585493405
6628,0.10617866622650701
6629,0.011203316978852568
6630,0.06382035560328315
6631,0.019438324536279285
6632,0.039105144164794305
6633,0.07801590597183941
6634,0.004912785462765229
6635,0.9118246749431369
6636,0.05964041381092581
6637,0.013396893056314288
6638,0.021783359312429654
6639,0.05738281135487214
6640,0.25160427336343133
6641,0.7510566894259614
6642,0.011190984724247934
6643,0.5147430909849594
6644,0.04186529859386967
6645,0.2881080614103701
6646,0.042079375754890486
6647,0.032530932535880346
6648,0.8546404536662614
6649,0.009693836600123048
6650,0.23336948367856036
6651,0.5090707234955621
6652,0.05246849546675166
6653,0.02932553646551753
6654,0.49142832753490356
6655,0.2855087060111893
6656,0.00906715359589372
6657,0.7992757044399342
6658,0.39581862080262864
6659,0.10949740583413195
6660,0.14687645537214572
6661,0.30984147980555204
6662,0.5894067758004188
6663,0.23093639189910287
6664,0.06293719577732347
6665,0.14997319888772861
6666,0.08197041708063166
6667,0.007625614264296012
6668,0.018466027210994152
6669,0.013687238089669629
6670,0.9486748688429995
6671,0.09818808134421515
6672,0.3609056473748699
6673,0.26826366332623214
6674,0.10761161141919774
6675,0.16657676493723228
6676,0.2774254642341304
6677,0.565011333617613
6678,0.04536413215013486
6679,0.7654728868676749
6680,0.011895495520858007
6681,0.5225668371846103
6682,0.294528162917729
6683,0.0158167923500795
6684,0.31750813644369774
6685,0.12193252302380476
6686,0.12838638015614218
6687,0.1538333062585052
6688,0.5841000055082748
6689,0.6313943436114765
6690,0.33077771732808187
6691,0.14372286008775514
6692,0.00866872438580074
6693,0.25475547571655827
6694,0.6194140047861774
6695,0.09953004359435666
6696,0.11683384407914182
6697,0.0024186957184607755
6698,0.11564314537585582
6699,0.5797412814460072
6700,0.059858393347092836
6701,0.05939579912274106
6702,0.16279664568872695
6703,0.028812989222160464
6704,0.07337374026880851
6705,0.011401435752787247
6706,0.5390965641325346
6707,0.9376259737171215
6708,0.6020261322392328
6709,0.011321544363675646
6710,0.25188836352289284
6711,0.08180027088389301
6712,0.5117435441360613
6713,0.05537473692775663
6714,0.574828548063401
6715,0.04444430763857954
6716,0.4733885828534729
6717,0.01402743976208644
6718,0.04218212539670786
6719,0.0578987466014384
6720,0.012263674698134127
6721,0.16329565755832448
6722,0.11156715113972322
6723,0.06766490136682443
6724,0.1268391042648912
6725,0.2019300074576602
6726,0.06237584686539027
6727,0.0033659911089926747
6728,0.15648790679122832
6729,0.7576212923645878
6730,0.19341546710695848
6731,0.33303518574431296
6732,0.11032116335908505
6733,0.5416130582766959
6734,0.9593794258098857
6735,0.16712394863087823
6736,0.018820482732743133
6737,0.06037152361726162
6738,0.08504543747701081
6739,0.8311021145737931
6740,0.07372993424285172
6741,0.09654264206108673
6742,0.2617290592286988
6743,0.15027686465988596
6744,0.9084314500457865
6745,0.13275246954123127
6746,0.10125058948327378
6747,0.20641776473999632
6748,0.020933891602927034
6749,0.8585707730686789
6750,0.4003159975855663
6751,0.8934346579689751
6752,0.13803891130800888
6753,0.2988160362412762
6754,0.5250577420116304
6755,0.021340444289535035
6756,0.06865315241616268
6757,0.5655777379212047
6758,0.005924359654011232
6759,0.08811393414734532
6760,0.4170337390567702
6761,0.8028152188741791
6762,0.8986379493752337
6763,0.011690127891318116
6764,0.3040258326713193
6765,0.055945167531616206
6766,0.0383712058538858
6767,0.276647512971723
6768,0.05322850696350382
6769,0.2753212781288015
6770,0.6333730865350399
6771,0.03359046435646816
6772,0.9549971983478945
6773,0.051974224898174846
6774,0.5458350520014271
6775,0.9100836209614349
6776,0.04862298426323266
6777,0.42015667207615365
6778,0.009287648766578786
6779,0.16320888857924096
6780,0.1356231010296629
6781,0.10735919409886385
6782,0.15604187790159493
6783,0.011040878107014668
6784,0.0942342568935294
6785,0.013546082755576923
6786,0.049659321457346486
6787,0.9490666309395117
6788,0.22951893734307627
6789,0.7635403651364945
6790,0.015364291955764577
6791,0.05560230559381244
6792,0.033284294627177906
6793,0.4466425914079976
6794,0.18822116733467387
6795,0.03748117951548237
6796,0.25658391159965394
6797,0.06331838623526746
6798,0.034570128475831914
6799,0.05297121686336543
6800,0.024341195849241305
6801,0.011751745488516386
6802,0.23431691059692114
6803,0.09274954251394296
6804,0.2658523458984885
6805,0.02119691177511147
6806,0.14113268453858965
6807,0.01685478651097762
6808,0.5292361072248332
6809,0.02448885934621079
6810,0.19940601878985678
6811,0.7820055189210274
6812,0.07737202016976019
6813,0.8839091043010693
6814,0.9799960240434691
6815,0.04776444563436879
6816,0.9546567661316003
6817,0.12699239829087333
6818,0.8252646144900095
6819,0.4016379614468113
6820,0.636621161673063
6821,0.8506896706356357
6822,0.8987247788329817
6823,0.8622894696836945
6824,0.3935922307722893
6825,0.10365681522242094
6826,0.3140112489487473
6827,0.10740567961025915
6828,0.17805606128401896
6829,0.05288757009664232
6830,0.07745271815633528
6831,0.00603398663819153
6832,0.05127465630489307
6833,0.005857013217897055
6834,0.006061625660151459
6835,0.23903474423196922
6836,0.009274968352810182
6837,0.9776634619701208
6838,0.07137969138084795
6839,0.32140534982106345
6840,0.6175373159522881
6841,0.06060758598432651
6842,0.0585286392317388
6843,0.03711635780490277
6844,0.059315774396547505
6845,0.3710364229350791
6846,0.24656703550558573
6847,0.061457651096025356
6848,0.9628845337132019
6849,0.1319513360236109
6850,0.3891139266121663
6851,0.006947495840720257
6852,0.017778375959530093
6853,0.407257947157192
6854,0.24392188562296901
6855,0.3747174154353316
6856,0.03284076248362015
6857,0.1811939174378084
6858,0.7924969672301682
6859,0.002528140735506772
6860,0.11382540805121447
6861,0.24755037341696615
6862,0.014419640855647795
6863,0.5585807239639671
6864,0.00965770036593942
6865,0.26449901501460477
6866,0.1534914107505301
6867,0.1859555635299189
6868,0.7506138457338373
6869,0.05068315759565406
6870,0.5514079045850592
6871,0.17591946966586425
6872,0.06181791466406775
6873,0.19082517050632922
6874,0.0208840385424448
6875,0.01651780158325143
6876,0.6281910481153171
6877,0.09414987531747658
6878,0.07052937611722244
6879,0.37846664528847274
6880,0.9074379143623286
6881,0.008079105034458202
6882,0.9525574268977751
6883,0.023748293020599855
6884,0.2281839172872545
6885,0.07188665943562758
6886,0.11616386917363745
6887,0.9022603457676895
6888,0.09080754465167852
6889,0.19572154079939713
6890,0.11445464069851508
6891,0.02313583911162065
6892,0.6743829649929368
6893,0.3114453856187789
6894,0.12313363541818118
6895,0.07677079367989137
6896,0.6678125075176271
6897,0.1307146325367113
6898,0.31995833310371974
6899,0.3413458714415371
6900,0.10097476141616211
6901,0.40419737500527286
6902,0.8831992908761123
6903,0.38996041408356863
6904,0.9748517951677484
6905,0.1005635221889537
6906,0.08912502821723262
6907,0.41929248345355125
6908,0.6349691120292813
6909,0.1728254162923653
6910,0.44613001997519086
6911,0.2864564642518212
6912,0.049597368632415664
6913,0.044894845993474645
6914,0.15595618735940087
6915,0.2866979033927506
6916,0.09062502034467616
6917,0.3570223499859482
6918,0.7919838103792767
6919,0.11505697486248706
6920,0.04160725489116468
6921,0.8653424677134336
6922,0.24321963893884543
6923,0.12087033857153645
6924,0.30621703591498506
6925,0.8757309114115879
6926,0.04723795402269717
6927,0.004483990415417008
6928,0.797494632663051
6929,0.19533030875521482
6930,0.010591535091437395
6931,0.05631663630292961
6932,0.27813897418903927
6933,0.029159195967269305
6934,0.6207400248356012
6935,0.8829526822317059
6936,0.6695800505170539
6937,0.6226288219443443
6938,0.27910082216621274
6939,0.1483411449680031
6940,0.004338427624705443
6941,0.10972654056868643
6942,0.0282088710465953
6943,0.5095513714686322
6944,0.019805483943189428
6945,0.9004030594829177
6946,0.10582846198924561
6947,0.1375638659618679
6948,0.8481072809884007
6949,0.05203299859131267
6950,0.17983724148195593
6951,0.05582969265987038
6952,0.6263960444708284
6953,0.1354816803154804
6954,0.8471316937107718
6955,0.01932904110552443
6956,0.029804548632871162
6957,0.24717510140660418
6958,0.22504696688568276
6959,0.34049920796102373
6960,0.12028017813239458
6961,0.6473019221748042
6962,0.4093655039094621
6963,0.09733359609801703
6964,0.021487547472878718
6965,0.8764041860757575
6966,0.13610088163621925
6967,0.005635119438574212
6968,0.03456112338223182
6969,0.05266598829278968
6970,0.6543547797344139
6971,0.4066715936745586
6972,0.179082531113135
6973,0.14147195901369078
6974,0.07471778026817044
6975,0.18970921948162847
6976,0.3040413150228379
6977,0.9146690223283191
6978,0.32932617647937296
6979,0.6386572413072212
6980,0.12330321235487082
6981,0.12549258888092757
6982,0.33353680280839104
6983,0.2813148030755953
6984,0.48597791104406796
6985,0.13960682938066896
6986,0.5297945705738842
6987,0.44631408919400206
6988,0.06739131618382357
6989,0.583686905492848
6990,0.9327166993595152
6991,0.012477088693220324
6992,0.3372798079028013
6993,0.02923766690772078
6994,0.9335496453193572
6995,0.2829432999430246
6996,0.1252800633025017
6997,0.823963108836103
6998,0.03287659247709608
6999,0.014629387279249163
7000,0.18722029151483932
7001,0.014043893004045002
7002,0.4921926497975768
7003,0.8751401898933338
7004,0.5923449920148034
7005,0.2310975593498536
7006,0.7575825339608787
7007,0.5809196758094346
7008,0.9429326481689151
7009,0.05367476600130567
7010,0.4018567204816462
7011,0.1575373602934759
7012,0.21406299423507238
7013,0.12618210114500747
7014,0.02063592743938606
7015,0.9078758756623911
7016,0.17860405909839883
7017,0.19382058311924608
7018,0.04631723792649614
7019,0.7525403553323119
7020,0.504047779742288
7021,0.03310340880167461
7022,0.9303585597618486
7023,0.13310061805978238
7024,0.3624977321591469
7025,0.08003044969580145
7026,0.9497148890827812
7027,0.5857481037720668
7028,0.07050429867835582
7029,0.040441484535238784
7030,0.6316426404282341
7031,0.02987138863568649
7032,0.8475081551248403
7033,0.7610527420335315
7034,0.6519453445150389
7035,0.6556248046817813
7036,0.6757796094444958
7037,0.6258608707150544
7038,0.04907084462207977
7039,0.06797390793355113
7040,0.7525257178284915
7041,0.012204189048047221
7042,0.4078140442293829
7043,0.3163916231979816
7044,0.07482741933493842
7045,0.6427436437020357
7046,0.04738232349006206
7047,0.9530635106087442
7048,0.8356991211813766
7049,0.018116938815380127
7050,0.3336261825222192
7051,0.4463890060260644
7052,0.07361183738273008
7053,0.878759778087517
7054,0.09912445871760517
7055,0.955098660273578
7056,0.41380105825693736
7057,0.00791151263731574
7058,0.4451659674411601
7059,0.22046077421618748
7060,0.017784862250810815
7061,0.9596675988194195
7062,0.5745395799621599
7063,0.696990895742135
7064,0.5743780498039086
7065,0.1776776302551436
7066,0.15480797847809274
7067,0.030123302631977614
7068,0.15167417472034092
7069,0.23865858228029524
7070,0.03444510168496157
7071,0.08292764825120223
7072,0.4024816003862816
7073,0.12037604902353286
7074,0.0892208812607418
7075,0.13309667255935506
7076,0.06628674651005648
7077,0.19297731359883533
7078,0.07529516606509241
7079,0.7044361338083659
7080,0.02664000429120411
7081,0.003322992210824878
7082,0.6906825526536017
7083,0.1286059807113255
7084,0.6668649121965735
7085,0.3957387337042598
7086,0.36299425125010476
7087,0.7691866457198547
7088,0.10592179546347467
7089,0.21275088949568488
7090,0.0481251760182096
7091,0.12910982033265428
7092,0.745123991173068
7093,0.020630639143525153
7094,0.5504114678025896
7095,0.014614502177278898
7096,0.009081469595095685
7097,0.7917373545492628
7098,0.7640893416427619
7099,0.010633190827191044
7100,0.061889408241415374
7101,0.1762875739271179
7102,0.01879854222482482
7103,0.17359736004823517
7104,0.1421570077810771
7105,0.9604987630374182
7106,0.07563839164792667
7107,0.08743639397659175
7108,0.004232120562855993
7109,0.9156717173121203
7110,0.010919840998350866
7111,0.44758753132150925
7112,0.051158500660193916
7113,0.4905243352573877
7114,0.4948496098813203
7115,0.3469194419122696
7116,0.08775456300237139
7117,0.020593344185166847
7118,0.7401105323910531
7119,0.18178674714863133
7120,0.018650502459875953
7121,0.011168965009459226
7122,0.8541797666078544
7123,0.013389043647732822
7124,0.8980845842176802
7125,0.7903402514861675
7126,0.09874285223834901
7127,0.015508619325739728
7128,0.028939510055283755
7129,0.16373138758941833
7130,0.11471437958716355
7131,0.31335394460712
7132,0.3991242828236553
7133,0.21534251804874688
7134,0.7096328013425637
7135,0.037670651126693905
7136,0.09140025848756272
7137,0.03396516242197646
7138,0.2964915531867329
7139,0.6664962824952787
7140,0.7555202985346939
7141,0.6513872177403982
7142,0.9409049771861545
7143,0.479987137563216
7144,0.27941862096973047
7145,0.0075283398112840965
7146,0.2351564861828462
7147,0.12205247085638299
7148,0.014145391480663851
7149,0.04488120450603183
7150,0.8838668102747858
7151,0.5098709532068781
7152,0.2742791020188819
7153,0.2559715821975215
7154,0.012554563078125589
7155,0.3576533802584993
7156,0.1509140375991994
7157,0.6418200843820725
7158,0.35945056041745005
7159,0.18836083415047275
7160,0.17120519482332786
7161,0.06340271120436713
7162,0.03828509737958562
7163,0.6843967121143891
7164,0.14083435223530733
7165,0.16720196675240775
7166,0.20456060695435704
7167,0.20034047682786615
7168,0.6309443809848951
7169,0.119445088476961
7170,0.4212214916044166
7171,0.1244281609821738
7172,0.8692356083222451
7173,0.17438256461337462
7174,0.10507846124972564
7175,0.04222713355430885
7176,0.8223985890342792
7177,0.08724472419620347
7178,0.22348078661118004
7179,0.12606313776982653
7180,0.38417973442332554
7181,0.6582198000908505
7182,0.9126576603028375
7183,0.4816693203221566
7184,0.8489115214974078
7185,0.8048566483925848
7186,0.014652487175679452
7187,0.6668890428491939
7188,0.015230205488761491
7189,0.014106995246082764
7190,0.5573810127517654
7191,0.8796445315159344
7192,0.19719683535663993
7193,0.826135291250606
7194,0.10339384820881219
7195,0.05767610343804197
7196,0.3274463878387486
7197,0.12213045399534182
7198,0.15911099659827405
7199,0.49327516238626423
7200,0.7892523950833403
7201,0.3007874505248272
7202,0.4897041002854441
7203,0.033479239576597306
7204,0.13744888825293092
7205,0.10208779342635355
7206,0.07667035189195616
7207,0.6013538533321611
7208,0.8950094990781763
7209,0.28490838218316744
7210,0.22884394615637835
7211,0.41185344543357466
7212,0.08409295343970394
7213,0.17527203553886136
7214,0.9021202237834285
7215,0.010175005945881508
7216,0.047687002180395885
7217,0.08959044577386208
7218,0.05978416801126497
7219,0.06675956460910935
7220,0.43549039894372626
7221,0.8861244517348963
7222,0.05073838767760432
7223,0.7701307216447717
7224,0.07868874658057816
7225,0.05102205512999673
7226,0.012768657480654432
7227,0.20517243926635867
7228,0.1941407155441738
7229,0.03875735385439858
7230,0.020618647363575233
7231,0.8872017598216879
7232,0.11745918380847327
7233,0.49561446445166274
7234,0.5384225640250179
7235,0.21591556220931699
7236,0.008908193732240664
7237,0.010563439985053808
7238,0.2895048179975475
7239,0.0033438014788598055
7240,0.7737212673905867
7241,0.002927977850755874
7242,0.8914388391669834
7243,0.1267220401443836
7244,0.402474396167593
7245,0.026977880837422606
7246,0.7734007865583892
7247,0.9684145513556528
7248,0.8422817440438851
7249,0.034705707600062856
7250,0.1311973185995537
7251,0.03358016484182925
7252,0.12635980558271678
7253,0.10718350857261541
7254,0.4121119442604673
7255,0.8959430499985848
7256,0.31552073718280077
7257,0.09957219400285568
7258,0.04129057526481922
7259,0.43467436076624005
7260,0.017539056860551336
7261,0.04738779046407621
7262,0.5330478854376017
7263,0.8669203606884248
7264,0.13110037075461867
7265,0.5876208107863811
7266,0.05023676247654899
7267,0.04602186307635564
7268,0.30578895679067414
7269,0.7677246071360094
7270,0.010741601340327426
7271,0.5077689176255703
7272,0.22389017110661766
7273,0.15110259107851015
7274,0.05576805280707006
7275,0.01171222841296377
7276,0.03965617947201557
7277,0.05124380871596506
7278,0.16017043620617777
7279,0.016873485095089742
7280,0.07296374997829505
7281,0.17689059887362843
7282,0.008516242892219144
7283,0.014849883672007964
7284,0.1924046595864991
7285,0.08093905141792788
7286,0.44201753742881833
7287,0.9096244487613331
7288,0.08693885287709477
7289,0.09468503587819098
7290,0.09478363151632924
7291,0.11165326676728607
7292,0.18021782286961957
7293,0.19094051918117128
7294,0.09904371628687184
7295,0.027067228983063595
7296,0.061310858956975904
7297,0.16904467964944248
7298,0.07455309951109322
7299,0.05340626053459685
7300,0.23966427614805624
7301,0.41685175062800656
7302,0.014606701887401579
7303,0.12033784403982817
7304,0.008137615690700692
7305,0.4113197932908733
7306,0.034432605442552326
7307,0.5314192862128924
7308,0.5808903827144006
7309,0.7955564259117794
7310,0.028197998895086993
7311,0.42295189360211044
7312,0.09113143431761037
7313,0.08044588580878698
7314,0.8279352949355556
7315,0.5986282580114768
7316,0.927048546389157
7317,0.009988352016005694
7318,0.20889708158271544
7319,0.04892732565012701
7320,0.8530013495269532
7321,0.10447432266462939
7322,0.33377105637478355
7323,0.08317145180736568
7324,0.9723646192370872
7325,0.029806673659820107
7326,0.10688537787371155
7327,0.5899087551483002
7328,0.8431343820505112
7329,0.1553018605691496
7330,0.5212412259882605
7331,0.26960510277736854
7332,0.032178212093995205
7333,0.5635443775010096
7334,0.6366411318780614
7335,0.5144908199062866
7336,0.5260063652877779
7337,0.1771553282707452
7338,0.05138300036338008
7339,0.2660647134637065
7340,0.07147822042903865
7341,0.10655450934426448
7342,0.35033084714745355
7343,0.031073109882279303
7344,0.10500794502590999
7345,0.03449988636319739
7346,0.03766744222180851
7347,0.7859471197278077
7348,0.5790999370438816
7349,0.02135295045468011
7350,0.9605956084114318
7351,0.7581243302175793
7352,0.24395634165997157
7353,0.7673626309238648
7354,0.5257523425530571
7355,0.17718214530034598
7356,0.8799653245493884
7357,0.0842342917627945
7358,0.9277351409276375
7359,0.1297580713553513
7360,0.9237633278810676
7361,0.028796467657802707
7362,0.47578793608846404
7363,0.16152965773557815
7364,0.07349005716117492
7365,0.3183359844477065
7366,0.07559017869398818
7367,0.13965041680196796
7368,0.4469968961961012
7369,0.6678503792716163
7370,0.17516008619261458
7371,0.7559222129552815
7372,0.2747457228522169
7373,0.35441868449871394
7374,0.8538238453197082
7375,0.033513411604508915
7376,0.4368554530469698
7377,0.21474252112172135
7378,0.19902888434709268
7379,0.8970092315774186
7380,0.6776980198585694
7381,0.8850027151321034
7382,0.007145608579539884
7383,0.7500202638781452
7384,0.2105433401765418
7385,0.9770398100943511
7386,0.029576600434045947
7387,0.0945500322917296
7388,0.011719289954790124
7389,0.49469131215040446
7390,0.902622117000908
7391,0.8109473449967723
7392,0.43383883537611123
7393,0.06560788246935487
7394,0.08568550067246992
7395,0.039085169325781585
7396,0.013494430834593066
7397,0.3793055316558344
7398,0.1076315563553031
7399,0.9390954591413908
7400,0.0198050925967424
7401,0.28517440370321434
7402,0.09452542394268637
7403,0.0962156178854477
7404,0.9825510958499281
7405,0.10781269963418072
7406,0.013842562403546926
7407,0.3875638104056484
7408,0.07238043356487177
7409,0.005431948692785031
7410,0.20556525267957976
7411,0.185763853369333
7412,0.13271366687113928
7413,0.022524482459226926
7414,0.060754669517592945
7415,0.18963369190342383
7416,0.07560826964337315
7417,0.3754132159339836
7418,0.5314564344055424
7419,0.11262909705165638
7420,0.1483795440190549
7421,0.07201402954793856
7422,0.3531058013354668
7423,0.12944422504474262
7424,0.11463537620425739
7425,0.021810046772893457
7426,0.12921476061874532
7427,0.6273876556940666
7428,0.033540458200518014
7429,0.850532443503799
7430,0.3824569017092585
7431,0.45712164469261013
7432,0.4095132615386374
7433,0.8735418206019411
7434,0.9651189937672545
7435,0.2716837463075614
7436,0.1647557017022109
7437,0.7379825777686231
7438,0.6191200343019185
7439,0.9775906332175863
7440,0.9246121963224946
7441,0.21441520689876567
7442,0.5802824020932349
7443,0.9658011702636254
7444,0.012648446410222851
7445,0.047399329037271155
7446,0.21379178439756133
7447,0.10395063906930471
7448,0.2634680186337811
7449,0.4162145139890519
7450,0.007453018417855078
7451,0.482560678832834
7452,0.9026289410136942
7453,0.18490822811949367
7454,0.012181320271976099
7455,0.47251460653944455
7456,0.0915073890095397
7457,0.5083313323399657
7458,0.10103446369884818
7459,0.07487474182832274
7460,0.11727012164238268
7461,0.7229256554433644
7462,0.1906598618500165
7463,0.27964949846703413
7464,0.15538445103551812
7465,0.17985721767291002
7466,0.9657909461011537
7467,0.0067024225053245534
7468,0.19687984932502375
7469,0.1914700079163581
7470,0.10611305458230759
7471,0.06222358545687227
7472,0.024222178211997476
7473,0.4005836075031717
7474,0.07667791226913259
7475,0.18953884230125295
7476,0.16734842388188426
7477,0.055903685865869815
7478,0.3722994435447986
7479,0.6989013231405249
7480,0.01977203881501346
7481,0.02566598492777117
7482,0.005388230214878923
7483,0.2828220115928521
7484,0.0069116061576301666
7485,0.8477841444630276
7486,0.8848897348822148
7487,0.33530735727976274
7488,0.81914036562071
7489,0.1594264880703905
7490,0.11006687427485042
7491,0.8938199767125975
7492,0.10195460425443081
7493,0.0048803614441221875
7494,0.012374917642281184
7495,0.007293892291896068
7496,0.6425853782524601
7497,0.4231869034630222
7498,0.5815333422013548
7499,0.1496460446665668
7500,0.29716176230170127
7501,0.06944195557526611
7502,0.4224699995257434
7503,0.10647194839892964
7504,0.3982477454222173
7505,0.14677758184980666
7506,0.2350364903638403
7507,0.18212431508100296
7508,0.11010289592264964
7509,0.23403881424757295
7510,0.11682321553492243
7511,0.20496571226665977
7512,0.6646660056601071
7513,0.03521679393160849
7514,0.08071739765989536
7515,0.029688409272876755
7516,0.40822669733676503
7517,0.26891554597748984
7518,0.2801006495965498
7519,0.061124688771845036
7520,0.06797906127728785
7521,0.08922606038628991
7522,0.36419246513209347
7523,0.057983404539292266
7524,0.06943751835267659
7525,0.1728743013113132
7526,0.14154486897061905
7527,0.5034453842244823
7528,0.1164377687989801
7529,0.7566864327906224
7530,0.05623228300039794
7531,0.09752348055283547
7532,0.4958720814809188
7533,0.9348113025851392
7534,0.8131089280360311
7535,0.145367165338877
7536,0.41776950680746755
7537,0.8794807612395366
7538,0.41499407720072107
7539,0.06665620057441685
7540,0.3392910930493018
7541,0.13177891937203054
7542,0.11417295103244024
7543,0.8420398524920274
7544,0.9219274480710236
7545,0.6577686182603252
7546,0.16921999801077747
7547,0.3517376465147428
7548,0.8266239935194151
7549,0.33383729749618135
7550,0.028413740726666394
7551,0.8211372380684908
7552,0.16986279952821165
7553,0.8950873496142173
7554,0.8719864186499509
7555,0.020062568453975485
7556,0.13127501479477205
7557,0.7718000009126447
7558,0.11117412111190492
7559,0.08942929588029984
7560,0.5995590418851156
7561,0.5033464689214903
7562,0.12014983369984054
7563,0.1453907439471725
7564,0.20214460971037712
7565,0.8859567823826513
7566,0.39319872674152045
7567,0.11321121491258113
7568,0.2918008919760767
7569,0.007678972635265583
7570,0.3661819418302929
7571,0.08408414441564466
7572,0.44655234727564347
7573,0.5746930988311582
7574,0.3960171079197214
7575,0.9007388695618553
7576,0.04474114289345671
7577,0.03980314681714355
7578,0.17931579972292347
7579,0.042823347011720136
7580,0.02390187595554581
7581,0.17105388517945638
7582,0.7830013898005083
7583,0.4515073481048754
7584,0.020917350137589823
7585,0.024165466419004387
7586,0.4626679434423125
7587,0.10311672170322746
7588,0.09552276078487344
7589,0.9507392443807677
7590,0.7009860857090635
7591,0.012952909192309976
7592,0.609707762271048
7593,0.21489157223174796
7594,0.05330689255518293
7595,0.6222424581710989
7596,0.30744222415643835
7597,0.18492028133028438
7598,0.3766020481157035
7599,0.14936120169113803
7600,0.2528647301222734
7601,0.010197449887429239
7602,0.23332256904014761
7603,0.3299661854951587
7604,0.11361994267769052
7605,0.9286346737517414
7606,0.2722362144200892
7607,0.024705295542594582
7608,0.17324763577721627
7609,0.1457254302382639
7610,0.006138429608085449
7611,0.8287598968594855
7612,0.9051999785399407
7613,0.2164960878874751
7614,0.3224647979485543
7615,0.166187928646934
7616,0.29883658186892614
7617,0.22106030347953531
7618,0.07741337555005978
7619,0.10245742252188833
7620,0.004146711423790026
7621,0.01279250440370985
7622,0.4590499171890553
7623,0.8445963363652581
7624,0.8280615647702414
7625,0.540273478572757
7626,0.1622075575466969
7627,0.052277941328638514
7628,0.013276646607691412
7629,0.14451569010661272
7630,0.030845304736323558
7631,0.7392805260828571
7632,0.4539751615752905
7633,0.11019173028675658
7634,0.005800530621445274
7635,0.14898955119671722
7636,0.3956257521030552
7637,0.26257603030929555
7638,0.03536569947435158
7639,0.780678330564448
7640,0.05445653163982552
7641,0.8953522446180594
7642,0.011900065980933556
7643,0.19050239992242232
7644,0.02752972513473952
7645,0.31031270746099315
7646,0.13893327161497968
7647,0.20810219438961208
7648,0.07035954671962892
7649,0.6645368349713953
7650,0.08266687089867872
7651,0.055294892215071306
7652,0.1029029510564241
7653,0.20156080688940792
7654,0.16403487523115368
7655,0.019528372780093645
7656,0.06558291711439025
7657,0.584034716350383
7658,0.14395049562536708
7659,0.04341427461152673
7660,0.8613168843259813
7661,0.4053537851607063
7662,0.7340648137828542
7663,0.7823547590133245
7664,0.8690096515016235
7665,0.5037688304692529
7666,0.7124709051422385
7667,0.016077995268051364
7668,0.10318449403537469
7669,0.3120463446526995
7670,0.293031511723772
7671,0.035362532536609315
7672,0.013918758485565848
7673,0.48124202936559207
7674,0.10213965338131314
7675,0.035041934594180674
7676,0.1711227889950977
7677,0.09901872184645216
7678,0.23734153915159287
7679,0.5547557004526877
7680,0.12689177582638206
7681,0.36263292936703234
7682,0.18012044337987437
7683,0.5988821477417473
7684,0.03405187082752728
7685,0.4659056970388945
7686,0.041595908063132125
7687,0.2705570290297873
7688,0.9311611848921731
7689,0.16450915796609966
7690,0.22172340846413738
7691,0.6874330781730513
7692,0.033345519646909204
7693,0.6897714756920397
7694,0.0817628112753471
7695,0.04297243927853901
7696,0.18564846169700122
7697,0.012091881978957017
7698,0.7713007124467562
7699,0.8969946633583534
7700,0.01657729709840934
7701,0.10292155863637213
7702,0.06684229219490725
7703,0.12432364666597882
7704,0.14613252761980466
7705,0.029534939188570714
7706,0.033526554622283405
7707,0.037715619652509094
7708,0.13529373826898894
7709,0.6088909184413656
7710,0.7185471721401199
7711,0.015340559197093023
7712,0.7344456212077397
7713,0.6074730411689864
7714,0.5202939575417073
7715,0.43467436076624005
7716,0.9008182760567401
7717,0.27853925337538016
7718,0.02959064139872361
7719,0.39121451132987584
7720,0.684585693976972
7721,0.3301402801473014
7722,0.11120764773256726
7723,0.16745729454992025
7724,0.044808642829178576
7725,0.16040754834296347
7726,0.5798288490974572
7727,0.7123452883440684
7728,0.1214030442392762
7729,0.04481616897462039
7730,0.4505463238575487
7731,0.13840740335929144
7732,0.01337738926789905
7733,0.0444960751628865
7734,0.9023564878109984
7735,0.9313112363774919
7736,0.8776358671875548
7737,0.14641105087678885
7738,0.2028265912654785
7739,0.5546442294506149
7740,0.36104856603877217
7741,0.0042881794458670625
7742,0.015215477442098392
7743,0.790985808005765
7744,0.034774327065587335
7745,0.17405508171728365
7746,0.3033961581760291
7747,0.11652984356924481
7748,0.249548118708869
7749,0.6494661225149511
7750,0.7210540914497244
7751,0.35212499064840586
7752,0.08919817070895777
7753,0.18701770248579525
7754,0.8462230492451939
7755,0.07711694028470384
7756,0.4180212412825178
7757,0.92041281046372
7758,0.2553329718545169
7759,0.1764189626954818
7760,0.12013062600701697
7761,0.23481817919941483
7762,0.7355106370168355
7763,0.14806337071802125
7764,0.0033236745585858087
7765,0.14799612068116227
7766,0.1881441133971386
7767,0.7350298735607681
7768,0.8511030448056238
7769,0.6516804255831733
7770,0.433148096020133
7771,0.08336333980779208
7772,0.27508812506686314
7773,0.8074008515638895
7774,0.6604670829121534
7775,0.10836670765172372
7776,0.12596912500688637
7777,0.2566871852383581
7778,0.0602476643429458
7779,0.9064641304214821
7780,0.1218938634925975
7781,0.055007032097853494
7782,0.13585567851623392
7783,0.6425199115491083
7784,0.47220794582533904
7785,0.1913844145792086
7786,0.1574542231192067
7787,0.23598459637583188
7788,0.015653362625864815
7789,0.018087460070098697
7790,0.8732242856992662
7791,0.20747024255449445
7792,0.06453778405405473
7793,0.05764064676893463
7794,0.00978907579503933
7795,0.3175856729807429
7796,0.8439965307346842
7797,0.8677623523398545
7798,0.12659553669256104
7799,0.1520907743115209
7800,0.08477491213972921
7801,0.005789017348466209
7802,0.060742561917260775
7803,0.02403696147426188
7804,0.2826381816518807
7805,0.9542962124637927
7806,0.48084422681467814
7807,0.385228354135463
7808,0.07893379628514449
7809,0.8549105586236871
7810,0.13359018027350159
7811,0.42778900716610246
7812,0.3378978169555354
7813,0.06067876658425951
7814,0.48859974290049724
7815,0.15824887299596627
7816,0.9246627822668675
7817,0.026040725436813548
7818,0.6612037467457357
7819,0.7986011622218193
7820,0.926962999877007
7821,0.13831098631900468
7822,0.6589874158817233
7823,0.5231515615406822
7824,0.2518465684204529
7825,0.07311189564122408
7826,0.0976062997111143
7827,0.06271095869486758
7828,0.5144848820126912
7829,0.22090060076379586
7830,0.040792575482105534
7831,0.9203015801988348
7832,0.060966232242502354
7833,0.2469313341323817
7834,0.05389536680157027
7835,0.5473367141131494
7836,0.7417631684374677
7837,0.7370465193585094
7838,0.17252453963888742
7839,0.13045372497119534
7840,0.0717015731029081
7841,0.12162172995777305
7842,0.6619439913537872
7843,0.80467121182665
7844,0.016954081435204618
7845,0.08172975530761131
7846,0.1345635576581668
7847,0.15480183584352025
7848,0.13861075127637817
7849,0.72768275849693
7850,0.014193282514442627
7851,0.8994881403580979
7852,0.014880318869863327
7853,0.019378951260912266
7854,0.12985681039097802
7855,0.12435432879316784
7856,0.5872841427779397
7857,0.04253312225043849
7858,0.8512809789221885
7859,0.09342079526285392
7860,0.8768143531019464
7861,0.13894749952032381
7862,0.4536487016497029
7863,0.06320654364940985
7864,0.13909150364298323
7865,0.024522983725117967
7866,0.7911183021288584
7867,0.25841152756027047
7868,0.11129250830778764
7869,0.3003908038397047
7870,0.001897484421903123
7871,0.09533340961717109
7872,0.017477778868605617
7873,0.04160830057724246
7874,0.31298434686565185
7875,0.08582801622297738
7876,0.3322264462432014
7877,0.403696794732644
7878,0.011345653406736506
7879,0.015443779068381921
7880,0.0115195397363479
7881,0.06675505075541102
7882,0.2518147457951777
7883,0.9526591442296042
7884,0.2540451303596779
7885,0.5013027887898799
7886,0.5374026895998445
7887,0.46093280777329215
7888,0.08486445069386618
7889,0.07658756557668059
7890,0.810549612469459
7891,0.06673298964515759
7892,0.6664685371683707
7893,0.2589993089987154
7894,0.03275811928569552
7895,0.1475088844456476
7896,0.47646858283772986
7897,0.9355394271862064
7898,0.04385814298571612
7899,0.03410453858340026
7900,0.539262574897173
7901,0.01856604362153942
7902,0.022760173317489907
7903,0.2358304127383709
7904,0.15324377456224406
7905,0.20912311993671234
7906,0.18027781088487232
7907,0.11345650703164895
7908,0.862049453287753
7909,0.18912333515775195
7910,0.884200393967647
7911,0.18723839059023048
7912,0.0470261889591413
7913,0.09342814179741568
7914,0.31212257727007925
7915,0.17984732933357994
7916,0.9438432266029231
7917,0.4807322505425612
7918,0.0785821941571744
7919,0.2523123784378219
7920,0.12321577429917327
7921,0.006494693746898284
7922,0.5892570071430046
7923,0.05639382365438573
7924,0.04648551733113561
7925,0.2193126471037185
7926,0.08566547119258104
7927,0.8306215687991707
7928,0.07569731698930503
7929,0.9072413383932295
7930,0.9379854030385358
7931,0.02417811399145057
7932,0.005147353109113265
7933,0.9492235467284788
7934,0.02262003378181056
7935,0.40922736202592647
7936,0.8009661615743753
7937,0.25446048552745554
7938,0.6564838901186087
7939,0.15630985299828384
7940,0.029931714046670648
7941,0.11062005776728591
7942,0.22469630655167883
7943,0.19246574238410896
7944,0.9008311996405555
7945,0.008014590328549169
7946,0.010245980693024674
7947,0.6586527254859671
7948,0.940235836700349
7949,0.01402973831183151
7950,0.3022261642069068
7951,0.060923649870166005
7952,0.08643369426784848
7953,0.8998520297894751
7954,0.5240433413128077
7955,0.02147593180218311
7956,0.1949375145725759
7957,0.19878538870926496
7958,0.803238492861453
7959,0.6529579952984833
7960,0.33741623364460877
7961,0.0181945040412079
7962,0.8108856692716908
7963,0.1274906792185029
7964,0.2847541867382692
7965,0.18469736870830727
7966,0.01820510313854774
7967,0.021705071333670122
7968,0.028995124104757602
7969,0.08752526664009701
7970,0.13029514688043006
7971,0.06434450769886957
7972,0.42670212089278486
7973,0.9251687628408019
7974,0.06441291202918359
7975,0.008287679542201136
7976,0.15681961590637572
7977,0.13571189684806254
7978,0.7843349155505079
7979,0.1957381238679033
7980,0.2154414675879104
7981,0.0652260388462983
7982,0.19618603047841648
7983,0.036184110949077
7984,0.035616316837652776
7985,0.051018410524796026
7986,0.014230633579818843
7987,0.12351872659185228
7988,0.17851575444183876
7989,0.10001760640363198
7990,0.15032798496319097
7991,0.4118135127189399
7992,0.2582435966624003
7993,0.14388083564829895
7994,0.05883591042905193
7995,0.02230137454533083
7996,0.24771861825534594
7997,0.8737246624381105
7998,0.029957164241754763
7999,0.08837884753161
8000,0.18491698749270796
8001,0.6258601781104307
8002,0.06870379309821462
8003,0.25754534459461426
8004,0.4170485477250589
8005,0.5449573977264373
8006,0.004155212455191632
8007,0.2209597864068853
8008,0.46227614514446747
8009,0.38656882200370557
8010,0.6634408566233242
8011,0.08714393064970842
8012,0.3190883544455994
8013,0.7902197485739068
8014,0.49751030891894793
8015,0.9111342924727021
8016,0.03567033075948464
8017,0.125073948376521
8018,0.9128659943266096
8019,0.1943678541327032
8020,0.2504849602199913
8021,0.024701958567901514
8022,0.8552925685224495
8023,0.22188818158183474
8024,0.01346426554492784
8025,0.07856580113581535
8026,0.8656061454817812
8027,0.04651979033807601
8028,0.6052283309730508
8029,0.515551791745394
8030,0.32513641041831387
8031,0.0441694630475523
8032,0.08504488987391697
8033,0.8234530900888118
8034,0.28321180513161376
8035,0.8616298018205711
8036,0.6678166430398439
8037,0.7563049151056096
8038,0.07162268971985422
8039,0.8695248791159427
8040,0.8464266279154757
8041,0.7901358220695502
8042,0.15441628890603748
8043,0.16505025061174283
8044,0.8767693505821339
8045,0.618479004414066
8046,0.06863144749908931
8047,0.11634121827560417
8048,0.009008691979734756
8049,0.16111327867501796
8050,0.04678478995083577
8051,0.03379135937172553
8052,0.6141656909208508
8053,0.013532433226924283
8054,0.2947694122070457
8055,0.10088253690163818
8056,0.22049453201493777
8057,0.846536994599575
8058,0.014472667719955557
8059,0.012400787228942835
8060,0.23119545918595658
8061,0.5484658040166556
8062,0.22005190954677925
8063,0.5929739072009924
8064,0.022126067827852747
8065,0.03361484686809079
8066,0.07554393162760002
8067,0.04687174747516265
8068,0.015107246041916348
8069,0.5471195734774693
8070,0.009065372602381721
8071,0.45765246763734413
8072,0.3270707714845468
8073,0.7300130540461857
8074,0.015717135459241367
8075,0.800925176377299
8076,0.12180355636607659
8077,0.7112775684436655
8078,0.0983406570514866
8079,0.06291295827755984
8080,0.32223377530243397
8081,0.016969808117270266
8082,0.010913912258509635
8083,0.30975535537299065
8084,0.054165589129452185
8085,0.06481151379628812
8086,0.18485405881247746
8087,0.13450171238633338
8088,0.702877535525243
8089,0.22505662055067754
8090,0.4393049045741475
8091,0.9695114934786175
8092,0.3208021418815637
8093,0.7893439146887973
8094,0.257201302444831
8095,0.8967318655929896
8096,0.47348277452116044
8097,0.8851870092063265
8098,0.7683153954080537
8099,0.11910077009947442
8100,0.3102361017971476
8101,0.2707967062939744
8102,0.973511076784736
8103,0.8130112500657838
8104,0.12787286813735554
8105,0.041504501053340886
8106,0.05623725829417231
8107,0.02797958713537801
8108,0.7844371886221043
8109,0.27613381505580975
8110,0.2655053173376806
8111,0.34742674211059643
8112,0.49250415283829935
8113,0.21217840645987354
8114,0.006158219945461554
8115,0.24835205966272103
8116,0.15157776108781154
8117,0.6228306814787661
8118,0.1575264731105227
8119,0.06595431620253803
8120,0.1393490492744577
8121,0.2951861588514794
8122,0.7744433754015075
8123,0.04016609077380699
8124,0.0938215572380763
8125,0.7340809869941128
8126,0.03144559031609149
8127,0.7827766695429353
8128,0.8864394536098977
8129,0.20250269779297167
8130,0.872052266985718
8131,0.01489290055459786
8132,0.00917265843171393
8133,0.6069400809954152
8134,0.004320382514553401
8135,0.007875747579819476
8136,0.10348335302184579
8137,0.4152391190427417
8138,0.1558425392739873
8139,0.6340988634714351
8140,0.5074501706511118
8141,0.5831522585906339
8142,0.011005841563555817
8143,0.06703969153405052
8144,0.4036819355837804
8145,0.06395933021125519
8146,0.26463176390782955
8147,0.05522615780791476
8148,0.02692182762842283
8149,0.8878151391164815
8150,0.22015118836484765
8151,0.16933119350547648
8152,0.8526669641508875
8153,0.01783941000970994
8154,0.9094877928005936
8155,0.09871673597520411
8156,0.006093791773811658
8157,0.11727408945775064
8158,0.8948100286299182
8159,0.07059924105946579
8160,0.47165827355073364
8161,0.9183189176484646
8162,0.2568139752635498
8163,0.8852248261165468
8164,0.8878984103311373
8165,0.022477854095350504
8166,0.15286833391065127
8167,0.008828097917483015
8168,0.30976510306681965
8169,0.15302449394986478
8170,0.894522892644952
8171,0.13305643426014505
8172,0.5886128392308124
8173,0.020254283444104744
8174,0.6247076575541604
8175,0.6078671317720091
8176,0.4872651138159922
8177,0.5344886013757154
8178,0.02042413315313398
8179,0.6455032081023625
8180,0.5346645392983841
8181,0.018831031815593993
8182,0.07296374997829505
8183,0.9711118210220995
8184,0.26302493663665344
8185,0.31581201131535164
8186,0.0408054158992681
8187,0.4030346299479208
8188,0.9806938486885017
8189,0.1162414866748022
8190,0.2039591919441095
8191,0.1563604325854971
8192,0.6307407394382927
8193,0.7159174870685677
8194,0.08460040987031221
8195,0.9606977180829028
8196,0.2001814749072816
8197,0.4704846607699562
8198,0.7260603303556985
8199,0.7598553958640811
8200,0.21179687817409787
8201,0.4682159484021023
8202,0.18401608837546768
8203,0.2694593993130628
8204,0.8245404234570793
8205,0.7678694433114639
8206,0.22142553526694617
8207,0.0037832718635380236
8208,0.036907977210987805
8209,0.1428649371889219
8210,0.30195883146352753
8211,0.7961748805620043
8212,0.20929626524450698
8213,0.3886563726369657
8214,0.8927960268686712
8215,0.009312067396375526
8216,0.04344063693970794
8217,0.8194762210136884
8218,0.015995482548041288
8219,0.013946880783090221
8220,0.4602711249584064
8221,0.393720480871136
8222,0.06808559965561406
8223,0.8856713132243006
8224,0.7821882722020994
8225,0.2733066188211346
8226,0.8241967385700593
8227,0.7534875255049831
8228,0.36865067703547655
8229,0.30584802683480417
8230,0.2257933547474513
8231,0.053384832893173556
8232,0.7004051766985872
8233,0.5838543712143969
8234,0.39550669408554684
8235,0.051587079195846965
8236,0.10706206780638546
8237,0.45694874565861776
8238,0.19123114135575606
8239,0.4459713070712247
8240,0.33857189197812093
8241,0.036438248817557924
8242,0.021585543123122768
8243,0.13679990258352812
8244,0.01786587759333271
8245,0.19304762320436894
8246,0.726713175642427
8247,0.8270733109279943
8248,0.09411889347906977
8249,0.2860045705330094
8250,0.7035135571190817
8251,0.8332155126406062
8252,0.6863490095820892
8253,0.026061265139759027
8254,0.1131420790668976
8255,0.7649999478827999
8256,0.2622010286186083
8257,0.10155284038856124
8258,0.8879852437338589
8259,0.08720770179488171
8260,0.17809549710702854
8261,0.08760181388215103
8262,0.9618551100635814
8263,0.09173145488655464
8264,0.39404892220493054
8265,0.12525180688837265
8266,0.04158884432933496
8267,0.04206005852423775
8268,0.25027820494308567
8269,0.5106390276256397
8270,0.6413197065605538
8271,0.1915734493908249
8272,0.8676907638240582
8273,0.059743116115133214
8274,0.749121629945159
8275,0.2939303448137896
8276,0.02556873641063905
8277,0.2538470375031487
8278,0.029659526067563977
8279,0.19420382021493984
8280,0.04062970376011088
8281,0.7084608610120142
8282,0.7041619652162403
8283,0.636266154229573
8284,0.011865229734458284
8285,0.14569557795573168
8286,0.11967137251272153
8287,0.2547878162686355
8288,0.27686388283600283
8289,0.22460684204477746
8290,0.06399143193204859
8291,0.008089542062683079
8292,0.012606827014378468
8293,0.825450761612829
8294,0.9322167292952512
8295,0.015177857438083937
8296,0.8544076272408931
8297,0.9026508089935656
8298,0.8682608656415189
8299,0.11326786860575241
8300,0.039049480382114074
8301,0.25042563740492857
8302,0.7685813259257221
8303,0.012005611561542022
8304,0.018366969646305572
8305,0.004602712829779218
8306,0.11497013654040564
8307,0.2433630540608479
8308,0.02544689075412243
8309,0.633433681594265
8310,0.28807444149211814
8311,0.8419522106795837
8312,0.8758912120994851
8313,0.020046967595511642
8314,0.10066517670538838
8315,0.24094731933713456
8316,0.2435220150838409
8317,0.27708009242208687
8318,0.17140548643477616
8319,0.09416073657416317
8320,0.005111435532520797
8321,0.10518191210273818
8322,0.31931088009672104
8323,0.017555900889270937
8324,0.010352859847728673
8325,0.06344905796748518
8326,0.03497883215451293
8327,0.6365442082317652
8328,0.4107221029414795
8329,0.3310131053903984
8330,0.03740173208078355
8331,0.8932318738804651
8332,0.06250400697316096
8333,0.9737053266010911
8334,0.34397006938205393
8335,0.24867304298377035
8336,0.07882893558867227
8337,0.2130681850698691
8338,0.07108044743899854
8339,0.11214925268904284
8340,0.5723031466647285
8341,0.09271232946732484
8342,0.21762832689543726
8343,0.08826721342409315
8344,0.13971217303596595
8345,0.8955683566043888
8346,0.1345339278608081
8347,0.05200234734622396
8348,0.6742610058382731
8349,0.0025074037340314373
8350,0.21652385768458288
8351,0.012456353383984617
8352,0.23561970309008454
8353,0.7610713070222235
8354,0.14607438347368287
8355,0.33576406604626435
8356,0.10257819003085179
8357,0.061436851515556994
8358,0.054881344416427544
8359,0.2943348744444428
8360,0.3902032545318935
8361,0.12562041307245184
8362,0.10922232556272417
8363,0.27136957226704195
8364,0.036366965073400766
8365,0.7522662230399101
8366,0.1700591191767885
8367,0.02381074675726941
8368,0.2961614741970601
8369,0.8914381549337257
8370,0.090693814015929
8371,0.17895203804136312
8372,0.8675293846844109
8373,0.01333663693340782
8374,0.013918056855618375
8375,0.8717854365012114
8376,0.08850595276339673
8377,0.8942686554319933
8378,0.24314610262113245
8379,0.42466311376880733
8380,0.6963446245970066
8381,0.015944939877256748
8382,0.26196804379479127
8383,0.054174590552248374
8384,0.038430406256547214
8385,0.20140212915303748
8386,0.06062061277827284
8387,0.13457332253366405
8388,0.11664158454914324
8389,0.9321315508954575
8390,0.14060059415765755
8391,0.040682202889032
8392,0.13642028556053565
8393,0.7199908623414438
8394,0.6513872177403982
8395,0.24756081946708539
8396,0.2355312847852395
8397,0.15887598630795519
8398,0.816283710741986
8399,0.8528236347112874
8400,0.2460998325623457
8401,0.1358000268266567
8402,0.11417841782485014
8403,0.04796442360476322
8404,0.40638732168315456
8405,0.1079831396688981
8406,0.27817731525039613
8407,0.34967050144615014
8408,0.08964547163395092
8409,0.007954785646057788
8410,0.08837271936027649
8411,0.015421245876456961
8412,0.7008714473453523
8413,0.23437911430685623
8414,0.22124185183012068
8415,0.08732882321224629
8416,0.9696076465473293
8417,0.17593033472075228
8418,0.00998014035080467
8419,0.3672483790783044
8420,0.668993850661963
8421,0.05053292847795249
8422,0.05843093564572021
8423,0.13537006196706552
8424,0.11892391554731567
8425,0.4429155112047802
8426,0.3131959162088607
8427,0.0056622203479218735
8428,0.031689726528435554
8429,0.9650396605881061
8430,0.1290809807733564
8431,0.466014062960449
8432,0.168265589951184
8433,0.21983562768742324
8434,0.25847926579731473
8435,0.4972391578523589
8436,0.14197629172371928
8437,0.22060745852564856
8438,0.9583788862221968
8439,0.8249863174316056
8440,0.5065126797864562
8441,0.2936044011159614
8442,0.06657321905392885
8443,0.47750453052858777
8444,0.9162976918490746
8445,0.8899622039892836
8446,0.8273855291101204
8447,0.0688071195738592
8448,0.1542489861986114
8449,0.3868719710994829
8450,0.7929054325010424
8451,0.012246748412438101
8452,0.12977539792003884
8453,0.12615408505440495
8454,0.5368547666013473
8455,0.9622499130743206
8456,0.7429141380599609
8457,0.006351216727618045
8458,0.3960050703600234
8459,0.13490756912990015
8460,0.07512733702719727
8461,0.42586323383569646
8462,0.0939656544330644
8463,0.18713498609114218
8464,0.18320230543271337
8465,0.7912654163071859
8466,0.07835956050289483
8467,0.034674744563337544
8468,0.23966776934891754
8469,0.15409095002610124
8470,0.23522179855388406
8471,0.5739956829941616
8472,0.5642071950570552
8473,0.17796730727621204
8474,0.3547224225469625
8475,0.09359017722266048
8476,0.15859457525607643
8477,0.9011858450543692
8478,0.7839624116278088
8479,0.02243603658545397
8480,0.4011264049462206
8481,0.04772438752190849
8482,0.15120589960412573
8483,0.12242404977978229
8484,0.12268444118809063
8485,0.18831718465603622
8486,0.07697660997711557
8487,0.09031462119160642
8488,0.34473881668735157
8489,0.9281252564054859
8490,0.009614207760716321
8491,0.7753475340051744
8492,0.9610483556414787
8493,0.005140020759685775
8494,0.010869972024497075
8495,0.662760175663916
8496,0.017547623812655247
8497,0.8730318539706735
8498,0.06404929204215633
8499,0.013098199555590152
8500,0.08754360057323023
8501,0.1903255148838892
8502,0.11947049635400452
8503,0.7001360562635984
8504,0.11110377864237696
8505,0.8853429198706512
8506,0.4330055444581017
8507,0.5176762310843149
8508,0.008328679536592849
8509,0.14991269652763992
8510,0.4872604859037085
8511,0.2691750048228376
8512,0.7663882100056144
8513,0.020415544855350617
8514,0.02409096101533189
8515,0.9167360898019451
8516,0.4221751043279286
8517,0.0816908524822084
8518,0.005672487858238921
8519,0.44875712847170507
8520,0.056077550911793415
8521,0.7158613072869632
8522,0.47647434410979417
8523,0.9420605054081358
8524,0.10224136281895548
8525,0.8350623069020344
8526,0.09206734027108328
8527,0.003617086604434955
8528,0.003950835350378222
8529,0.22369296456463217
8530,0.9571735680697188
8531,0.9274923182944625
8532,0.17413344114583326
8533,0.028216647000871793
8534,0.12386851517119554
8535,0.7136793474286424
8536,0.03328486266474777
8537,0.008454221666584685
8538,0.39563499981008593
8539,0.8691688763004439
8540,0.1683840424608273
8541,0.16279136521444543
8542,0.3737933407880662
8543,0.7293383135101764
8544,0.07681573342902778
8545,0.031293376465854644
8546,0.04596556583340426
8547,0.19846094843223383
8548,0.1078147998972741
8549,0.7725978114922647
8550,0.03164023677480645
8551,0.010402737870688555
8552,0.11865166325669149
8553,0.0229094197020185
8554,0.00890470335180974
8555,0.026773596512929924
8556,0.0869797256215523
8557,0.024577289948195573
8558,0.15168893751359894
8559,0.8237500253278824
8560,0.8864004627570368
8561,0.2576839205310426
8562,0.30626727104879187
8563,0.644009665764643
8564,0.5548926413350825
8565,0.8416514786987426
8566,0.9705848655969939
8567,0.5933971082925484
8568,0.635320864382019
8569,0.023561981083747807
8570,0.14970204142958934
8571,0.05806069178153276
8572,0.028432959177263295
8573,0.005919814770241023
8574,0.2589993089987154
8575,0.005733564233518398
8576,0.515759635062506
8577,0.05576096661011673
8578,0.03582270939405322
8579,0.10230106186370742
8580,0.2299906964664941
8581,0.5926266406792069
8582,0.07332233073700763
8583,0.017227353891365416
8584,0.500730510979479
8585,0.02203263715919507
8586,0.01674685181553863
8587,0.013614863185709992
8588,0.2986922797010897
8589,0.09194355446447164
8590,0.020257759813644183
8591,0.7801384739554417
8592,0.1050792716439049
8593,0.6666011567436084
8594,0.08940893590202073
8595,0.1077070778100743
8596,0.8397847382136091
8597,0.21488947803357025
8598,0.004987155111086024
8599,0.904187572197773
8600,0.044474281984004715
8601,0.03170040986643518
8602,0.374522795137038
8603,0.045796142924476986
8604,0.0036546308687552052
8605,0.18396141617325895
8606,0.3165858883904419
8607,0.07329003447278398
8608,0.023704018398728145
8609,0.6166550311338166
8610,0.8113013229915996
8611,0.012528435840931948
8612,0.6713497819906517
8613,0.6411083452890084
8614,0.11109236916130234
8615,0.24194961886823255
8616,0.23111842104573027
8617,0.0530473216638128
8618,0.044079063164613186
8619,0.10012991606338566
8620,0.17839637182787046
8621,0.19932487209021554
8622,0.5556959043361208
8623,0.18622394711070306
8624,0.21549376517863825
8625,0.0919634845690799
8626,0.013016035850661863
8627,0.381248349253901
8628,0.04212440159940848
8629,0.2569763748776169
8630,0.3335899103642932
8631,0.06405370196166045
8632,0.531686806660827
8633,0.10321655912687808
8634,0.8458475555334023
8635,0.5122514639609685
8636,0.2245088142391467
8637,0.02268863641741676
8638,0.0251818107024361
8639,0.17614510768684272
8640,0.05001576601020154
8641,0.027818112433979775
8642,0.10873529133635776
8643,0.06902078760791529
8644,0.43986099892043096
8645,0.03860465520884645
8646,0.20627243538338644
8647,0.6953715683005737
8648,0.07194947894470008
8649,0.00303746136737986
8650,0.32921605857737274
8651,0.23978113763731915
8652,0.7748526657577253
8653,0.25843676829071355
8654,0.09116608211345208
8655,0.029901697401482335
8656,0.07771505274190353
8657,0.2978193101053799
8658,0.11700464933229975
8659,0.6570413769195694
8660,0.010341437382736246
8661,0.23132503032561413
8662,0.7371645760906793
8663,0.015254475803790222
8664,0.03202237323606758
8665,0.003582967473002874
8666,0.5705311212517031
8667,0.5718813562399024
8668,0.01968292281137166
8669,0.9256883344219811
8670,0.13381932333655525
8671,0.5129782721178467
8672,0.015446848546630912
8673,0.016369150715829298
8674,0.028678665829009724
8675,0.9691640605991872
8676,0.7761707135025396
8677,0.0164506552625151
8678,0.021369683281601243
8679,0.02798972151192864
8680,0.6390198772340822
8681,0.7490925902305262
8682,0.042741268588172836
8683,0.853943864610374
8684,0.14518764395464828
8685,0.7336485339213439
8686,0.8749713294207286
8687,0.05037070952614107
8688,0.5587776319149022
8689,0.3628846146356582
8690,0.13132260329455278
8691,0.1131929110403366
8692,0.7102461082525827
8693,0.6976210373325273
8694,0.9600615746500912
8695,0.6705769558455382
8696,0.8728461333753924
8697,0.09033682876736047
8698,0.06334903912627184
8699,0.9591288272241731
8700,0.060180728946098876
8701,0.03412126159640392
8702,0.2550041615999244
8703,0.23229140391532624
8704,0.05628006640812875
8705,0.13738027298462913
8706,0.01583824470232475
8707,0.4630774037919348
8708,0.0826523585346535
8709,0.2709087046107042
8710,0.9227384810535829
8711,0.2747861155331527
8712,0.03875596793540008
8713,0.05364218150668369
8714,0.824647530239122
8715,0.15475920256890544
8716,0.7169023168062146
8717,0.3691583852396415
8718,0.31023888169346786
8719,0.3416983280157327
8720,0.14309619176688085
8721,0.4195960033134377
8722,0.15497103700900416
8723,0.11988467310121126
8724,0.023271499385980218
8725,0.6921323875011066
8726,0.1668031024098134
8727,0.04366497101252028
8728,0.5355458649954833
8729,0.73377218413967
8730,0.1053365939493134
8731,0.5641023259552688
8732,0.8246167455406778
8733,0.2019742396951283
8734,0.1772967131968624
8735,0.6766098600132249
8736,0.5524705756738831
8737,0.0036812147307986464
8738,0.07144317741530931
8739,0.044863384379530004
8740,0.011503968072782214
8741,0.04061369521674646
8742,0.5698118334012137
8743,0.767981221682629
8744,0.013125375552972813
8745,0.046721454688109565
8746,0.3761948736835269
8747,0.006655212898300392
8748,0.9698333879231225
8749,0.28580814593386245
8750,0.17883960664047566
8751,0.055533533045536494
8752,0.06545992395866619
8753,0.08459116148926432
8754,0.391016815982976
8755,0.13321167497307285
8756,0.11794963939771029
8757,0.36650499769946643
8758,0.1593301245530576
8759,0.3991045738503883
8760,0.024188363933194804
8761,0.01893932254071972
8762,0.019127729990359305
8763,0.0032870597771702437
8764,0.03150680649982946
8765,0.049986589298142856
8766,0.22578720123931773
8767,0.07563573503289847
8768,0.04540607986346564
8769,0.0033546059916385288
8770,0.1439569354339533
8771,0.12679092462207697
8772,0.04334045771967298
8773,0.021684952727627885
8774,0.47611089800640577
8775,0.49409198557962003
8776,0.825463103122133
8777,0.2939253524548259
8778,0.48541961823042246
8779,0.016551409205418678
8780,0.006188935493689448
8781,0.3002400680899962
8782,0.8736751790961254
8783,0.00808049464565334
8784,0.2622103079402971
8785,0.46985646005952647
8786,0.7869324874256661
8787,0.3917716911535251
8788,0.17057620021139477
8789,0.16820360636334583
8790,0.6119246118187427
8791,0.34770813191161726
8792,0.08426606399213446
8793,0.023593659486142202
8794,0.8995494617041889
8795,0.020613874668634402
8796,0.07213471079405477
8797,0.1365739651031815
8798,0.22353608380855422
8799,0.5180969750328454
8800,0.8974149011212288
8801,0.061452872908454165
8802,0.07877184130787322
8803,0.017662653055451113
8804,0.21233623989569098
8805,0.06510525676114973
8806,0.1619426368495764
8807,0.11560655072828133
8808,0.7299244050854026
8809,0.9424365718670411
8810,0.03936380032966506
8811,0.49265029038246416
8812,0.3981513861773198
8813,0.306399635756398
8814,0.12190766533587528
8815,0.3766474446974252
8816,0.8398076234681301
8817,0.2673116372391003
8818,0.02451488082677735
8819,0.03870997227527575
8820,0.16256003139051503
8821,0.2515555032352151
8822,0.06681200332765576
8823,0.018894251293210977
8824,0.07309190370333528
8825,0.030492213725459523
8826,0.024834203789358775
8827,0.1439788160475874
8828,0.17594806657202003
8829,0.3100087915891986
8830,0.660336173948554
8831,0.004293271160698774
8832,0.014240147145220929
8833,0.13343196725076387
8834,0.2666893634392162
8835,0.07855621563786618
8836,0.03533738768006803
8837,0.025633134674929225
8838,0.7765142128306577
8839,0.40920774534712706
8840,0.2959894384594509
8841,0.5449131500034307
8842,0.34423423082754356
8843,0.34550502667860106
8844,0.22111539448608966
8845,0.05185457470478282
8846,0.8846255070690774
8847,0.3622057051077438
8848,0.8693545094023238
8849,0.25337648906084664
8850,0.2772846777366292
8851,0.5834393507091771
8852,0.10003245938299792
8853,0.5093295009914632
8854,0.1974119787511207
8855,0.2366730728067439
8856,0.017149306686306993
8857,0.10537247195904392
8858,0.30708946019203687
8859,0.04156675586514468
8860,0.8860674683447591
8861,0.030079488207768706
8862,0.1688085385622949
8863,0.01179928947463386
8864,0.05355070534524784
8865,0.029401915145583206
8866,0.029664756702596523
8867,0.2444296293836617
8868,0.011676912869112143
8869,0.043025793925281074
8870,0.7802494185124875
8871,0.12716097560466016
8872,0.0566618216342569
8873,0.005733684733484542
8874,0.9718622306012452
8875,0.7188675845083967
8876,0.14856903124870927
8877,0.14565631849083693
8878,0.008520369476362238
8879,0.3820051327733533
8880,0.056859000776446525
8881,0.6269191630795244
8882,0.6160250791615074
8883,0.17382472520479306
8884,0.18065792175974557
8885,0.8462116002026757
8886,0.10634952582376686
8887,0.027192767377735495
8888,0.11321474209233673
8889,0.0074439291326855095
8890,0.011317451345108412
8891,0.8025834163344161
8892,0.12165903645722345
8893,0.07135370878483076
8894,0.5696769469746185
8895,0.2233193024542613
8896,0.12891757834306258
8897,0.5538146933156148
8898,0.2119059421985073
8899,0.1035454972042758
8900,0.034905727871709605
8901,0.6402059979902744
8902,0.13176517398367182
8903,0.3208940442365194
8904,0.9531260365920287
8905,0.40713300853988416
8906,0.07406819968841342
8907,0.841999756294973
8908,0.08070551206293623
8909,0.624623537881164
8910,0.3148339747304119
8911,0.10406598961020083
8912,0.13203253818229177
8913,0.14794180872660326
8914,0.7740830512293229
8915,0.14553239127354073
8916,0.003117279770790145
8917,0.08764815869482956
8918,0.11570689382113562
8919,0.31265919078826954
8920,0.0653300250358706
8921,0.18903272485245318
8922,0.9122334216575277
8923,0.08210680151025604
8924,0.490806807564892
8925,0.23130353190220126
8926,0.9112678611660122
8927,0.5765619994328736
8928,0.6002788837889378
8929,0.046659753858935143
8930,0.32302307562901045
8931,0.00456242308980636
8932,0.1864216580746951
8933,0.34037923707509854
8934,0.006152619408114965
8935,0.3004247711547687
8936,0.04330133379714111
8937,0.010512507467327228
8938,0.8266602041916894
8939,0.04413744898340908
8940,0.4904321122750582
8941,0.47723642811054695
8942,0.09296567787547722
8943,0.31214393251114075
8944,0.9340361943925917
8945,0.019381757359372347
8946,0.0522723776864046
8947,0.26613563064926066
8948,0.8957445798052474
8949,0.2482745558718116
8950,0.01696422846758527
8951,0.06865756512647263
8952,0.07830494345044745
8953,0.8344871484209673
8954,0.006840828881433901
8955,0.8727247889588857
8956,0.12351491581383948
8957,0.5844285508870412
8958,0.060605299470971576
8959,0.5038620953467555
8960,0.09442320236319128
8961,0.7611183081825116
8962,0.24187185139160394
8963,0.28378591159316274
8964,0.04231167295233736
8965,0.6703141128859068
8966,0.02961493513264579
8967,0.20520913580654385
8968,0.9769546163191782
8969,0.2415770273439646
8970,0.260081883298987
8971,0.3164192965469569
8972,0.11564118442978977
8973,0.8811743061261036
8974,0.9078598732711922
8975,0.4227450083324512
8976,0.9282093915569114
8977,0.009242178314054625
8978,0.5320226715285117
8979,0.06077637337895087
8980,0.6793344004036374
8981,0.04842217941463082
8982,0.09974855753197248
8983,0.0037389021928808503
8984,0.17371985996487957
8985,0.2262578907593724
8986,0.06301747157363992
8987,0.8899736795482753
8988,0.2391811254365477
8989,0.6570435034722032
8990,0.014083590913980983
8991,0.004677441283592047
8992,0.5937232682167355
8993,0.07317103141094551
8994,0.342604648051146
8995,0.2021265853864359
8996,0.01800903796412573
8997,0.0956825628472563
8998,0.11202163699742283
8999,0.8256135065870728
9000,0.4629905668392325
9001,0.8990051688095038
9002,0.5981262226972115
9003,0.040240881580356914
9004,0.00866625100979942
9005,0.667317175424162
9006,0.32914391300786455
9007,0.4995106357481934
9008,0.534817402821776
9009,0.23329393659813938
9010,0.007896944731833574
9011,0.09932135934509814
9012,0.759187311729159
9013,0.7154089711301987
9014,0.4563498358594854
9015,0.054912362655900666
9016,0.05599684172035234
9017,0.7742317134159492
9018,0.03280744698494341
9019,0.1550033669376456
9020,0.09340654342148665
9021,0.11683959361609433
9022,0.6025022995253964
9023,0.23532973383430927
9024,0.1454345710794549
9025,0.054134178352228376
9026,0.24496233945443252
9027,0.0455972048056052
9028,0.162078538540195
9029,0.3579281444348444
9030,0.020594131621298323
9031,0.22430824434588995
9032,0.6923111220061073
9033,0.10549058816452675
9034,0.006321163566127911
9035,0.08258874685108354
9036,0.14000811053405118
9037,0.45809023466389054
9038,0.8329238543956125
9039,0.5020080291848198
9040,0.044092567866739235
9041,0.18424458788262568
9042,0.7387375715486865
9043,0.03017241075588163
9044,0.10517010195123591
9045,0.024517373039718522
9046,0.12246121436415419
9047,0.03406764050104451
9048,0.16665660780080413
9049,0.35271940900741067
9050,0.16543920437296095
9051,0.09762226285880529
9052,0.10662079333384133
9053,0.10566062101294925
9054,0.009789340964821648
9055,0.08879789598698513
9056,0.10556750230223272
9057,0.45570159083300543
9058,0.1470600798058867
9059,0.6787205809848622
9060,0.016725591264611924
9061,0.5155644624760497
9062,0.41889625928418356
9063,0.06539838778652943
9064,0.01829549956403141
9065,0.08783527109890656
9066,0.27649774666614224
9067,0.4332800297214615
9068,0.4456315547802044
9069,0.22073677790707102
9070,0.8240945211438465
9071,0.3279981851938292
9072,0.05011186247139602
9073,0.037117021057105286
9074,0.025333830620936013
9075,0.2646680996572294
9076,0.007971500687835201
9077,0.0676070890840542
9078,0.38066668036012014
9079,0.033334177528771096
9080,0.17145372722973992
9081,0.21967698110498401
9082,0.10731452829834717
9083,0.2181006482932634
9084,0.14602897383911398
9085,0.03841594715887269
9086,0.925480982704816
9087,0.7263840673362597
9088,0.06616664148596639
9089,0.09756990453160773
9090,0.08761891763968876
9091,0.022629850403664425
9092,0.03272725879298037
9093,0.41108188926225064
9094,0.07961963420695314
9095,0.08858543011740698
9096,0.016967994067908942
9097,0.816000842924083
9098,0.523332561540202
9099,0.13040343856308792
9100,0.47426141739335126
9101,0.7235420136452436
9102,0.0850253027344178
9103,0.04443265785812469
9104,0.08889180015000925
9105,0.03740581704679959
9106,0.1784053991094487
9107,0.8182657760283386
9108,0.8644317042089728
9109,0.04483434929035768
9110,0.5833789566823193
9111,0.2604159160978578
9112,0.1157187860617094
9113,0.44201753742881833
9114,0.35550318390199537
9115,0.06028133964164302
9116,0.6150624941966445
9117,0.02721271084593259
9118,0.03766875959317587
9119,0.08153029418091502
9120,0.35864955042904556
9121,0.03158469586528481
9122,0.6515394934562343
9123,0.035338562045753676
9124,0.8242292131594388
9125,0.17097896620555855
9126,0.008333581955783466
9127,0.18299869421820786
9128,0.03661389014949661
9129,0.8351316974150147
9130,0.8751185567430254
9131,0.16651600978907202
9132,0.4895033338216283
9133,0.0086937961313036
9134,0.5157263945001062
9135,0.7560771500559749
9136,0.7273476635781029
9137,0.09242283117821368
9138,0.010197449887429239
9139,0.04275856759067657
9140,0.30393199989921366
9141,0.927712397951349
9142,0.28642376206222414
9143,0.0022839740321403614
9144,0.20370390969724572
9145,0.14702579806905805
9146,0.9052792338681968
9147,0.1090640048695062
9148,0.38322576214828585
9149,0.5517536744452597
9150,0.2806887159989724
9151,0.12968831907135792
9152,0.4005084823425984
9153,0.43627113638774895
9154,0.1389163050318074
9155,0.45555919694087504
9156,0.029114179479087537
9157,0.34539276683259545
9158,0.029020847893696883
9159,0.00391154990352859
9160,0.6886498704146052
9161,0.9061870558880222
9162,0.48574167125757
9163,0.2382554610388111
9164,0.3148572835030778
9165,0.8240893996129627
9166,0.13113885347012144
9167,0.1455509269883624
9168,0.002467355379503406
9169,0.15978644859036276
9170,0.7706889830660828
9171,0.3593369936263605
9172,0.7961462168794003
9173,0.8265000209396437
9174,0.036496061308698036
9175,0.1700202530160592
9176,0.051644329205710514
9177,0.02383893392007209
9178,0.055864671971995086
9179,0.9723046575581213
9180,0.37043716534061394
9181,0.7866939875862982
9182,0.18940614928806834
9183,0.002655455119758853
9184,0.5522571970246968
9185,0.22485312600539314
9186,0.32103005107538934
9187,0.0409472142927786
9188,0.12216558230914633
9189,0.2559319057218345
9190,0.3575875488600427
9191,0.7950032842243443
9192,0.9460191972701294
9193,0.9743127365811598
9194,0.2311407297086499
9195,0.3048793796371051
9196,0.8132173091691822
9197,0.12563819718879377
9198,0.8369064200770452
9199,0.22137616738776242
9200,0.5837883671590436
9201,0.005503290191999051
9202,0.004387555991997629
9203,0.7697826302870795
9204,0.22705576854405846
9205,0.237408309434779
9206,0.6055255322110388
9207,0.13265678043682896
9208,0.31929205308676145
9209,0.14841651419787108
9210,0.8926548450154842
9211,0.14236082543051573
9212,0.5583221156411876
9213,0.04727115693090457
9214,0.10798653637962483
9215,0.8813526660402675
9216,0.0038761210719368603
9217,0.10393623586982309
9218,0.9451476953553652
9219,0.37321589369406316
9220,0.08110268294195529
9221,0.2144089739922022
9222,0.8718975933005184
9223,0.4994485480108048
9224,0.2274840482243979
9225,0.20453755703466733
9226,0.012814064009920577
9227,0.5129898105325476
9228,0.9440516543050573
9229,0.12060202877152762
9230,0.7699635790478212
9231,0.7872245496231467
9232,0.10100595055836929
9233,0.018520650525252272
9234,0.7832883346446659
9235,0.018526162749638704
9236,0.2571470284198297
9237,0.6258513469444064
9238,0.010811191700774889
9239,0.24665043852792895
9240,0.19580963502986606
9241,0.3488028518907099
9242,0.12011365696916838
9243,0.7129449475821727
9244,0.19781898052627905
9245,0.35175745551142235
9246,0.9240791803603338
9247,0.3488761029357654
9248,0.02748147181780787
9249,0.6734492703525944
9250,0.4990906932184221
9251,0.02736327289437093
9252,0.6716351455121866
9253,0.15544748588305743
9254,0.06301573540741101
9255,0.08871440822529741
9256,0.017702800543458398
9257,0.024696535204827064
9258,0.8453697961580323
9259,0.04575655382223342
9260,0.20452570541857434
9261,0.9253082116874667
9262,0.031586623284269096
9263,0.3420023964342608
9264,0.032840799027917894
9265,0.09180554478641288
9266,0.06624862765334687
9267,0.9015464323989102
9268,0.9002511703748185
9269,0.00521014960837519
9270,0.010401273195116387
9271,0.0845856254894911
9272,0.17692028246448713
9273,0.7478566419255138
9274,0.9146463405825563
9275,0.06539409846860639
9276,0.04446183665661371
9277,0.5675961086443265
9278,0.11151400668829686
9279,0.17315738409457138
9280,0.0049742089148208475
9281,0.3932990250883179
9282,0.1279738736769865
9283,0.820292823003631
9284,0.09113791173568003
9285,0.05823693528462204
9286,0.02361519105487156
9287,0.038758388583744106
9288,0.21879744098874382
9289,0.28263274404888983
9290,0.13667898602335665
9291,0.21024527804513804
9292,0.7396907671577825
9293,0.08388986004513024
9294,0.31582351002557457
9295,0.2085729061540916
9296,0.0915858832315659
9297,0.2084457885533961
9298,0.1506885553803006
9299,0.0853375445127844
9300,0.1429417078590441
9301,0.1799795840454445
9302,0.40642543294345257
9303,0.066504318099109
9304,0.12262765573995976
9305,0.009156590593924305
9306,0.13728224576134943
9307,0.05079267608578771
9308,0.38268936084331806
9309,0.14639278968556396
9310,0.22622073071576612
9311,0.12404587728384674
9312,0.4374330213214442
9313,0.1689636129207585
9314,0.29455364159285186
9315,0.04169963239050322
9316,0.9248405179006993
9317,0.18822116733467387
9318,0.040245196778394415
9319,0.08730982872953075
9320,0.08376782676811724
9321,0.12645663580728575
9322,0.027700472427251942
9323,0.9302552064550265
9324,0.7564086507391606
9325,0.09022192830131023
9326,0.6029723005615577
9327,0.18630240855223307
9328,0.9520556495663178
9329,0.09210016473052807
9330,0.18068846952453962
9331,0.634012028040288
9332,0.006649379793131453
9333,0.09646249692923173
9334,0.6008259589923549
9335,0.0824272779638293
9336,0.5116504256511264
9337,0.11926443142536437
9338,0.40546873455774496
9339,0.8752967041259817
9340,0.027792923565482942
9341,0.02921294188605468
9342,0.8895337596387446
9343,0.5324853289425819
9344,0.7848016806369861
9345,0.22787153918424516
9346,0.023050407313462563
9347,0.06030136423510265
9348,0.602763789455614
9349,0.042165090382904974
9350,0.08136623619263834
9351,0.44379709480048224
9352,0.0051787935710878846
9353,0.26950037882290806
9354,0.3286792082374251
9355,0.12940978428345437
9356,0.042720716214427086
9357,0.2493124774521206
9358,0.16572390559804898
9359,0.09795433052748381
9360,0.5823848434591417
9361,0.02461628456120116
9362,0.03185931327473181
9363,0.31235812391166384
9364,0.11507135049774804
9365,0.36747441030960165
9366,0.20413579502675566
9367,0.9280609220960833
9368,0.17687129048173827
9369,0.012894268571430806
9370,0.40342310346746724
9371,0.4181944930074952
9372,0.7510307335522541
9373,0.264537841936753
9374,0.05822730213248967
9375,0.6190052302935636
9376,0.3945578499197379
9377,0.06922935748654875
9378,0.9120316683031876
9379,0.8825723443538407
9380,0.17410428844574197
9381,0.12201730844749459
9382,0.6307588195479107
9383,0.035314628768670586
9384,0.6225649147819037
9385,0.2939912203698799
9386,0.13881058533009727
9387,0.08538463235319475
9388,0.8984291169551024
9389,0.8875941095429343
9390,0.07102891399748644
9391,0.8028279082819034
9392,0.029762165312515014
9393,0.8962387605175369
9394,0.02333978568844165
9395,0.82714516660646
9396,0.14315889210869964
9397,0.117149503528232
9398,0.03307401855774364
9399,0.06740397598814987
9400,0.23416367524906873
9401,0.8451814594813128
9402,0.5732424742461923
9403,0.17489012495233422
9404,0.048131425242867
9405,0.9476512376527815
9406,0.956254883969581
9407,0.017431963998802126
9408,0.34002362987116574
9409,0.137318063449005
9410,0.11747446885299308
9411,0.15711371277807026
9412,0.13984204945959547
9413,0.1201665578331351
9414,0.1358083003432615
9415,0.2873007545763326
9416,0.08803187784582459
9417,0.025148825929193167
9418,0.3803190641748456
9419,0.017487277456722135
9420,0.048321997752143506
9421,0.1276204504546044
9422,0.5308887325697994
9423,0.27737053936096123
9424,0.2194189964438511
9425,0.22185882822948458
9426,0.02441398842179336
9427,0.6322858593185127
9428,0.4824335994550327
9429,0.11698085856990971
9430,0.008441726737951431
9431,0.9496788011098041
9432,0.9498295776172335
9433,0.7234480103560185
9434,0.008924980953112784
9435,0.7924395902171665
9436,0.887864819224132
9437,0.2642941471643067
9438,0.15474943093939858
9439,0.20613082059499224
9440,0.5327248446987958
9441,0.014862367069950687
9442,0.9374110569725764
9443,0.8267263866123061
9444,0.131672447578879
9445,0.14396477022275325
9446,0.24928080736887853
9447,0.5586605971028183
9448,0.1402604389471201
9449,0.8329273473064753
9450,0.5718231581076763
9451,0.7260348491202684
9452,0.017133895394400314
9453,0.5975713215984877
9454,0.8609215208366919
9455,0.205061684114374
9456,0.3663167767153012
9457,0.12305387652941746
9458,0.041950015581885026
9459,0.07697543438192017
9460,0.07159965440377308
9461,0.04521687887332663
9462,0.8306788678808973
9463,0.15262444042530945
9464,0.15097577132980108
9465,0.7143271065384135
9466,0.18810680881669548
9467,0.004224428380278879
9468,0.02249089484326418
9469,0.14865702798336466
9470,0.37738239696356746
9471,0.4318194480857725
9472,0.0032975455467454244
9473,0.16300245369970898
9474,0.8990576630390491
9475,0.30369230501645156
9476,0.05019981477612519
9477,0.007819743821409908
9478,0.03307401855774364
9479,0.03586912755831544
9480,0.32107734285198003
9481,0.1503147327996014
9482,0.022528477410869635
9483,0.11162283043646859
9484,0.8726716378264782
9485,0.033232956832850755
9486,0.23456094434771177
9487,0.49574782982147225
9488,0.07445042283754949
9489,0.8906122908224029
9490,0.8824574228362776
9491,0.37420380380244145
9492,0.047851466947155905
9493,0.2900669852415114
9494,0.18934691489468555
9495,0.23259692789131062
9496,0.08563271222630023
9497,0.8484229855232782
9498,0.709857286594345
9499,0.11873054544643137
9500,0.060071224168643876
9501,0.040211306695439826
9502,0.11328155523860998
9503,0.5934236165452633
9504,0.3775645774692815
9505,0.9270596732967101
9506,0.055835188405743606
9507,0.045536263110221735
9508,0.12998933315129502
9509,0.5152373640008946
9510,0.05519815119585105
9511,0.024265972192357512
9512,0.6433777845311571
9513,0.5795390927221863
9514,0.012357328969377678
9515,0.013278740726498374
9516,0.836829294221947
9517,0.25930690744540746
9518,0.053788644957658616
9519,0.40908074985241566
9520,0.020966968800812155
9521,0.05794932141585477
9522,0.07173781515932172
9523,0.42296503978992106
9524,0.04472970204730818
9525,0.5124775578365489
9526,0.5176720754547681
9527,0.06416333993491985
9528,0.11757326637645495
9529,0.41865878866428125
9530,0.11202221095540792
9531,0.07070568702787662
9532,0.8493913455355234
9533,0.36235132227711064
9534,0.8943945534028018
9535,0.6495602306117941
9536,0.01231974669147363
9537,0.0651213695638679
9538,0.775924024129387
9539,0.8628146401772463
9540,0.08924200747006243
9541,0.8404543145028136
9542,0.12608131120498758
9543,0.8656815288693498
9544,0.4709885513259061
9545,0.3859437041984282
9546,0.7150156928994995
9547,0.4466616956209904
9548,0.5842136744863451
9549,0.15040371348926393
9550,0.153293595906382
9551,0.0744412552690834
9552,0.00602131281516187
9553,0.009292441924094992
9554,0.7708883360961284
9555,0.12557896449534603
9556,0.5927278308149512
9557,0.9074875254114428
9558,0.5862203049156891
9559,0.27070399766832004
9560,0.8739607345501637
9561,0.08300448493408029
9562,0.05349309283203964
9563,0.9533241095320835
9564,0.22978011102875692
9565,0.01384661251838387
9566,0.02452726274719972
9567,0.05874466418117905
9568,0.3480093779830784
9569,0.08157801595618408
9570,0.884539276095419
9571,0.43917206292308275
9572,0.11164476757396768
9573,0.8682047787965195
9574,0.7230013670801588
9575,0.29327169658397373
9576,0.006106278214241109
9577,0.20481632481184378
9578,0.3140278522715751
9579,0.11056389383271256
9580,0.012680870413388579
9581,0.49800315363573083
9582,0.9247756629514223
9583,0.014698058493373816
9584,0.06417565376029907
9585,0.6168482518592221
9586,0.8488889474880462
9587,0.03750255351986635
9588,0.12113648722788489
9589,0.04987185045494144
9590,0.015432049385403223
9591,0.9749702513408551
9592,0.4984069225453456
9593,0.19381917903206705
9594,0.25934783880846013
9595,0.10042599638406131
9596,0.009914128030402944
9597,0.9510593791488604
9598,0.03779110899095368
9599,0.08606721269082171
9600,0.6352848703068167
9601,0.029324370894648042
9602,0.6544646437250047
9603,0.6193061088548211
9604,0.05521107871592794
9605,0.47981821918609474
9606,0.04467583046842446
9607,0.14327524685913953
9608,0.4831029534883998
9609,0.5623400673200942
9610,0.8517423309831482
9611,0.0068276356809836335
9612,0.25022635684762606
9613,0.5013004074704172
9614,0.5939416235239905
9615,0.2622038017386436
9616,0.19232109755974972
9617,0.02462593717957859
9618,0.2092114165789277
9619,0.2343497136096418
9620,0.13777240038076644
9621,0.7283145348401097
9622,0.6411142280495374
9623,0.8997612428018422
9624,0.003971131021529518
9625,0.026290213580609376
9626,0.0961554465092503
9627,0.8939497165489768
9628,0.3220461857214499
9629,0.07745688217778744
9630,0.02673460270436337
9631,0.31792815897057525
9632,0.0017932354798763286
9633,0.3384290827230586
9634,0.04642527437549399
9635,0.037779580746986466
9636,0.908347687357079
9637,0.20397513708181775
9638,0.0244754699715306
9639,0.01507801384542379
9640,0.1400825388573549
9641,0.023548998257671504
9642,0.5609341762729342
9643,0.9414510588937658
9644,0.28810414981465926
9645,0.03573106152902197
9646,0.8509391663609351
9647,0.26034057883824235
9648,0.23204543535156896
9649,0.12680135170921236
9650,0.26067948396626534
9651,0.23332256904014761
9652,0.17106013028785857
9653,0.9014548764415024
9654,0.6894273418301401
9655,0.3864753160366278
9656,0.016079046432869393
9657,0.7124498929067905
9658,0.03459880022389311
9659,0.30503168113222
9660,0.4484245515955793
9661,0.5803633415481907
9662,0.5915505364964381
9663,0.24107318726567187
9664,0.0028710871822573234
9665,0.04179148967027718
9666,0.44593495017999435
9667,0.9117432081455822
9668,0.24624687176143656
9669,0.0075692587810267395
9670,0.10037225894565523
9671,0.04392905316116145
9672,0.12148440211561734
9673,0.8461753624219783
9674,0.12228591188143198
9675,0.09301030128441623
9676,0.05955187567497249
9677,0.5305320356817801
9678,0.31579593587089555
9679,0.18506379715082494
9680,0.9334730167610458
9681,0.03854815336565459
9682,0.1360497917048719
9683,0.10231908801081907
9684,0.0747237256834479
9685,0.1969209347766435
9686,0.012720797111571284
9687,0.029298133044723177
9688,0.7305978092968047
9689,0.038730466401209404
9690,0.4130742637460155
9691,0.10084719594963631
9692,0.07368928465150418
9693,0.2515446233132599
9694,0.06140871371350938
9695,0.1884237028936459
9696,0.019024864435497627
9697,0.019968533704816244
9698,0.9265270765570405
9699,0.12362913491810149
9700,0.5470685981382095
9701,0.1589026684595092
9702,0.19016423649583175
9703,0.006027584687915292
9704,0.0651524522601335
9705,0.17881505742840528
9706,0.07053278239449857
9707,0.01895381110546691
9708,0.8596466960897067
9709,0.03662933179949578
9710,0.2734028599115502
9711,0.11827465662647123
9712,0.10671341515102185
9713,0.00931912867301907
9714,0.1080006653198997
9715,0.23393796597956623
9716,0.10051597199729526
9717,0.9450379573835166
9718,0.3310630973365314
9719,0.5943098114468285
9720,0.12811286408897452
9721,0.02668802319026463
9722,0.020458780365260068
9723,0.04689197238654713
9724,0.9132669753927286
9725,0.07929951699661468
9726,0.3442825175264556
9727,0.23624642963279585
9728,0.8643430548975538
9729,0.1935495860963211
9730,0.38365591959822004
9731,0.07181242044322517
9732,0.32799114864249107
9733,0.07032196928763024
9734,0.3846008959592803
9735,0.29636346338804537
9736,0.18223852806711147
9737,0.10669616478356064
9738,0.8039853753088557
9739,0.03549331267370286
9740,0.29331921379269954
9741,0.015387609428735844
9742,0.21714738308966872
9743,0.969855679326575
9744,0.17241591102382997
9745,0.9337535172808519
9746,0.0077499335676464685
9747,0.41607156468854384
9748,0.5350783820016409
9749,0.6743175213765774
9750,0.1276204504546044
9751,0.3060263624740902
9752,0.25832968536677914
9753,0.7023789106783396
9754,0.6951504506592713
9755,0.7086599454023651
9756,0.16255744697707092
9757,0.6404826637216446
9758,0.24150231934903693
9759,0.010404650928863906
9760,0.9076011428878391
9761,0.046961024784221324
9762,0.7987965280698995
9763,0.1378188664649604
9764,0.06605044078381134
9765,0.30169464460719697
9766,0.0778992799053647
9767,0.17768035752861033
9768,0.005519622541540455
9769,0.491503082676075
9770,0.015677763555891233
9771,0.10916134411618407
9772,0.7738067030771204
9773,0.9095399666716765
9774,0.06439930990051258
9775,0.11330762997396393
9776,0.4094684861097327
9777,0.17082963501682405
9778,0.1147348673585256
9779,0.04727519804711463
9780,0.1902606563656001
9781,0.0058634842748993155
9782,0.4475387929046214
9783,0.5470742045760003
9784,0.029468331374512605
9785,0.21410815634823732
9786,0.2773800734433636
9787,0.38316503143815867
9788,0.6937985332590947
9789,0.7001665038202124
9790,0.18599890446517625
9791,0.0094376325985721
9792,0.07933660586596872
9793,0.24051803778787875
9794,0.06126808905765222
9795,0.044546692581917596
9796,0.8636716753843947
9797,0.7138946337346105
9798,0.7692467194231649
9799,0.191691330659096
9800,0.009308604523425764
9801,0.26606176695638034
9802,0.15327614854296204
9803,0.5036311994504445
9804,0.9104302455636879
9805,0.10863730706358282
9806,0.7019050930190165
9807,0.049895066492248605
9808,0.5679073276816837
9809,0.07066685538361715
9810,0.6390812673460173
9811,0.29974191644926435
9812,0.8381236111556716
9813,0.8927817594292177
9814,0.8827054302296443
9815,0.08367351902543112
9816,0.14854271966462917
9817,0.6167230595580454
9818,0.005472236676337944
9819,0.4472695712831735
9820,0.35826353446601095
9821,0.0782933770936514
9822,0.03947494852451422
9823,0.045529084138759654
9824,0.006916960664234499
9825,0.011420448811133469
9826,0.5837856391791602
9827,0.06014045962654782
9828,0.011333565279933639
9829,0.0431193475908837
9830,0.014150819669230416
9831,0.10661423839402877
9832,0.045412792020598204
9833,0.3655431693009597
9834,0.33047216796422274
9835,0.12431373986119143
9836,0.276411456314014
9837,0.06651584828474519
9838,0.9495288626102975
9839,0.8177947574130484
9840,0.2716798885270189
9841,0.39511460653943115
9842,0.19809532138153893
9843,0.06495312063442908
9844,0.08762739733676159
9845,0.16120909749281587
9846,0.744786540618666
9847,0.05058244909495037
9848,0.1483824673155702
9849,0.7048671917985063
9850,0.3470285323891662
9851,0.10106556301615287
9852,0.25008258274750417
9853,0.7951055318165626
9854,0.15941599378294793
9855,0.016783220047347815
9856,0.8463571271274655
9857,0.9466000196617289
9858,0.9374766404149185
9859,0.11179491814407069
9860,0.033130065950085136
9861,0.5976122474422745
9862,0.15647217430192228
9863,0.0399553988298491
9864,0.8565614228807514
9865,0.09842703640255879
9866,0.13014400268323348
9867,0.3201742444482846
9868,0.18828948300309348
9869,0.004893186976596711
9870,0.193981077391601
9871,0.4131357280760748
9872,0.09080545857296991
9873,0.13668748000147637
9874,0.01727034920813532
9875,0.9722091485673496
9876,0.03225796476138981
9877,0.1723825940080775
9878,0.41076238927733194
9879,0.27793479563508305
9880,0.618134877633291
9881,0.0059052908187423245
9882,0.0766471648587623
9883,0.024201476854814604
9884,0.027155691417733704
9885,0.21384869865834652
9886,0.2516428814824068
9887,0.010140907504000993
9888,0.27312488977575744
9889,0.02240723067804502
9890,0.17145784202384265
9891,0.732738207973977
9892,0.18415048330802447
9893,0.03985046646218332
9894,0.6601752230932187
9895,0.06703574305114797
9896,0.8217807316929463
9897,0.1404405499135569
9898,0.05509480804737487
9899,0.6567868691422768
9900,0.773613988697705
9901,0.11689778671582322
9902,0.13607120801937495
9903,0.614312175351853
9904,0.05576626468348999
9905,0.3353858136648956
9906,0.23355018785135004
9907,0.2975756943280863
9908,0.14959908681621467
9909,0.27942587795318863
9910,0.6571794307215377
9911,0.13971197078094574
9912,0.20818255268877378
9913,0.4526253345606374
9914,0.7696465297316117
9915,0.03259672531793294
9916,0.845794300005639
9917,0.8316438377783744
9918,0.36699900209809166
9919,0.009515082362581015
9920,0.3154603830133929
9921,0.3682374565861277
9922,0.4067621649670671
9923,0.11463198555853871
9924,0.4897041002854441
9925,0.41128594948685454
9926,0.36288148576971246
9927,0.19920321690267498
9928,0.02643025481941238
9929,0.15641916186180924
9930,0.06561391418289411
9931,0.08635223756424487
9932,0.005388230214878923
9933,0.02996101750749822
9934,0.03347601399128935
9935,0.34144264356678217
9936,0.25280697597002755
9937,0.24211163808323669
9938,0.07206438104616773
9939,0.024271267158511915
9940,0.19846867356238374
9941,0.34296055533146474
9942,0.03989698374887553
9943,0.16304369500382548
9944,0.15152799565257374
9945,0.5693130254777522
9946,0.21903883272332234
9947,0.50060375627855
9948,0.06958630822829334
9949,0.07773515181256734
9950,0.062478358369763926
9951,0.16747757851480355
9952,0.11837540963712175
9953,0.11660195593527853
9954,0.9724076100094378
9955,0.863639161629422
9956,0.6951236101081245
9957,0.025830667965480905
9958,0.15437941694715998
9959,0.11029707130420284
9960,0.04364152232960645
9961,0.03868758660645698
9962,0.9136872864451758
9963,0.5462238904295015
9964,0.024581859899990573
9965,0.00656676892190458
9966,0.30705621753270546
9967,0.16383136497165343
9968,0.2572912935445416
9969,0.14739483425500394
9970,0.040953497096909555
9971,0.3847895768867656
9972,0.25998882349681224
9973,0.006479593261608083
9974,0.06420178408773211
9975,0.11184609493966914
9976,0.1988406211604094
9977,0.21985600804234556
9978,0.3282478713335463
9979,0.9259061305511974
9980,0.08346534307478091
9981,0.3636794119394119
9982,0.1117193176287138
9983,0.7125610863957286
9984,0.5738472663261817
9985,0.007488780021411283
9986,0.4663127815514292
9987,0.09009128513978966
9988,0.007305692681779698
9989,0.06223482456443156
9990,0.654214304922434
9991,0.9286684005746277
9992,0.037084000584549706
9993,0.08036096184328155
9994,0.22283051282110913
9995,0.2586281786448024
9996,0.014442811206235381
9997,0.2845789530194984
9998,0.2388042320171706
9999,0.7727014290750732
10000,0.8707157504803897
10001,0.3876062428473448
10002,0.14606137192022373
10003,0.28593689158243163
10004,0.07599270200434301
10005,0.2333572792112792
10006,0.9475476006032831
10007,0.7584054848370287
10008,0.0892037270081943
10009,0.6289687911592077
10010,0.9815185863681144
10011,0.321400853135703
10012,0.02789659446124119
10013,0.9224298905819616
10014,0.09761310857215826
10015,0.1126900642720402
10016,0.023323697524398994
10017,0.6078278185441608
10018,0.771909133410523
10019,0.8918708137946633
10020,0.9195519186333424
10021,0.1309699385346244
10022,0.8863759669328655
10023,0.03820521949986671
10024,0.03117007738130205
10025,0.06456069661095884
10026,0.1432012817069124
10027,0.28304861889288213
10028,0.02695472776515475
10029,0.12926588380790105
10030,0.014522172885969922
10031,0.5668146168485978
10032,0.7849055978336049
10033,0.3374045736951863
10034,0.06083348714858411
10035,0.32551825042924515
10036,0.5997915256670868
10037,0.03944249504861859
10038,0.27557016403377
10039,0.0700421700576046
10040,0.3908872242586129
10041,0.4134462429442003
10042,0.3135136355064763
10043,0.02122427410526204
10044,0.34537812837916204
10045,0.07720189220740871
10046,0.11155216959053887
10047,0.9676418270347915
10048,0.871555996649294
10049,0.278530080050954
10050,0.041410633127311136
10051,0.004266347294752216
10052,0.2577689251988755
10053,0.14328385127491472
10054,0.5469181548140721
10055,0.32045074523097017
10056,0.08919214872290761
10057,0.13672241316148423
10058,0.2809745663741076
10059,0.5811913981391379
10060,0.05112160349632295
10061,0.5320177757549119
10062,0.8088478448291678
10063,0.5775536135269508
10064,0.5478350633100619
10065,0.33200107068297263
10066,0.014247722105734148
10067,0.03441451771415268
10068,0.7745097916239224
10069,0.25715305389617654
10070,0.9094642424411443
10071,0.8386968087135237
10072,0.9661222616603015
10073,0.16353635664670638
10074,0.7218251044398807
10075,0.2855584923633311
10076,0.0829706332059435
10077,0.0592664794272087
10078,0.276195356118496
10079,0.3646387298521011
10080,0.011202297587911775
10081,0.9574097256340256
10082,0.6320218403173531
10083,0.6863517773273569
10084,0.0068227996215587386
10085,0.688257880546597
10086,0.24324004226663926
10087,0.1778102206030207
10088,0.244612309226925
10089,0.16881162612214046
10090,0.3540293519181013
10091,0.0733803199458687
10092,0.45492621142583894
10093,0.2874951782237555
10094,0.4229666054016979
10095,0.18825870676685028
10096,0.4333333660329741
10097,0.19285061433713582
10098,0.027147196758993533
10099,0.05930064180896219
10100,0.076791345200268
10101,0.0049984479846474405
10102,0.08536474474056192
10103,0.6989817971845477
10104,0.005056871988246519
10105,0.13831383948021939
10106,0.46734913407984896
10107,0.6027177216485323
10108,0.21635799267431244
10109,0.06647129532760394
10110,0.8840241630800622
10111,0.7892318722755027
10112,0.06888168275209836
10113,0.1101435444392616
10114,0.313076187602424
10115,0.8044429459412133
10116,0.07904162971607324
10117,0.8056819203864413
10118,0.36703366687631456
10119,0.5716664170702059
10120,0.06096268658363672
10121,0.6520981463363397
10122,0.010408889165730966
10123,0.06808559965561406
10124,0.34232294313267414
10125,0.8170263959988617
10126,0.007985044519987557
10127,0.284368801355197
10128,0.6940847403572203
10129,0.021202548049370867
10130,0.0667544580095265
10131,0.2222881747265184
10132,0.34508236116944974
10133,0.31824723604291566
10134,0.016474442336956756
10135,0.13063434709915686
10136,0.07442798686914709
10137,0.7088422105484015
10138,0.07483356591945838
10139,0.43688215664680946
10140,0.0938666048775874
10141,0.9115832144794191
10142,0.3613493055760797
10143,0.8863594804043953
10144,0.33871289330985427
10145,0.013159917304611949
10146,0.02330859179822863
10147,0.9036312065869151
10148,0.23382182309790175
10149,0.1355344160712375
10150,0.6378720618429855
10151,0.6361410560802729
10152,0.27726283392378914
10153,0.006118906789496273
10154,0.033524926329960084
10155,0.32492979828870067
10156,0.369554641486118
10157,0.6430622136850104
10158,0.11099372121731466
10159,0.21901831763808907
10160,0.07082154389339322
10161,0.2133698463551308
10162,0.9706539990516981
10163,0.02676078971697437
10164,0.08814236024480067
10165,0.07882007852549633
10166,0.6497154492947262
10167,0.008889086055557958
10168,0.4434203872511156
10169,0.010978814193575734
10170,0.06100916551524102
10171,0.16580542577538754
10172,0.378752064224386
10173,0.3170413756664888
10174,0.3579570503299095
10175,0.07936356577115626
10176,0.2826911890936932
10177,0.08207907503138553
10178,0.016043820885668122
10179,0.928639461436101
10180,0.1593041034835957
10181,0.07736516263034805
10182,0.06500872647857668
10183,0.2366332718212612
10184,0.027540880334343307
10185,0.05198193868256515
10186,0.1384895637839031
10187,0.2076089840432398
10188,0.8057992823205121
10189,0.5048039240029013
10190,0.07506555942416823
10191,0.1956802644539375
10192,0.07243155723964032
10193,0.4607082315620917
10194,0.034836486256168635
10195,0.588497281409677
10196,0.03587307074011339
10197,0.005263582129793298
10198,0.8493933132190211
10199,0.16252488307404336
10200,0.09127223988706863
10201,0.007139195382740322
10202,0.02692318326258163
10203,0.0962331693985997
10204,0.12432423758568917
10205,0.1847567261146126
10206,0.04682718080503883
10207,0.1181124058566507
10208,0.03630126644675495
10209,0.4831165915889443
10210,0.2992702406948315
10211,0.2643198301243411
10212,0.006587605946340833
10213,0.20886589837110572
10214,0.24255898463345263
10215,0.14753368237286954
10216,0.029423561785450303
10217,0.09040394696881467
10218,0.16874302097509764
10219,0.7950977596080876
10220,0.399734706444607
10221,0.26615617528613356
10222,0.12415183205540736
10223,0.06768831197190465
10224,0.371747471376738
10225,0.018381921662825082
10226,0.2438102616506355
10227,0.015864054223457533
10228,0.3930352756422123
10229,0.004761859039081651
10230,0.149906694847436
10231,0.1221941533307201
10232,0.28361944510344356
10233,0.9069879722391044
10234,0.009384022661805403
10235,0.04986102416654179
10236,0.09259456276790345
10237,0.26426177900799486
10238,0.09821808349892266
10239,0.8096278629035965
10240,0.12186101684398268
10241,0.8361079968519355
10242,0.1299881767311812
10243,0.27082623558887237
10244,0.7710544101235122
10245,0.42886607981805974
10246,0.06562053459747924
10247,0.6246133062487944
10248,0.1721382991723312
10249,0.7858319366614182
10250,0.2500758771770228
10251,0.830544457529779
10252,0.40469360287809836
10253,0.038960630067555006
10254,0.3572829987829031
10255,0.01019084736628416
10256,0.7543462460338054
10257,0.17750197657467032
10258,0.34032704619284376
10259,0.8440698500218123
10260,0.647425568834521
10261,0.6553182948047573
10262,0.04707666100302916
10263,0.6790721433206034
10264,0.2854003912612919
10265,0.014885206271446023
10266,0.17756896031399766
10267,0.5877422441834262
10268,0.14047221480008212
10269,0.10732153328340648
10270,0.3870548387638174
10271,0.06582294225999707
10272,0.04658360893433069
10273,0.9113556574379633
10274,0.6914801374166059
10275,0.8823513294656707
10276,0.29636346338804537
10277,0.1996202892752144
10278,0.09024147218055008
10279,0.43713620072793047
10280,0.08842343987321957
10281,0.915571525573233
10282,0.37761132235390715
10283,0.24558448352690906
10284,0.02602403094300932
10285,0.023266567254108302
10286,0.08385407671043049
10287,0.6766229576850619
10288,0.11926666614596981
10289,0.22183153409531978
10290,0.837832346617428
10291,0.10543704927385314
10292,0.18447579390670205
10293,0.09454741781837067
10294,0.7941801812123175
10295,0.408133644308108
10296,0.29129224734551784
10297,0.9494997515854351
10298,0.6782160274906474
10299,0.027071363545116293
10300,0.18305854833576593
10301,0.1886035761962994
10302,0.06736562513592553
10303,0.41157100856905265
10304,0.046544874612036664
10305,0.9609888227270283
10306,0.1826829000809635
10307,0.4694935531120232
10308,0.20145178198101985
10309,0.2014967907179959
10310,0.0968101190145185
10311,0.49560355327204064
10312,0.02250963233819151
10313,0.0789876899203466
10314,0.85746902252588
10315,0.855283297054759
10316,0.029249674609396793
10317,0.4013913169603054
10318,0.6978637248510621
10319,0.06483098722147065
10320,0.9009201276236027
10321,0.6738189813853472
10322,0.389086771614165
10323,0.07633584530281727
10324,0.6355625164177503
10325,0.6139619325195912
10326,0.0022435208455020457
10327,0.009079997168233931
10328,0.4975091519996104
10329,0.1805885666051838
10330,0.15580710320855376
10331,0.060570915426377187
10332,0.9194721482655855
10333,0.49197218830464745
10334,0.019609457653141444
10335,0.7201244360780971
10336,0.8236459621161011
10337,0.30554427244338367
10338,0.7262232391586008
10339,0.11158366799544496
10340,0.07896107236420752
10341,0.36259765054938214
10342,0.4395843264942315
10343,0.05328762803821461
10344,0.23219098021769877
10345,0.2790710600368793
10346,0.32259090129339835
10347,0.07013152029084191
10348,0.009996713029590173
10349,0.020706022778442957
10350,0.008401052757070851
10351,0.329736910101464
10352,0.013125361860406998
10353,0.33668907395423914
10354,0.518412732568642
10355,0.20441407286281868
10356,0.9395021845736538
10357,0.5580963432129534
10358,0.7625056363065009
10359,0.030688484963634438
10360,0.0818185908747145
10361,0.4374679851183371
10362,0.023401707546466373
10363,0.4083273555601118
10364,0.24550944603561559
10365,0.07313157027113461
10366,0.5722881292554488
10367,0.4125213197131845
10368,0.09258711731327379
10369,0.19732693199679743
10370,0.2507913405698136
10371,0.21761573517500263
10372,0.10631960047118036
10373,0.04570581283631873
10374,0.11590347141226363
10375,0.10591610203740835
10376,0.012187422664267408
10377,0.3939339757259095
10378,0.14138180780884282
10379,0.03663494882281844
10380,0.2936365348729171
10381,0.3997928247976313
10382,0.6009378928441443
10383,0.8224908127384579
10384,0.5721739533592571
10385,0.5919563117901043
10386,0.0048175955832025115
10387,0.013232949810084752
10388,0.27434396138559475
10389,0.05505315412293934
10390,0.15357656028451228
10391,0.12945353971113446
10392,0.6040558361015516
10393,0.09487196515318401
10394,0.35850802252778546
10395,0.7798148143581283
10396,0.4735736511037325
10397,0.7672315617611226
10398,0.0420882056100271
10399,0.6434972402585796
10400,0.055226764243530055
10401,0.16838992878551876
10402,0.00896750382049187
10403,0.12291465712792436
10404,0.03942196614742599
10405,0.032270291114696474
10406,0.8468519040802531
10407,0.13411042484744445
10408,0.277402290794391
10409,0.488948686798391
10410,0.5701143695809339
10411,0.06986682843159608
10412,0.1665674172969424
10413,0.8787211076970394
10414,0.042415814052982864
10415,0.09234641594471404
10416,0.13810630756826114
10417,0.8497593309834598
10418,0.6496330508878915
10419,0.5880564771121847
10420,0.1540833062541455
10421,0.017884083186101987
10422,0.056312501681937556
10423,0.2525374649846374
10424,0.895175176115729
10425,0.50207654693201
10426,0.27858309734531295
10427,0.276958075829712
10428,0.007423270753456882
10429,0.2111772693246362
10430,0.05524004114825764
10431,0.2912971007694675
10432,0.8444077856285167
10433,0.24781878719994632
10434,0.1029243694334022
10435,0.6070792463948351
10436,0.26350155834845806
10437,0.5929416934408425
10438,0.6832182528653581
10439,0.4415780056967362
10440,0.2752085067212231
10441,0.4822717059850962
10442,0.015181357454316232
10443,0.5670323880091561
10444,0.03877294806449549
10445,0.21172859950689768
10446,0.07170760715312319
10447,0.10491216100845406
10448,0.07756070253019505
10449,0.07292360379441724
10450,0.06118130771604992
10451,0.015148873645318422
10452,0.5757159693837844
10453,0.1641577542746862
10454,0.041050383169770346
10455,0.14344592477312398
10456,0.0676402869306605
10457,0.17558081626974414
10458,0.13287715090470442
10459,0.033539350408105476
10460,0.065930771756368
10461,0.8220248169181819
10462,0.03345721753970859
10463,0.10166904819589326
10464,0.9402501229161865
10465,0.7396483909969079
10466,0.12838638015614218
10467,0.10633583584262894
10468,0.05549258948654514
10469,0.6568174101183377
10470,0.013981656584335804
10471,0.1275336133830068
10472,0.01814688149418523
10473,0.6169826971725174
10474,0.07927542548217467
10475,0.1414981856825325
10476,0.22025524277200384
10477,0.17408235396303104
10478,0.060964441009778915
10479,0.20650575474373703
10480,0.14054739497449484
10481,0.5214035437572364
10482,0.3291176558853686
10483,0.09414995958943631
10484,0.021162868919272392
10485,0.013615179148251397
10486,0.10523298672961907
10487,0.003498039170095712
10488,0.8223222912113882
10489,0.12736643119893246
10490,0.011200829122318958
10491,0.024176999361292674
10492,0.0031726880478981398
10493,0.07147267426394287
10494,0.31831116788928765
10495,0.0481014895610452
10496,0.20955508144571283
10497,0.24161626013245174
10498,0.9199583025206539
10499,0.518218463967404
10500,0.0990987887561254
10501,0.057434350247475875
10502,0.11170432453724073
10503,0.04574591042992045
10504,0.010669724676861562
10505,0.030546996797303317
10506,0.16342039449028045
10507,0.6680473434387806
10508,0.6749722132223165
10509,0.10747921599011732
10510,0.4417857298008214
10511,0.16956531183683532
10512,0.13519217919213447
10513,0.05933166250486995
10514,0.21165237690295968
10515,0.009792399559457168
10516,0.013461756470505919
10517,0.0225626460333761
10518,0.026637634213973218
10519,0.010160528493693956
10520,0.13612955412953676
10521,0.12538089282749526
10522,0.10168407441968683
10523,0.6340379096908038
10524,0.05988216052283851
10525,0.014476261376264201
10526,0.8583732003963902
10527,0.09143479948642487
10528,0.13515794084246116
10529,0.0034452341411065892
10530,0.5732268844265415
10531,0.01613623929531585
10532,0.9713604581435521
10533,0.7830724668219025
10534,0.9073434616280824
10535,0.047941413111078655
10536,0.12206933338249669
10537,0.48887024310233335
10538,0.0846223668478123
10539,0.25215428056660577
10540,0.9537033559798667
10541,0.9046679738907748
10542,0.021471884431504988
10543,0.040373718671099526
10544,0.03897655573565615
10545,0.8705727563032871
10546,0.22743355735218554
10547,0.38659357607382766
10548,0.1914156548853759
10549,0.21959454898662376
10550,0.18555833188792753
10551,0.3299090298032282
10552,0.08213636221145329
10553,0.03825450736581465
10554,0.08941324734545925
10555,0.04161301407318037
10556,0.6068513441136112
10557,0.05576076420125755
10558,0.45938576991417485
10559,0.21073700060725595
10560,0.08621468756984896
10561,0.1412151185175371
10562,0.8031019220774739
10563,0.6195507068791419
10564,0.023293260329808937
10565,0.02638929743164553
10566,0.09613935738517335
10567,0.0646281110662013
10568,0.14421780725370031
10569,0.16815213525344525
10570,0.21811327722162827
10571,0.0512822595321305
10572,0.049934279014462256
10573,0.014481597881313956
10574,0.16706694384978943
10575,0.08696328237604296
10576,0.58488648102989
10577,0.10781886071876755
10578,0.9282322959383537
10579,0.04506914544576633
10580,0.5180912986728917
10581,0.5397437863002634
10582,0.24493221349827488
10583,0.5910609501702561
10584,0.9711670561807936
10585,0.28902833620427587
10586,0.5816248129860381
10587,0.44309557568729596
10588,0.0739936709281265
10589,0.7318196850966031
10590,0.9711755704647297
10591,0.11478972431235901
10592,0.0873949813272965
10593,0.22326218517644106
10594,0.02706595379640206
10595,0.08464115573703956
10596,0.06768749799984344
10597,0.03214279877323351
10598,0.28093546752076487
10599,0.4698439892143094
10600,0.0035170785355062477
10601,0.009900089336833461
10602,0.27522064744989944
10603,0.13150637829400452
10604,0.03812663337377082
10605,0.18424824653656724
10606,0.12146182859580272
10607,0.09176358550372163
10608,0.3482509493490707
10609,0.04698668065683948
10610,0.05735381697526058
10611,0.40941480947799824
10612,0.4126258276781208
10613,0.037588191793845295
10614,0.2071122921906861
10615,0.035297409939187264
10616,0.06405337460345537
10617,0.021288068980495515
10618,0.7544494826908855
10619,0.34474913809887464
10620,0.5528448199557537
10621,0.09008225350978323
10622,0.04728877258108139
10623,0.5270201259525007
10624,0.08083730648654584
10625,0.5203308423472485
10626,0.08005114797625744
10627,0.806102595767606
10628,0.558073004843843
10629,0.19524898689246362
10630,0.01935256995818616
10631,0.45362571594917606
10632,0.051776544984321445
10633,0.027669437235403122
10634,0.004557265801999171
10635,0.716346104112942
10636,0.07997358860562477
10637,0.8139505143230564
10638,0.058091337859228175
10639,0.684536863135138
10640,0.08197935254157696
10641,0.16094538075931555
10642,0.10415661942172447
10643,0.5158567620424691
10644,0.24737279137481274
10645,0.7106420604887437
10646,0.08707001301804397
10647,0.6937161731451101
10648,0.5554245353369495
10649,0.021821258610931614
10650,0.7326894375686175
10651,0.9348183316696796
10652,0.9022812440926943
10653,0.8809657081188546
10654,0.09655507798200094
10655,0.01981802950685146
10656,0.6229007029063934
10657,0.06814901938425463
10658,0.10794505215258965
10659,0.019669382435522943
10660,0.12779408243749382
10661,0.492202361585422
10662,0.027058799360434798
10663,0.17591816073886196
10664,0.2590368958542622
10665,0.3921832253034553
10666,0.6678419258285939
10667,0.4417031389380616
10668,0.4963399352960224
10669,0.18015855551868998
10670,0.07168747812603504
10671,0.033135454712592265
10672,0.2596185544293197
10673,0.7973546071399662
10674,0.6722010629493024
10675,0.10451491974084669
10676,0.003495314954340143
10677,0.06313180176870069
10678,0.2632492505133048
10679,0.4677331309338452
10680,0.002864556420998287
10681,0.04267077499750613
10682,0.059467374697345476
10683,0.03222030022762959
10684,0.07198976500770586
10685,0.39371425881322014
10686,0.01218505969774068
10687,0.20815631872553414
10688,0.05374489664915543
10689,0.11700464933229975
10690,0.01040715638782614
10691,0.11042087762411464
10692,0.06916885174150066
10693,0.9277419185831314
10694,0.06624715104937265
10695,0.9602943923286846
10696,0.644235859378733
10697,0.14508423836666834
10698,0.668456556794943
10699,0.9171729483150023
10700,0.4756772702795198
10701,0.3021637062285363
10702,0.18699642054378063
10703,0.013694716419277162
10704,0.10859927066222014
10705,0.6312979401665498
10706,0.7397500732289952
10707,0.07809879012339863
10708,0.1417548020847455
10709,0.45077798422663695
10710,0.7096067793203565
10711,0.21696554623360884
10712,0.057529582221317405
10713,0.05444554382521669
10714,0.3495204072207184
10715,0.5961342332483004
10716,0.011409725554216602
10717,0.03354803980283383
10718,0.3947878727140275
10719,0.28788858959420216
10720,0.2408792860166702
10721,0.5426916727426842
10722,0.35460979503017664
10723,0.8218022823180722
10724,0.02223949316220391
10725,0.06712048312083467
10726,0.9345107666114832
10727,0.21357934313480417
10728,0.1108303275554639
10729,0.8980974774199062
10730,0.17095244318374664
10731,0.8962467788692733
10732,0.2031653392899725
10733,0.2729103718229627
10734,0.036744146299024276
10735,0.9459730627653105
10736,0.0526867314217599
10737,0.6153709445184062
10738,0.012319370367116729
10739,0.4905487745473411
10740,0.06193144943999362
10741,0.026538532804085718
10742,0.13207714531609294
10743,0.26569450033904735
10744,0.08019791962749945
10745,0.019689039200569303
10746,0.8998849781013132
10747,0.1844866211587665
10748,0.3530482229837448
10749,0.754905937985021
10750,0.0913145992406056
10751,0.572383291460496
10752,0.0362951430874472
10753,0.040165161166137886
10754,0.23379764867145378
10755,0.5725216774029213
10756,0.09347282462866546
10757,0.5797659231246038
10758,0.38143316939548
10759,0.05239883679063518
10760,0.04070207867356766
10761,0.7956103032484013
10762,0.4545616445359032
10763,0.6684924659990394
10764,0.8541342179159238
10765,0.8177241089043675
10766,0.35963224507187885
10767,0.9643468144736237
10768,0.1663030861475784
10769,0.894639860900826
10770,0.06319532219493978
10771,0.013026296876451822
10772,0.029522427597082714
10773,0.1015283648862339
10774,0.2292056429389047
10775,0.042788681570669354
10776,0.01980526301992736
10777,0.2211614845372695
10778,0.019808152345082198
10779,0.11173699135799918
10780,0.06566067700011459
10781,0.004643541000399776
10782,0.1733236207184626
10783,0.055207387680712525
10784,0.006227057769072251
10785,0.2917118152176775
10786,0.9515663161267721
10787,0.566738888540357
10788,0.5245007108583569
10789,0.13762376491135453
10790,0.4375047841069149
10791,0.06749206321587474
10792,0.01642136270126859
10793,0.8533680962703648
10794,0.5231656367675679
10795,0.6118183386709419
10796,0.12612406215223343
10797,0.003661741365453735
10798,0.06660782703539446
10799,0.928116252332993
10800,0.03103078177826313
10801,0.4433803605361885
10802,0.15104755780242654
10803,0.1366733612404116
10804,0.04612712352889027
10805,0.16678029392611166
10806,0.2362022029321676
10807,0.10650913770972385
10808,0.37386018117149467
10809,0.03769641627844144
10810,0.18533537080401888
10811,0.3928838904795461
10812,0.0354523430419936
10813,0.36658662103636847
10814,0.722659717938991
10815,0.6232121735007367
10816,0.3947098446859731
10817,0.09889939431240191
10818,0.6915607004034949
10819,0.9456834785556852
10820,0.04086380656461126
10821,0.6903399762030682
10822,0.7351700276511539
10823,0.4753904679247017
10824,0.013204353630296817
10825,0.003210655427275635
10826,0.12165342734788848
10827,0.18549758223649923
10828,0.16401363183045956
10829,0.003066999976785535
10830,0.03071517423899594
10831,0.22324683692336333
10832,0.006157779372377242
10833,0.06056798225386806
10834,0.6845482034914782
10835,0.8576298991933546
10836,0.6986547611203197
10837,0.3164400134857571
10838,0.5470280241243349
10839,0.5648212477499387
10840,0.07717378816482176
10841,0.3153453815597253
10842,0.4601687285456082
10843,0.3562441057713757
10844,0.7978267270403138
10845,0.06644242642438172
10846,0.20720250746109894
10847,0.13774212228540822
10848,0.1143267660144323
10849,0.07852089327109565
10850,0.41345044042646
10851,0.03470430716968837
10852,0.8636592314133973
10853,0.3826935284140229
10854,0.8468152643507578
10855,0.11704646518100072
10856,0.7908283193202564
10857,0.06259959850697332
10858,0.268705904924584
10859,0.024289181309774567
10860,0.1311015219136247
10861,0.3855509794531257
10862,0.27003550149781697
10863,0.22429485918040934
10864,0.05291780105488907
10865,0.4484834683645695
10866,0.026887665573207247
10867,0.2147517190847108
10868,0.21505976624909015
10869,0.19519017097698196
10870,0.9715072123160554
10871,0.655515163713966
10872,0.8611983275755823
10873,0.1494644504740895
10874,0.005447412792493738
10875,0.8827784562677609
10876,0.20658321556240125
10877,0.08431420176652704
10878,0.005610705581913564
10879,0.2832679497379377
10880,0.20850661710833887
10881,0.8130457938178649
10882,0.21755102555966324
10883,0.17112608225349393
10884,0.9150042927669181
10885,0.014783740752892911
10886,0.11425090496063961
10887,0.6449701899435547
10888,0.15465412968020611
10889,0.2559973430162037
10890,0.7434781075216182
10891,0.04327353940112191
10892,0.35908086201387024
10893,0.003111203371711913
10894,0.2503324047844754
10895,0.033955098641647016
10896,0.8435028252013651
10897,0.4513792147103508
10898,0.7232505077495699
10899,0.13611728881610802
10900,0.017830611046499557
10901,0.09204099577158315
10902,0.06511826920773488
10903,0.019693806463060435
10904,0.6600242434193502
10905,0.8043459289135106
10906,0.2526513397137431
10907,0.37504428274095214
10908,0.22143496091934278
10909,0.007623790001946819
10910,0.8627593310591793
10911,0.005579360901457082
10912,0.10006182556899654
10913,0.1421819908138241
10914,0.48183996312071514
10915,0.7872248000713946
10916,0.17208841290014418
10917,0.05173010507166519
10918,0.36624583818436723
10919,0.03529739703452434
10920,0.045177956569955977
10921,0.026472213368395347
10922,0.8841858054348619
10923,0.16364257504152976
10924,0.8079776368273004
10925,0.4162084027415789
10926,0.005041855221566715
10927,0.4355358200698707
10928,0.011752982820191868
10929,0.7704493360692011
10930,0.9053426120795389
10931,0.0411166172448637
10932,0.5469238085929891
10933,0.18870099599362986
10934,0.3151175715721412
10935,0.8741993503244588
10936,0.2669865237476685
10937,0.00624409734092486
10938,0.8121212458594812
10939,0.09182070935928296
10940,0.04592785285188534
10941,0.868414418934358
10942,0.11317004871711063
10943,0.8372715048311035
10944,0.06117714356297321
10945,0.06819949050691959
10946,0.013299062489402451
10947,0.16490061746913387
10948,0.3037634875487454
10949,0.9346259407835811
10950,0.12368328235222881
10951,0.9480933230698082
10952,0.04164379636457597
10953,0.6290588931582821
10954,0.8213678738224747
10955,0.2832273300422187
10956,0.09269790210491097
10957,0.023391762551643398
10958,0.020941879687163226
10959,0.09985568852880565
10960,0.010022530909418246
10961,0.008493409336841588
10962,0.019697857533323832
10963,0.014819296547559544
10964,0.17676781603636105
10965,0.07080495155823666
10966,0.07710003507532256
10967,0.07778742674124782
10968,0.6973776173760551
10969,0.11382102885115755
10970,0.8099294376291702
10971,0.38713448701385944
10972,0.48320393296862635
10973,0.018954674337186006
10974,0.2885937730613519
10975,0.07383927303738097
10976,0.8201284527167246
10977,0.18131553690542473
10978,0.1344057887751483
10979,0.14637764770909084
10980,0.12702367922763555
10981,0.012157869698552235
10982,0.02254111214382073
10983,0.020523652309361637
10984,0.0623024072240148
10985,0.08423833776705136
10986,0.09298068800868393
10987,0.1640238445413638
10988,0.05050291534953615
10989,0.21140820255984008
10990,0.3646774698231291
10991,0.0784397391779361
10992,0.001897484421903123
10993,0.014819565671324881
10994,0.4641261525631774
10995,0.022424067466123934
10996,0.06861220459683898
10997,0.020149306008390596
10998,0.38273049623451344
10999,0.04571998166690595
11000,0.03142261561922926
11001,0.011211912855625892
11002,0.8471146368570589
11003,0.011263308134454912
11004,0.7625032914767955
11005,0.6370786654329624
11006,0.13762104514219506
11007,0.8810589234291757
11008,0.02508698325883729
11009,0.5063866797726917
11010,0.09438951375890539
11011,0.091111163067828
11012,0.6449392585762966
11013,0.1440550598845768
11014,0.7774935919129295
11015,0.1047821094570739
11016,0.015165917001864615
11017,0.1283154799260024
11018,0.33635684679355177
11019,0.03970721314173763
11020,0.012978057920736908
11021,0.06650567908060685
11022,0.5692020991909944
11023,0.006789052456436728
11024,0.05989197169411889
11025,0.08835563807532308
11026,0.05834157119044471
11027,0.17775692564610482
11028,0.3271835841555076
11029,0.03490614750632954
11030,0.9094881109490149
11031,0.0036487776511376726
11032,0.011963715954710352
11033,0.35941065664166266
11034,0.0660079491696616
11035,0.10933989412225029
11036,0.13674492579468925
11037,0.004994586344592273
11038,0.06532005288279961
11039,0.10959620587979337
11040,0.2534055710475551
11041,0.7112480732642906
11042,0.3590718118289035
11043,0.24304675407448498
11044,0.9082891708764173
11045,0.9073755426201823
11046,0.9233504102631919
11047,0.024452512334664625
11048,0.5314391611860533
11049,0.018803919612364686
11050,0.17894599465652955
11051,0.16611913035230255
11052,0.026387205628130402
11053,0.012234647005617839
11054,0.021520506262143076
11055,0.06988988490507346
11056,0.3722994435447986
11057,0.0200762301106448
11058,0.11648137715626239
11059,0.12465329977604706
11060,0.11474689210130051
11061,0.22803348921938502
11062,0.4376176554788456
11063,0.08155732038521873
11064,0.13617599581943818
11065,0.5636815280903468
11066,0.8844540661728185
11067,0.1364255909807383
11068,0.06036157571213069
11069,0.0849334319035037
11070,0.34813786767979304
11071,0.24355976721811065
11072,0.024281692044078648
11073,0.9814471752068901
11074,0.36095516311990095
11075,0.8520532496121188
11076,0.564664476887208
11077,0.9453780738756228
11078,0.7003810446742698
11079,0.6241693001004424
11080,0.1299994228205315
11081,0.4978382263509443
11082,0.28854280259067805
11083,0.9215934526140374
11084,0.38396203959144687
11085,0.7216367148996121
11086,0.8860948420978019
11087,0.030026269348828804
11088,0.9466536118992465
11089,0.048388771947750826
11090,0.6119232483642201
11091,0.008824384255563948
11092,0.8875754701337942
11093,0.19071435933979436
11094,0.16226920844428525
11095,0.23050470008335724
11096,0.42861182140678417
11097,0.3288753624548846
11098,0.8993533585112012
11099,0.05452206032867961
11100,0.41345598714755244
11101,0.9198266703293279
11102,0.9445932680090166
11103,0.5689676778913403
11104,0.037771320108812075
11105,0.03700463462898227
11106,0.11027552025441262
11107,0.7182442590236182
11108,0.048057636029643004
11109,0.011694723192925523
11110,0.36839557644749055
11111,0.030402582276850998
11112,0.1924331502782968
11113,0.8332437512359306
11114,0.10354771101333356
11115,0.06895762061418388
11116,0.2154764253002055
11117,0.04356737145236282
11118,0.0068216272802408846
11119,0.06984702035249465
11120,0.04083621300166024
11121,0.5895738147575414
11122,0.248157322998933
11123,0.10688378410138073
11124,0.017012808973929983
11125,0.42212065526188697
11126,0.7158063916422709
11127,0.22333542945565987
11128,0.2034402607129546
11129,0.22825794732546076
11130,0.8300087767076493
11131,0.9270181318229718
11132,0.039896739783124864
11133,0.8102059247954224
11134,0.03704068208070219
11135,0.44979667161796205
11136,0.9180718904081102
11137,0.8589547849371364
11138,0.2640835377530832
11139,0.1091729435611371
11140,0.3352888527363844
11141,0.8809744734977324
11142,0.031797988757643114
11143,0.9365693524321052
11144,0.1250392905007502
11145,0.7638150039015069
11146,0.43439866591019527
11147,0.015559575428875401
11148,0.30461539258159964
11149,0.1714148209024499
11150,0.18659157097447682
11151,0.8559843586858069
11152,0.026785246269678306
11153,0.5775016578411514
11154,0.9776538181717006
11155,0.25022630616431635
11156,0.058081736432695354
11157,0.032149963272364
11158,0.05519459542701702
11159,0.5229614221792319
11160,0.657174960155455
11161,0.0048948682002503685
11162,0.9422855575373034
11163,0.09048704147485308
11164,0.3186509977506879
11165,0.12085155872578478
11166,0.7722149078015408
11167,0.2969185786269713
11168,0.02171280358102363
11169,0.009758829822688702
11170,0.08249927802869889
11171,0.13629682455939482
11172,0.1370820223695968
11173,0.4546734533292958
11174,0.009809226436293972
11175,0.4366983656665702
11176,0.2259639937776898
11177,0.10404777901983735
11178,0.26153945372761617
11179,0.33558205567513993
11180,0.026199176966631394
11181,0.004635364467585321
11182,0.04874102704776428
11183,0.0275265956809082
11184,0.7573490856137045
11185,0.08446819329347578
11186,0.9387363752501513
11187,0.5324246972917351
11188,0.2916928230427317
11189,0.13484468333076546
11190,0.016453731598170093
11191,0.7475940904585285
11192,0.01933419732854592
11193,0.7575871712266284
11194,0.07503373127803882
11195,0.025170229762382815
11196,0.9364752623537714
11197,0.1168076553633677
11198,0.10095369501464652
11199,0.19500170184961987
11200,0.7837999058675925
11201,0.10933700444792745
11202,0.00952770417070999
11203,0.024357735889026476
11204,0.052331341875060174
11205,0.10275638093459312
11206,0.915558364484431
11207,0.9274066257369222
11208,0.6661325574664602
11209,0.4708984875726395
11210,0.3011679155978858
11211,0.008215732319654943
11212,0.5031273172745567
11213,0.2200418167998169
11214,0.8572295827527137
11215,0.037755466979875994
11216,0.1406498818211084
11217,0.8945279404008848
11218,0.33071518550323953
11219,0.3156113557726492
11220,0.8703484317422471
11221,0.07665583109833242
11222,0.9898954562225563
11223,0.07928330949983355
11224,0.029172851538195342
11225,0.019255236775669416
11226,0.45338242542134133
11227,0.10284418820351755
11228,0.1788988584424598
11229,0.009999403010237952
11230,0.06695473670218076
11231,0.04220552059483799
11232,0.007077052341116802
11233,0.696634390343309
11234,0.07584446938512612
11235,0.2643352665359783
11236,0.8882271146024687
11237,0.5210612735056583
11238,0.7481012507944634
11239,0.2875765989847056
11240,0.018991739195593747
11241,0.13691039981016603
11242,0.018831851624805253
11243,0.8816185191664966
11244,0.7604415005392706
11245,0.14601567504920993
11246,0.5322687095273115
11247,0.2893500461218981
11248,0.0646281110662013
11249,0.7855335467793527
11250,0.17637998197546956
11251,0.8132723539149859
11252,0.10058626577379147
11253,0.6713947744013631
11254,0.006656922541722724
11255,0.010946638678580882
11256,0.28658694405835694
11257,0.012009090647444187
11258,0.035342690551552
11259,0.2319538574276658
11260,0.3689341461553234
11261,0.9260074892632303
11262,0.10513781871911232
11263,0.4072827150736889
11264,0.18737587826396254
11265,0.011044355105460228
11266,0.28731234380904563
11267,0.08012173923293076
11268,0.3315354943444415
11269,0.12681769831928205
11270,0.07796112033459413
11271,0.40406971735341235
11272,0.012376897568846749
11273,0.800146180045473
11274,0.009690904632600604
11275,0.1499212958569166
11276,0.26758016584221916
11277,0.6205179482791444
11278,0.8913697054550423
11279,0.11201167821071797
11280,0.4933301928827437
11281,0.26250997730448833
11282,0.416491731713661
11283,0.4352164964259178
11284,0.7929286511114961
11285,0.5787680635484023
11286,0.054886012260036574
11287,0.05276990583901489
11288,0.18167347057952962
11289,0.009079013434124409
11290,0.39093526383326427
11291,0.055218658701896996
11292,0.7680460191629539
11293,0.38110727221360413
11294,0.013512506078853386
11295,0.06282922644073899
11296,0.8105040962610809
11297,0.031586808753101804
11298,0.09286672976264612
11299,0.64392469864329
11300,0.3417784062881804
11301,0.798708708440496
11302,0.9568867584562323
11303,0.016869273641360646
11304,0.2792217654485351
11305,0.3296373637015024
11306,0.06439417148095196
11307,0.257428132628611
11308,0.24663376525313513
11309,0.21847765794655896
11310,0.24169934239300123
11311,0.09368047934646809
11312,0.08667923387740474
11313,0.06342758398294049
11314,0.2763702761216335
11315,0.16744720300830607
11316,0.03856408847628349
11317,0.047933295696729404
11318,0.7140514340771965
11319,0.01942058980573691
11320,0.2305569059127879
11321,0.2645513703220636
11322,0.6122984857342868
11323,0.7822439919826107
11324,0.08267035938330373
11325,0.11255553601488506
11326,0.8288594620876029
11327,0.08832032742347047
11328,0.5623624249177479
11329,0.5050259416964186
11330,0.8675528208605848
11331,0.17670044864801676
11332,0.9170730682043375
11333,0.04586349854245345
11334,0.11091448423299873
11335,0.48905769076364297
11336,0.010366321681777889
11337,0.8146814975758109
11338,0.7868019207261414
11339,0.18486376317034162
11340,0.0827056896693296
11341,0.8445473168367779
11342,0.009550270719617289
11343,0.21382242891651776
11344,0.08670150409902241
11345,0.2899124110094526
11346,0.014466038134261778
11347,0.3524479056026223
11348,0.017940685356929192
11349,0.21558118286268718
11350,0.031046028548748578
11351,0.75148680623913
11352,0.6487361398500192
11353,0.3360704331693263
11354,0.42752426254302917
11355,0.07023611972575516
11356,0.12143077569373102
11357,0.6683461100815479
11358,0.8714069339335955
11359,0.856417981467171
11360,0.6722993194147627
11361,0.21252558971934624
11362,0.07034515899520767
11363,0.6500324704855154
11364,0.02781375770562122
11365,0.10839699532476404
11366,0.5378953112405898
11367,0.08311584672502499
11368,0.6654143278653732
11369,0.5587292195229997
11370,0.012165633342882936
11371,0.2481333071622701
11372,0.8985329342537401
11373,0.09047955504281315
11374,0.06586619463980439
11375,0.006630115667873224
11376,0.16734842388188426
11377,0.9541953045588394
11378,0.13090551921711416
11379,0.1419702090030008
11380,0.10774732078226539
11381,0.5352539990105533
11382,0.12335695819047408
11383,0.040434763044047306
11384,0.30869519425542724
11385,0.9031559114167056
11386,0.17176752475925916
11387,0.3125762219478851
11388,0.053802222276775405
11389,0.7505013621967154
11390,0.09836716434335227
11391,0.18205947950039372
11392,0.5478567150900966
11393,0.013782075938397472
11394,0.10289425738858704
11395,0.813122974226754
11396,0.39808145616157525
11397,0.2002471639511486
11398,0.7571713968768711
11399,0.007977828135065305
11400,0.763201686556918
11401,0.4193082751942906
11402,0.7087994190974182
11403,0.020803733072482296
11404,0.05971163492452347
11405,0.010409182978936688
11406,0.7455703497868224
11407,0.00982202294921087
11408,0.7390055533381282
11409,0.6586695580550436
11410,0.833984555175769
11411,0.5690550975149777
11412,0.08020883182762052
11413,0.14463042816803198
11414,0.07384203151018297
11415,0.18803097292163418
11416,0.0753058509684639
11417,0.05391920084258408
11418,0.02211801643370868
11419,0.34749156013559024
11420,0.7238207441173221
11421,0.12203992788558654
11422,0.044995016892915685
11423,0.9594837741645845
11424,0.06341666755175977
11425,0.0033319287526796877
11426,0.18731567175858582
11427,0.9634461301915977
11428,0.21261700641699638
11429,0.09358997078732408
11430,0.18718365344574103
11431,0.634326881004531
11432,0.7732829896671372
11433,0.3295315262609727
11434,0.9633956458917714
11435,0.22066207968840856
11436,0.06239290520703579
11437,0.08335189672548379
11438,0.4117741310902973
11439,0.14582321394982098
11440,0.847755240727409
11441,0.13733664835018602
11442,0.5186264344479168
11443,0.07177767265422148
11444,0.8650048068185882
11445,0.002932407241817277
11446,0.014219863982374202
11447,0.5143349651812605
11448,0.17836274151811732
11449,0.08351352155243913
11450,0.08249485529193315
11451,0.23297121786923541
11452,0.3041367839847702
11453,0.017102133177158932
11454,0.0672857239279872
11455,0.11504730095974705
11456,0.1715817681642111
11457,0.4766515697162257
11458,0.6180760290095061
11459,0.22688473013903598
11460,0.11162249915536104
11461,0.5450860308056258
11462,0.19351508386534477
11463,0.31160777791177374
11464,0.08615639526984585
11465,0.07721094098368989
11466,0.06594457721698813
11467,0.2164463664700179
11468,0.29317169625301437
11469,0.09798381186984864
11470,0.21345665631784072
11471,0.21186408815723137
11472,0.03434355420746732
11473,0.47740200255532766
11474,0.006020798499943739
11475,0.008623902553452812
11476,0.19845041313112508
11477,0.005536488211726329
11478,0.10083072204065865
11479,0.02400971823278485
11480,0.8141314711284404
11481,0.03397154826391697
11482,0.5695261791413471
11483,0.013956916246197017
11484,0.06107418886634217
11485,0.13667594133866645
11486,0.15463973473404222
11487,0.24185173648435324
11488,0.8794836654292459
11489,0.7053182264029721
11490,0.022111872576506684
11491,0.050405286938225255
11492,0.6071256871352636
11493,0.04065337447562551
11494,0.019809946611277295
11495,0.16208320793317363
11496,0.039538789175611114
11497,0.2614103938062535
11498,0.017313777894638158
11499,0.005041479139780239
11500,0.633222142850937
11501,0.32705548529051937
11502,0.024859751586952788
11503,0.04724291183432161
11504,0.1763316243331503
11505,0.5500741598904623
11506,0.030296910505319866
11507,0.029183621104588758
11508,0.9596596389601588
11509,0.9424411557100196
11510,0.04356951038749251
11511,0.18648644621980623
11512,0.025303457020864402
11513,0.21738135267841635
11514,0.7649829572005539
11515,0.21888460289056355
11516,0.8381684402077664
11517,0.9105938059293847
11518,0.7895362471477264
11519,0.14306091670978108
11520,0.09875301097197973
11521,0.004276534931392491
11522,0.359500630643392
11523,0.6487080111700512
11524,0.18565120108251576
11525,0.06923500244244152
11526,0.7440130218231414
11527,0.009873461306989913
11528,0.016522084917703968
11529,0.6222851377725547
11530,0.37620233721652035
11531,0.13472852760636705
11532,0.014539406368971188
11533,0.26677290192064423
11534,0.7625918164970052
11535,0.8644140329645035
11536,0.2634160433416355
11537,0.3271099636062158
11538,0.29328897159674616
11539,0.8527907808562896
11540,0.0099341374932068
11541,0.5962368817265966
11542,0.04914836812189292
11543,0.05339682569401902
11544,0.008692518419682544
11545,0.876084676843331
11546,0.023450208606413437
11547,0.005308112717031384
11548,0.02987790861852047
11549,0.03318568563417451
11550,0.055393500522792606
11551,0.10156239606763877
11552,0.7356890124222794
11553,0.5420591257139431
11554,0.34377699565424263
11555,0.14509354525793405
11556,0.48839824000913484
11557,0.46404398268674013
11558,0.7513099830442576
11559,0.08074073091126739
11560,0.014320150459686832
11561,0.1123395347310572
11562,0.7939031885669989
11563,0.1959534034002317
11564,0.9698364420026985
11565,0.9642975136669619
11566,0.7314038606527912
11567,0.04223461682371347
11568,0.009706754697844409
11569,0.9651754000219945
11570,0.36332410631183837
11571,0.5037023379707533
11572,0.5120551679715007
11573,0.011592756899919973
11574,0.24529632271619026
11575,0.9539472594642129
11576,0.18310007771616055
11577,0.18900227643856118
11578,0.7707169651642789
11579,0.15383708562498297
11580,0.1780708576696813
11581,0.22616831508305885
11582,0.006487916707513447
11583,0.2771224027594513
11584,0.42232178376163027
11585,0.010615489104808461
11586,0.11449944415275864
11587,0.0797993956733792
11588,0.22479049738065443
11589,0.516411130827002
11590,0.6808828250380038
11591,0.1706130600476479
11592,0.036292595143018594
11593,0.1334045987890843
11594,0.0024337344419575082
11595,0.25159830474663264
11596,0.024195290433586973
11597,0.8755440347431901
11598,0.15158306719335363
11599,0.7363860958702093
11600,0.1417016013404356
11601,0.03053606878684002
11602,0.11666110866885629
11603,0.20762205313389906
11604,0.15864891136399473
11605,0.9163191069017567
11606,0.01859120569611786
11607,0.011176103702580702
11608,0.30642287045244937
11609,0.8586522005375419
11610,0.03714408205573019
11611,0.6857732036042893
11612,0.04040745864968746
11613,0.4561165922536076
11614,0.10416266701870258
11615,0.96020957643032
11616,0.007860130937804051
11617,0.23166377227478244
11618,0.17911237275427005
11619,0.010030570863222022
11620,0.9665190429227661
11621,0.03786725943054064
11622,0.0436531560257507
11623,0.949114621130626
11624,0.24554730062387717
11625,0.03201038621227509
11626,0.004430535100234793
11627,0.060240672716084555
11628,0.020609372364237696
11629,0.8580315964032315
11630,0.313257074986968
11631,0.3114357713123505
11632,0.13578274063513654
11633,0.02973071353646525
11634,0.16052242999678581
11635,0.09991276094601442
11636,0.0631251928035688
11637,0.0366273318940409
11638,0.12812609382290074
11639,0.1539069012226722
11640,0.14524458136695945
11641,0.03232159592479894
11642,0.8009667091404251
11643,0.07763859075562915
11644,0.45663165146595885
11645,0.5340323113462228
11646,0.023106102636454528
11647,0.8896388599721299
11648,0.7144010328015125
11649,0.13046552556889
11650,0.8633543206183499
11651,0.0031659624557245267
11652,0.23220637579699566
11653,0.0033799473243679495
11654,0.01640229909823713
11655,0.20464253561169962
11656,0.5095787786973585
11657,0.08744867925494271
11658,0.12221440084769185
11659,0.23966427614805624
11660,0.13230496456217478
11661,0.6326711188800982
11662,0.0861335549807686
11663,0.709429650460106
11664,0.28154181758259456
11665,0.14524348728539502
11666,0.12540020653022418
11667,0.0919513180682695
11668,0.39550915852931456
11669,0.5178554054282627
11670,0.5137168221318724
11671,0.8931235189578076
11672,0.1314311035487606
11673,0.22394428156374097
11674,0.009211599129617127
11675,0.2310737929397122
11676,0.056939183836856526
11677,0.8139665466001226
11678,0.044123235347359624
11679,0.004307438069653455
11680,0.9638466176576472
11681,0.07420237027843077
11682,0.5919473710314723
11683,0.26174130107370963
11684,0.2452970257051344
11685,0.03339333145817431
11686,0.65586031846718
11687,0.020394603649426246
11688,0.18382913386816485
11689,0.10950672663426889
11690,0.8680344162759243
11691,0.43571512779669797
11692,0.08795768238547019
11693,0.038396756121537624
11694,0.17539071949573448
11695,0.00660640975251365
11696,0.07743588230079845
11697,0.8298295741485473
11698,0.6319600249370699
11699,0.17606163894087062
11700,0.653252138248288
11701,0.026259545655625036
11702,0.24083312152292527
11703,0.1310464012267547
11704,0.7207459922992893
11705,0.7077700365363432
11706,0.8132227090681005
11707,0.1558963030544055
11708,0.6139038856165839
11709,0.052235618601971845
11710,0.052908502188179295
11711,0.30108972675307655
11712,0.43091960275002483
11713,0.65175278895546
11714,0.3802413453975272
11715,0.437753765153339
11716,0.801321296668712
11717,0.24732058295258486
11718,0.039875821169540464
11719,0.2568547038266619
11720,0.4079178112716202
11721,0.007838276392864853
11722,0.021426046583282236
11723,0.8080174138467433
11724,0.7948257810097769
11725,0.789635288815145
11726,0.1056043391825698
11727,0.5529951532280855
11728,0.047375372431509195
11729,0.16822667242074196
11730,0.8797870430956471
11731,0.9408045636526354
11732,0.005585350326532925
11733,0.011579306165351704
11734,0.951061792528459
11735,0.2079858270543123
11736,0.323779791608396
11737,0.025317202994301267
11738,0.6518244544902494
11739,0.09582089702336032
11740,0.17286850592135147
11741,0.46486977898168513
11742,0.7166891755425787
11743,0.06770201333470216
11744,0.28634164574354354
11745,0.24264274288367402
11746,0.05980999181712712
11747,0.14661518298689352
11748,0.5253543491374508
11749,0.28229915459836474
11750,0.06246767435469722
11751,0.0030987003118742302
11752,0.2247433967092168
11753,0.01119647058889106
11754,0.07908792371389012
11755,0.2260179322257
11756,0.21139511819816367
11757,0.14401457834674222
11758,0.9059826403076118
11759,0.45741744652227834
11760,0.5996311292767761
11761,0.8393613867042571
11762,0.034272887712570164
11763,0.08430370235126856
11764,0.08110263433228168
11765,0.371089154963094
11766,0.10517248568754174
11767,0.764516581985078
11768,0.1465250917333746
11769,0.872710885015595
11770,0.1146094708008083
11771,0.048733565283848694
11772,0.2359421928963578
11773,0.22328009190909728
11774,0.03516833580701826
11775,0.2612416110570126
11776,0.02012456416856898
11777,0.0025074037340314373
11778,0.9371741887898899
11779,0.6159149693754492
11780,0.008935880861368043
11781,0.7737057099623442
11782,0.4018567204816462
11783,0.574083025279635
11784,0.8493264508225223
11785,0.02629763563101068
11786,0.31086474385344876
11787,0.28745380377079444
11788,0.3700761185822687
11789,0.5990872592927527
11790,0.7557174901050698
11791,0.39337118061746956
11792,0.561810782744566
11793,0.11613066348378573
11794,0.0749522420112591
11795,0.8461561627542733
11796,0.8265969235683719
11797,0.01264960378963877
11798,0.04512592068862221
11799,0.8723871621873411
11800,0.21471676107888474
11801,0.04813407800346545
11802,0.14183275510841936
11803,0.9626731914601541
11804,0.08938715782461884
11805,0.376155618298259
11806,0.025804777728829054
11807,0.2910278804077966
11808,0.3378821315775534
11809,0.0041427957189714235
11810,0.15839223882974474
11811,0.02668050404962457
11812,0.09625830469114961
11813,0.023413057691253302
11814,0.05517699516404681
11815,0.8447510125210453
11816,0.8210908322672528
11817,0.9274704523338131
11818,0.6707060507503859
11819,0.3869624877568724
11820,0.7642367658142025
11821,0.2075533083858243
11822,0.10914440781001189
11823,0.20020958342069103
11824,0.03765698024961325
11825,0.010202888479846295
11826,0.1872485529179324
11827,0.19590728064053586
11828,0.037310376172681986
11829,0.006140331931554705
11830,0.3363598237908025
11831,0.32196527758415466
11832,0.6558988958615133
11833,0.04399019295800457
11834,0.24961406938045796
11835,0.8607303929025976
11836,0.07510534164570964
11837,0.7782662998773766
11838,0.16107729538953977
11839,0.4187107224006086
11840,0.6538861325076826
11841,0.7472611349046251
11842,0.008094059962292543
11843,0.30379890107431606
11844,0.07110446643638274
11845,0.002185722794580282
11846,0.0047326232232299936
11847,0.4041303051202975
11848,0.004695961390852867
11849,0.5358768838093596
11850,0.07590719545767528
11851,0.3555702068307546
11852,0.8830574229663072
11853,0.34529210467425214
11854,0.0622584535613125
11855,0.40615955716845376
11856,0.2900963845534855
11857,0.034096448440726713
11858,0.8750020224214411
11859,0.20260498813104516
11860,0.5245211527920439
11861,0.19870248212215014
11862,0.06503493976096286
11863,0.2650727356603485
11864,0.10937023044760864
11865,0.27206516753734433
11866,0.7588107054189774
11867,0.04165071237366387
11868,0.7665008050349015
11869,0.007123153535350181
11870,0.09391830178344869
11871,0.39393200153433605
11872,0.0631293227481777
11873,0.07110883145197984
11874,0.09579301627622683
11875,0.47434333964618375
11876,0.889806930642104
11877,0.23442501702235738
11878,0.1300642426154223
11879,0.04053380212422711
11880,0.05379828471300943
11881,0.05467609031008699
11882,0.2635670912406689
11883,0.14123046055633834
11884,0.013688883238276887
11885,0.07813032497082836
11886,0.15620092422763118
11887,0.023445589054748337
11888,0.8282651737061337
11889,0.33423436860025
11890,0.07964032140200965
11891,0.015524408926158405
11892,0.5672799320297067
11893,0.742691639744082
11894,0.24016967241898002
11895,0.7592124493037374
11896,0.5708935322157641
11897,0.09187907691127273
11898,0.7194148130994603
11899,0.26527188630305665
11900,0.35878749442018243
11901,0.6103040656199181
11902,0.02897554674996678
11903,0.7869456327441761
11904,0.7015137555043277
11905,0.3743259768384512
11906,0.05087995751258378
11907,0.3815414255290889
11908,0.3584891733930614
11909,0.48344001905053724
11910,0.36233785086186815
11911,0.013403632921536348
11912,0.19533185237129447
11913,0.828326584885834
11914,0.6328876571667527
11915,0.5240014775763233
11916,0.41850979018236883
11917,0.8728244271385253
11918,0.8054355185645056
11919,0.025354725288384335
11920,0.1325348146018793
11921,0.022496256574390108
11922,0.005672108927574477
11923,0.020440210325583845
11924,0.016296745065564135
11925,0.12904046393031118
11926,0.21368302060491498
11927,0.005716224564438832
11928,0.6972513701409101
11929,0.024016586889535563
11930,0.6453482939473774
11931,0.1157281651778683
11932,0.006768470452362408
11933,0.024644520384512047
11934,0.25824542156911234
11935,0.11689303848923163
11936,0.02205742096907056
11937,0.008002179788778386
11938,0.9010533354475315
11939,0.09354971783258342
11940,0.45547655513290847
11941,0.053269984253510046
11942,0.036361983180771135
11943,0.05435779885656533
11944,0.5580815415861398
11945,0.053624570640482885
11946,0.2271763111013443
11947,0.9266627707939196
11948,0.32927305650914707
11949,0.05082275543502945
11950,0.061420542543942296
11951,0.7173681147875591
11952,0.960078707518331
11953,0.20152215633836992
11954,0.9073357690544702
11955,0.8988018674714247
11956,0.10104051968366236
11957,0.2254114042783598
11958,0.1447893505786207
11959,0.13541632207350435
11960,0.2012055653645386
11961,0.38822465094380937
11962,0.20761527280717412
11963,0.4531663663143206
11964,0.42886607981805974
11965,0.003957375731200967
11966,0.4134250239016449
11967,0.8005837212745065
11968,0.09142937487449863
11969,0.7006108273867008
11970,0.12752867799562653
11971,0.07361124434126964
11972,0.0941700476555624
11973,0.591080198685983
11974,0.17875504201817305
11975,0.060998364888601136
11976,0.27415299231866164
11977,0.7045662175640189
11978,0.035304562194903355
11979,0.1562789796181179
11980,0.9088211941302178
11981,0.16763178105717041
11982,0.07923929131586045
11983,0.1631818144312574
11984,0.06863692557424705
11985,0.41435983230376977
11986,0.49371542618216946
11987,0.04030401299815181
11988,0.9760790826227503
11989,0.1487174866074675
11990,0.8499696875614782
11991,0.4678305596376518
11992,0.09875283370963443
11993,0.9534720173879473
11994,0.37710372278785687
11995,0.06592936475002006
11996,0.7397395167646479
11997,0.8822159908920311
11998,0.09123858261299807
11999,0.2957107328549648
12000,0.05179662720596698
12001,0.01094106794765843
12002,0.10543975647134457
12003,0.06131970426592178
12004,0.030367723378306795
12005,0.14170294898609012
12006,0.8526692502926166
12007,0.41740422641334396
12008,0.005473284702821023
12009,0.06294561172525434
12010,0.2191242931377481
12011,0.008154450437272018
12012,0.7768838331743747
12013,0.9183690088576547
12014,0.2695962112579383
12015,0.24711103824956365
12016,0.12938396461887924
12017,0.0637447064970337
12018,0.13500583572923225
12019,0.5431261271692976
12020,0.1790827974637558
12021,0.5000816538532535
12022,0.25235141301455444
12023,0.08199254189951223
12024,0.023228578689147295
12025,0.022726714545394173
12026,0.39827716283011505
12027,0.07345937420139638
12028,0.828152011432134
12029,0.9178305297906048
12030,0.18004146897236703
12031,0.8398221917756746
12032,0.6904037280412231
12033,0.007159137743180597
12034,0.07469443641980117
12035,0.09726269651218787
12036,0.9035799819780437
12037,0.8571421899624293
12038,0.16247347109066512
12039,0.36304287445518124
12040,0.0572373972442449
12041,0.0035843100124727076
12042,0.009404724887682335
12043,0.22688891198878086
12044,0.005196451043262008
12045,0.37043716534061394
12046,0.11245990368903194
12047,0.04700341578009908
12048,0.3442825175264556
12049,0.07232036758732452
12050,0.5234512456928567
12051,0.8558022964025688
12052,0.6421289355328955
12053,0.4120952186835812
12054,0.5812881386589824
12055,0.0445386192252924
12056,0.25341632048538626
12057,0.07904578884635186
12058,0.22048419252363696
12059,0.6693085641041939
12060,0.010745259416160847
12061,0.0874663066955944
12062,0.004483712327876469
12063,0.034468941285877026
12064,0.792161293171818
12065,0.7010170491600288
12066,0.022310655708246873
12067,0.1442596662567875
12068,0.3778935455290018
12069,0.040242098489431305
12070,0.05956675991605566
12071,0.2507848586150355
12072,0.12220190465840144
12073,0.2932183141869204
12074,0.4018108812328795
12075,0.1230830114891936
12076,0.9742930254971024
12077,0.07870560918124467
12078,0.047221088913881604
12079,0.11233787508320842
12080,0.13675535459565255
12081,0.4991090337732873
12082,0.06096268658363672
12083,0.5806943415366655
12084,0.3129572750818308
12085,0.0699200544987093
12086,0.4028527294084295
12087,0.06317813412592342
12088,0.036218337859079394
12089,0.8439621192728717
12090,0.5138882069998413
12091,0.6604501968202922
12092,0.09051856431528178
12093,0.9456289001443642
12094,0.09100204008734684
12095,0.930245858763444
12096,0.05767610343804197
12097,0.014482449073556525
12098,0.03222925528002366
12099,0.6756545175177248
12100,0.13303204753829798
12101,0.20671969861163453
12102,0.5906331618675231
12103,0.38224874679174586
12104,0.010665689081239854
12105,0.2787127947593425
12106,0.11362875524932116
12107,0.02213220160275267
12108,0.9345974896460224
12109,0.5069547922547133
12110,0.13920743365808091
12111,0.767090133128977
12112,0.06126024599994171
12113,0.030423340423375158
12114,0.9427777414824937
12115,0.19502848900799227
12116,0.025317202994301267
12117,0.22306581052445665
12118,0.10176419424581183
12119,0.003590532868571613
12120,0.019378722296151677
12121,0.010176892351628416
12122,0.012059745998833726
12123,0.21419968468875047
12124,0.565481057877016
12125,0.04386870957798037
12126,0.05339154203663744
12127,0.02810136833062735
12128,0.007019057086950548
12129,0.2374145569519796
12130,0.16156935495693162
12131,0.06757639209613142
12132,0.9294438640542655
12133,0.8050180365751621
12134,0.35530432581149585
12135,0.7259752918875442
12136,0.04927080572238974
12137,0.06666857479591529
12138,0.9488320789463222
12139,0.3832252189534897
12140,0.03326753024057017
12141,0.05412700473289352
12142,0.9214308638692765
12143,0.9210150459008946
12144,0.27452251541143236
12145,0.9451986090492916
12146,0.3212442207247004
12147,0.08816571486152038
12148,0.2578917354754803
12149,0.0057918055651461015
12150,0.06252816605044488
12151,0.9459777699248998
12152,0.05493926735101354
12153,0.011090274751277876
12154,0.053671997494859736
12155,0.09738575485423624
12156,0.1078569840591683
12157,0.11455921274504925
12158,0.9715330566612463
12159,0.12410797707581561
12160,0.6105431968808736
12161,0.07035467464882084
12162,0.039510267832466625
12163,0.19969896075603238
12164,0.5316400705425994
12165,0.2205566435691383
12166,0.9453608516461105
12167,0.12144496401830598
12168,0.026387095340601584
12169,0.14709619005795882
12170,0.08425539763339512
12171,0.14773845623133292
12172,0.0033773633684627707
12173,0.797521486249139
12174,0.09693018614636278
12175,0.35151220268247185
12176,0.3250685321609918
12177,0.05493846975206633
12178,0.37621197109609616
12179,0.5129981690101358
12180,0.7294541151664562
12181,0.22169243736403588
12182,0.06888817623800624
12183,0.43511343537085684
12184,0.3006374958861727
12185,0.008720998670965619
12186,0.22960427189204186
12187,0.2548747070357295
12188,0.0558895291459667
12189,0.11112977155364641
12190,0.3761988056612137
12191,0.9097573137255313
12192,0.6095992660286758
12193,0.12465868684581617
12194,0.04120167630794504
12195,0.2782684080500179
12196,0.16266700004461798
12197,0.26919832490802015
12198,0.005803886366125845
12199,0.6705891581106656
12200,0.1438525403950002
12201,0.016162464504372778
12202,0.5689980852466675
12203,0.021558898720559442
12204,0.2715059394453883
12205,0.03179935876564876
12206,0.6424759375138587
12207,0.3062255427036588
12208,0.9044659083489364
12209,0.05501385773934153
12210,0.03560532139193146
12211,0.47821057186587035
12212,0.154280642810682
12213,0.17252235869424556
12214,0.05511038674597731
12215,0.006698249385842427
12216,0.0472618044917114
12217,0.037083704650888775
12218,0.06597877630779485
12219,0.03255704731580658
12220,0.0336909437158275
12221,0.5231233340267855
12222,0.8179497697404802
12223,0.3839001731618734
12224,0.7038770490166363
12225,0.8511187166871217
12226,0.02005586091735988
12227,0.9296414869579172
12228,0.4609224260950676
12229,0.16153772615449918
12230,0.6237316170807377
12231,0.13986298262302657
12232,0.9648907917671038
12233,0.7149529955002512
12234,0.005936801852823672
12235,0.0038999898693569245
12236,0.1263723447512579
12237,0.13764379176032
12238,0.20195116918180214
12239,0.08548977262331284
12240,0.27856786027956243
12241,0.006894919646006883
12242,0.11387769061191604
12243,0.1370403331015594
12244,0.26470319842308226
12245,0.16717987964160044
12246,0.006502456524991159
12247,0.017619003513693145
12248,0.02351270146119224
12249,0.0920949527215803
12250,0.34343124143345716
12251,0.06885636636866009
12252,0.9749677759115359
12253,0.1967684243241216
12254,0.020912856070049116
12255,0.49486794597881734
12256,0.5560775138893234
12257,0.2759998946187757
12258,0.01188094788083149
12259,0.7466741270048163
12260,0.7267160679951029
12261,0.5396974246459132
12262,0.46942281186598844
12263,0.10077986246741558
12264,0.008639930857616003
12265,0.47046401391545867
12266,0.6553603413663603
12267,0.02351400633975018
12268,0.02158724760157278
12269,0.10331860214004943
12270,0.05994100530048667
12271,0.07327766393323852
12272,0.6407334847719659
12273,0.012976706069873393
12274,0.0927083876120515
12275,0.16387683216156834
12276,0.2911126006703299
12277,0.13724495939810463
12278,0.44817695460747003
12279,0.12072928119378663
12280,0.11780029566734823
12281,0.03654244204827784
12282,0.19036046861419104
12283,0.4625509346115511
12284,0.7600070013951536
12285,0.9385137175180137
12286,0.058776899618098385
12287,0.7423951071744044
12288,0.03494589649393049
12289,0.19489622925713893
12290,0.10642636147229334
12291,0.030185543641208023
12292,0.6689794794071081
12293,0.09013116089438308
12294,0.05274747052819909
12295,0.9014389677348188
12296,0.6980665617346374
12297,0.08305992016369858
12298,0.37038859990506606
12299,0.6785734786581097
12300,0.006241814637683561
12301,0.30072940035347223
12302,0.06340722634225845
12303,0.09793954971327314
12304,0.5161207421654865
12305,0.17284808982737396
12306,0.03453098004379425
12307,0.012589289928346457
12308,0.018752629387330765
12309,0.004945296603174156
12310,0.7675447428595458
12311,0.010438395705357944
12312,0.016803651974581293
12313,0.4836069416533116
12314,0.012271993193172478
12315,0.47365888904978093
12316,0.17392631380420012
12317,0.41036205453465413
12318,0.23450919714509993
12319,0.010362631267615737
12320,0.004568621368885592
12321,0.5909697757805515
12322,0.0692100155354241
12323,0.23402833346729648
12324,0.10932997015209578
12325,0.7771595621698988
12326,0.0053252647435610735
12327,0.9350348819333718
12328,0.9039583417065696
12329,0.012620613465687658
12330,0.1382231785793685
12331,0.028983495725689173
12332,0.009275614493301245
12333,0.34617482396685373
12334,0.9342071880300755
12335,0.24352392436230136
12336,0.08885138172815858
12337,0.018850251732999614
12338,0.029844774191106465
12339,0.9234999604167674
12340,0.7734229161207022
12341,0.09630099760121304
12342,0.12492971421393621
12343,0.010684771008028277
12344,0.8806212693554737
12345,0.10668986708981414
12346,0.10429778367546942
12347,0.02013902580655449
12348,0.2872031328596879
12349,0.4492321699441515
12350,0.3982518016282745
12351,0.22055535571647034
12352,0.011755831125495423
12353,0.10727953138776165
12354,0.20295823441139718
12355,0.16181112602442554
12356,0.025128037055963247
12357,0.6535090153602738
12358,0.12086309099787093
12359,0.22665076025699749
12360,0.13039972614710385
12361,0.003020581080263932
12362,0.005759094326060286
12363,0.16554158051343448
12364,0.11393972467686302
12365,0.44304723390938205
12366,0.4344036925801031
12367,0.49530466884180424
12368,0.37493232501010165
12369,0.08862470007134665
12370,0.009567859524697223
12371,0.10736141147128501
12372,0.12431170755832796
12373,0.09101802563684956
12374,0.017506473463982673
12375,0.013232665036466853
12376,0.07036067405300948
12377,0.19358843510802043
12378,0.862572920880356
12379,0.5970253292569629
12380,0.003768747240539617
12381,0.019368361601375
12382,0.017307202475801038
12383,0.04491012873050394
12384,0.0854804381223475
12385,0.3256919989858805
12386,0.25888644980162
12387,0.09065530037877041
12388,0.9272996137604267
12389,0.26146764193852456
12390,0.8535523252920441
12391,0.15347208404885931
12392,0.7838062097411511
12393,0.2407658479398372
12394,0.010145473309300731
12395,0.5435568219876784
12396,0.09414987531747658
12397,0.012076443591318835
12398,0.1857010025299243
12399,0.028632639751496124
12400,0.42897563712367986
12401,0.28687610662403873
12402,0.6517230970154777
12403,0.01740497527441931
12404,0.13398364036756522
12405,0.6140757423256047
12406,0.8573617437044756
12407,0.24139893141019703
12408,0.10352015072870668
12409,0.05059316550322352
12410,0.3118024186051669
12411,0.17985100267178808
12412,0.7867396064115076
12413,0.08211643371934313
12414,0.20198140064828257
12415,0.07026380616801521
12416,0.008323482911590642
12417,0.7488229629610794
12418,0.0773432940607792
12419,0.43789257282890176
12420,0.10329488660981258
12421,0.06203477845080834
12422,0.0482956897479573
12423,0.0674901147835256
12424,0.016498037210116313
12425,0.8467610681789475
12426,0.6660110453377358
12427,0.30865269472060525
12428,0.15618390184975098
12429,0.022916876345479915
12430,0.4130342992647256
12431,0.1666729706049446
12432,0.7648892065046624
12433,0.2678826304072251
12434,0.43347706774122235
12435,0.0417154065050189
12436,0.004839029717499203
12437,0.016204539734028297
12438,0.7539848248396981
12439,0.01837379746600572
12440,0.3145984396878362
12441,0.15464630335687737
12442,0.7405909961608308
12443,0.77514617112018
12444,0.9275886089235234
12445,0.09785286024126581
12446,0.1489360456254037
12447,0.6513846905925367
12448,0.019025918095356673
12449,0.14865097556541304
12450,0.9464573288624402
12451,0.01190396937733996
12452,0.007990489502708753
12453,0.7922896696881931
12454,0.011093342727386744
12455,0.05567132947431107
12456,0.652544156220551
12457,0.04586244327345385
12458,0.2144780165961333
12459,0.0708183556624042
12460,0.15947575472196113
12461,0.19436689303766747
12462,0.6751882339246795
12463,0.8335275640560097
12464,0.7543623881703679
12465,0.29575285542218804
12466,0.3479123799981453
12467,0.12877279680811043
12468,0.05924345870727629
12469,0.0862356736675072
12470,0.8714108206653459
12471,0.0017855525738562873
12472,0.8572120870102438
12473,0.012740779894595102
12474,0.005921684824920743
12475,0.09529360361272166
12476,0.9591511551884315
12477,0.25006157167892007
12478,0.2628046198150344
12479,0.17046378530183812
12480,0.24467807911527228
12481,0.2637184624099236
12482,0.0343985702941224
12483,0.09203360411773964
12484,0.9037285986800808
12485,0.14630727208688948
12486,0.9426277852106514
12487,0.13402760730555505
12488,0.01169580218037566
12489,0.18917036227869413
12490,0.3478677587660987
12491,0.10914231290195692
12492,0.09056951490268988
12493,0.8685368263088561
12494,0.9348921456643359
12495,0.8307448655894025
12496,0.06445255062169102
12497,0.3080716652403066
12498,0.017802234450583612
12499,0.031512084802783204
12500,0.49125354116276404
12501,0.062254543927299996
12502,0.04665945202749119
12503,0.36359634093523435
12504,0.01503717650057231
12505,0.1287384758753896
12506,0.06601570047739906
12507,0.2529476208243291
12508,0.00783514891621075
12509,0.23951083117016142
12510,0.18338397880018376
12511,0.3892040683080661
12512,0.06789654293947271
12513,0.0034407573880893623
12514,0.10352767615772059
12515,0.11569649958498822
12516,0.06211800254751253
12517,0.06852113647887137
12518,0.3467911295396832
12519,0.731979824176181
12520,0.007448141558085974
12521,0.8533253405466572
12522,0.02488091027174061
12523,0.7999062650468658
12524,0.059453578870515174
12525,0.03581516069006818
12526,0.2933382249318101
12527,0.014111632110378188
12528,0.022175142237752788
12529,0.020412412666809664
12530,0.34858824939344
12531,0.8032974527391339
12532,0.18613988256722797
12533,0.8676844658299636
12534,0.2734626683563601
12535,0.44165468029317095
12536,0.2679037707478919
12537,0.8190930267492958
12538,0.8978555110305209
12539,0.10235370792355591
12540,0.43397772004428714
12541,0.07220016459311579
12542,0.016148353149112355
12543,0.8074237447174025
12544,0.09454295191935447
12545,0.32569925549985107
12546,0.01498636227015553
12547,0.014414204244502883
12548,0.16870781145297195
12549,0.015077299120953805
12550,0.87966001550275
12551,0.1202958460045108
12552,0.47463187109153177
12553,0.2548810038956695
12554,0.3468564418948063
12555,0.06326902830590685
12556,0.02927984678923109
12557,0.9046906016089146
12558,0.837453573702084
12559,0.9001781904272448
12560,0.09354213790893129
12561,0.543331073989451
12562,0.8844913346540259
12563,0.5155164328086507
12564,0.32998113039472327
12565,0.45191740074564524
12566,0.006242180111554803
12567,0.2866136713839187
12568,0.9423278351574557
12569,0.07483369809236043
12570,0.1172599561471915
12571,0.02503057425966153
12572,0.012927350943436796
12573,0.05568294762741003
12574,0.05011091804552217
12575,0.03947048709600454
12576,0.0843339020092329
12577,0.237408309434779
12578,0.04024251297479289
12579,0.18761421254686814
12580,0.9058960815602501
12581,0.3862277501932201
12582,0.03664185398845534
12583,0.918228580086137
12584,0.00842927778063917
12585,0.006663271906307208
12586,0.4323124572595903
12587,0.04225087005820495
12588,0.11924052532944307
12589,0.9192089236201623
12590,0.17710870092768324
12591,0.8250488880074829
12592,0.103070062281717
12593,0.0048668337594728285
12594,0.09352817861284606
12595,0.0024928281597464868
12596,0.8245452944097525
12597,0.9614793847345627
12598,0.8443251768576076
12599,0.4684167773260614
12600,0.02461988743443256
12601,0.5194848442675019
12602,0.17041580171964227
12603,0.01051331936074061
12604,0.03473284012195185
12605,0.57159101996021
12606,0.02846969853197489
12607,0.18365558779279723
12608,0.41232907609460856
12609,0.008562361351273704
12610,0.3849623175970825
12611,0.09377923660442712
12612,0.028356374369136732
12613,0.3719401058381815
12614,0.008820334184441754
12615,0.4324936332980251
12616,0.0021545739873798015
12617,0.003465275359362174
12618,0.0024323210980208066
12619,0.3468596012874268
12620,0.06930890692356208
12621,0.019249668580227988
12622,0.012594722331430736
12623,0.721482978703802
12624,0.10504691081986232
12625,0.15258398701808853
12626,0.8943459040911985
12627,0.2642735557220711
12628,0.9262852209263375
12629,0.18372278831514127
12630,0.7983341714766626
12631,0.32585749057799296
12632,0.22227859247120518
12633,0.12979438891284786
12634,0.14884985479500265
12635,0.028399984264507076
12636,0.10071667291452803
12637,0.6851283348813244
12638,0.08223394305410114
12639,0.1699841769374807
12640,0.563136998106173
12641,0.21988240438491177
12642,0.09301733793366686
12643,0.275323374170289
12644,0.30303945036130364
12645,0.012438093791305348
12646,0.14200981899403903
12647,0.02210090598556199
12648,0.16266663246967275
12649,0.0674113829105846
12650,0.0034298364840693873
12651,0.3145108898016231
12652,0.06052331186826948
12653,0.00591985626820827
12654,0.1085260135597348
12655,0.23141807877158557
12656,0.11745775019334724
12657,0.7794427741697958
12658,0.05451931945863663
12659,0.22956563816703254
12660,0.2887091660280821
12661,0.06488722342572592
12662,0.003998484705925786
12663,0.677747104697578
12664,0.22719914897365934
12665,0.08686081222608312
12666,0.10090540620219911
12667,0.06386050344066761
12668,0.13405734052656182
12669,0.18483312240012253
12670,0.039883838675864154
12671,0.3038243822043639
12672,0.176843659096103
12673,0.1107733705268675
12674,0.8375535657981044
12675,0.620089816775208
12676,0.0631454836646275
12677,0.867959358190911
12678,0.9098570499835238
12679,0.05527389883424115
12680,0.16556257081307232
12681,0.10044083070905852
12682,0.006605768476225685
12683,0.11744910126892859
12684,0.8862173258543848
12685,0.02701806830513288
12686,0.8056635261203425
12687,0.02147797665847307
12688,0.30534319029366275
12689,0.09517989151581789
12690,0.009187010876214057
12691,0.03702651413459438
12692,0.24477218978140416
12693,0.7735120944619636
12694,0.2028625454904584
12695,0.5520488383447192
12696,0.1282335771109495
12697,0.4012758937611351
12698,0.43141645324410327
12699,0.01575105341907777
12700,0.24945321526265574
12701,0.9698960031636265
12702,0.2645670599596777
12703,0.18161960928322277
12704,0.8070081721240825
12705,0.10043243915227021
12706,0.49056984402495657
12707,0.018775752902167958
12708,0.7868423523958714
12709,0.5905435800563377
12710,0.6464636154576073
12711,0.06038597326894897
12712,0.941089597393054
12713,0.07499838442605905
12714,0.24622998275521008
12715,0.05856519287000404
12716,0.17546765731207042
12717,0.5710943964194125
12718,0.6271326629443179
12719,0.5388146313177579
12720,0.2697393956572421
12721,0.7602655019273863
12722,0.4951407077940441
12723,0.630051152467726
12724,0.05684238746791567
12725,0.7705538611299009
12726,0.34269176598881074
12727,0.02296817428830727
12728,0.2161965380655537
12729,0.011902495617072245
12730,0.2026011776382426
12731,0.6784505582866786
12732,0.9418525391242021
12733,0.38765958717304577
12734,0.570520951676723
12735,0.1025420368620586
12736,0.8118289572010239
12737,0.031016732196420614
12738,0.35146196777504196
12739,0.0021318770782413413
12740,0.15066889305679035
12741,0.8721092207373522
12742,0.27655751744724044
12743,0.040534670839645355
12744,0.08756196140253132
12745,0.11394061710207769
12746,0.04503873609925025
12747,0.6177664693415387
12748,0.15549379504079897
12749,0.6608301444824751
12750,0.1522668358540499
12751,0.0342369423796007
12752,0.053701753685975
12753,0.03614150200175046
12754,0.5669050964560256
12755,0.1630236317572497
12756,0.3946253934846671
12757,0.0029248850695441932
12758,0.1317528425288802
12759,0.838411905239444
12760,0.16053938233858217
12761,0.9099663286326248
12762,0.049903594001151755
12763,0.003986590199018934
12764,0.3049621380135064
12765,0.08685034600551142
12766,0.1300604389670291
12767,0.376438573784427
12768,0.4017847998208141
12769,0.015763189087606547
12770,0.014819337091658795
12771,0.08673146210441872
12772,0.7096559926738878
12773,0.10822364891914031
12774,0.19918484097786446
12775,0.13751250798980144
12776,0.31936078806486234
12777,0.17491425553540735
12778,0.1309886232307363
12779,0.638457746523413
12780,0.43788528501294915
12781,0.030657025186628998
12782,0.016895286816707218
12783,0.007326757513539442
12784,0.15237778302403135
12785,0.08743189756457817
12786,0.008754994285391497
12787,0.22365052260252485
12788,0.17690431124771344
12789,0.14247310679562233
12790,0.5022686488312494
12791,0.11842524117018144
12792,0.009612229654745794
12793,0.46273127952972304
12794,0.978073069618146
12795,0.8470817933189719
12796,0.031683787064738386
12797,0.08480845353991794
12798,0.45405263773145066
12799,0.44769089701722736
12800,0.09203360411773964
12801,0.008936657306289795
12802,0.3038824463686547
12803,0.005664743598612349
12804,0.00888848582139212
12805,0.0033100761813464326
12806,0.8918402802516209
12807,0.10585859276706426
12808,0.33046265754493204
12809,0.24641537260443638
12810,0.7881058309892061
12811,0.1299531316864927
12812,0.09432338314248057
12813,0.016894094368239035
12814,0.7577820600103088
12815,0.0412193352515136
12816,0.09283496571760037
12817,0.2487013275250419
12818,0.06272003149590105
12819,0.07663530878033263
12820,0.2017774343420809
12821,0.9233285415892822
12822,0.9650903573221215
12823,0.8886310390504639
12824,0.27940259786834815
12825,0.2398725472453619
12826,0.11963038710752585
12827,0.001897484421903123
12828,0.04600997889095395
12829,0.596474313890345
12830,0.03342931009209143
12831,0.5723473880198994
12832,0.3313427883543712
12833,0.0897372749372173
12834,0.0100187553246479
12835,0.8554612231402573
12836,0.8861054289368727
12837,0.17291221403529428
12838,0.039865561289108946
12839,0.8788260660836611
12840,0.2947694122070457
12841,0.026197852544822004
12842,0.2096542833369597
12843,0.8573465837201955
12844,0.02250963233819151
12845,0.10977765208846736
12846,0.07933368713783905
12847,0.020523291707098452
12848,0.31199889440598855
12849,0.267002733128764
12850,0.34214000230078834
12851,0.7561463692463628
12852,0.03632041562714785
12853,0.21842156687242031
12854,0.10760884656372484
12855,0.011090715736317015
12856,0.050057225813024964
12857,0.4854477438235227
12858,0.6681772762438416
12859,0.02343287782061433
12860,0.040307298734268054
12861,0.4811866571564155
12862,0.7485191635983238
12863,0.3960018142546709
12864,0.270888402384919
12865,0.7027136991749497
12866,0.6252783362690614
12867,0.7173503871816886
12868,0.06891845855210348
12869,0.6857610316066165
12870,0.23062523858735995
12871,0.008537636151295408
12872,0.027175428196301143
12873,0.042049328745157925
12874,0.33878670099851904
12875,0.8566186713654129
12876,0.7746801690839169
12877,0.09920155842903075
12878,0.4312597596278966
12879,0.02565172661695319
12880,0.7983142692883235
12881,0.4156514958160369
12882,0.4157708209216163
12883,0.6902707277081924
12884,0.2525621240716798
12885,0.10361678268362536
12886,0.14740859948723722
12887,0.8050905235607811
12888,0.5750460430857324
12889,0.17840204312883784
12890,0.34985189264896116
12891,0.09218046364392349
12892,0.046109006741936236
12893,0.8725451400295466
12894,0.8442531426479449
12895,0.047447100431101674
12896,0.5751575967655195
12897,0.1679675477068229
12898,0.6696235823116207
12899,0.49596238737768716
12900,0.2713800003432537
12901,0.5973509253465978
12902,0.6606865395828853
12903,0.7673480143507511
12904,0.06411093262334751
12905,0.08629295658639567
12906,0.4610354682090237
12907,0.21472937979474543
12908,0.2001979091320087
12909,0.6162916808361607
12910,0.3463646827505367
12911,0.07206075688661188
12912,0.19361745693521248
12913,0.8339161363095634
12914,0.13732856469718174
12915,0.6161567581627329
12916,0.10688105973348341
12917,0.18190733053477867
12918,0.01735403645212262
12919,0.8917847222220217
12920,0.04844165278906157
12921,0.5528923462070592
12922,0.43034805207271165
12923,0.9723961373709784
12924,0.03758873171709533
12925,0.3400892582161579
12926,0.032771748203180275
12927,0.5391222084919102
12928,0.22194397839614896
12929,0.9203323095698557
12930,0.16959717401649624
12931,0.05682940983278031
12932,0.09523598259222203
12933,0.09076827353777106
12934,0.01603412655069297
12935,0.4152516721692198
12936,0.09885810979832924
12937,0.21680071798398234
12938,0.07501158438755547
12939,0.5427127919792213
12940,0.14652505194672652
12941,0.040461425355089134
12942,0.029229503237232755
12943,0.9070393830643831
12944,0.11599547120042468
12945,0.13761364341715848
12946,0.8811228511468724
12947,0.6579763319620004
12948,0.16377198915191932
12949,0.1294196174364347
12950,0.45327480697140204
12951,0.012295779919099865
12952,0.034774167686149694
12953,0.015779009049535015
12954,0.11202012774311036
12955,0.011383721887927533
12956,0.45256191411929686
12957,0.8593376530341879
12958,0.05725667441947603
12959,0.032542897303204074
12960,0.1801816030295921
12961,0.7447707766077684
12962,0.07822026074255152
12963,0.14230503615473908
12964,0.03273069144242405
12965,0.13168093938607753
12966,0.020482831375557085
12967,0.19135438364897292
12968,0.05989860030694988
12969,0.46643033568660874
12970,0.19818507770768212
12971,0.01991585764574168
12972,0.26885275247027246
12973,0.027927395965439725
12974,0.10164119017162691
12975,0.018829209049056637
12976,0.06163784525435422
12977,0.8905308822541842
12978,0.7499097211172837
12979,0.22803348921938502
12980,0.2435919209769699
12981,0.971321260119144
12982,0.3657201647571721
12983,0.663813482470443
12984,0.09905629610001314
12985,0.09786947439846712
12986,0.28017226088270086
12987,0.10479969890760345
12988,0.03647169805754169
12989,0.9369618823593152
12990,0.7838440528388868
12991,0.4115955547864094
12992,0.07288226827535385
12993,0.4933064598778784
12994,0.08331384680981525
12995,0.7277442896837529
12996,0.08842861963169618
12997,0.707819329880307
12998,0.054003660743207546
12999,0.3879160948040291
13000,0.9636571545656333
13001,0.07833752055576798
13002,0.7979445888495535
13003,0.22733113366768765
13004,0.0035636268097038646
13005,0.1405541456603904
13006,0.7076049995609712
13007,0.4892078388879709
13008,0.7433243193651378
13009,0.17789480712978828
13010,0.004637970506593721
13011,0.01735533014477727
13012,0.23027935229665117
13013,0.4543146922576812
13014,0.7916884540731226
13015,0.5786966050903336
13016,0.01058416534389686
13017,0.08452027840015458
13018,0.13407408115737443
13019,0.18389606626365693
13020,0.2279954991683518
13021,0.8782025301145285
13022,0.006726996051853224
13023,0.8741995043849657
13024,0.13288422534203287
13025,0.009904049294398934
13026,0.004179084256320438
13027,0.09662135988650855
13028,0.7186657128053503
13029,0.04636283059388955
13030,0.4967792814364046
13031,0.0074598262578126715
13032,0.5360131546715815
13033,0.1334784194054512
13034,0.33183059851362
13035,0.09623451594397704
13036,0.23527001392575897
13037,0.06803024663338911
13038,0.020628828688227678
13039,0.4264069707984282
13040,0.02500428956639175
13041,0.21420275459026075
13042,0.3099671293791634
13043,0.6309106336635761
13044,0.8975887375908489
13045,0.018364290802759663
13046,0.13953448389700923
13047,0.05287351225157403
13048,0.3458410312520678
13049,0.2618483023297365
13050,0.8834270734822893
13051,0.0047854174068602115
13052,0.168929555505287
13053,0.08905217001419076
13054,0.45620973833955536
13055,0.14312429264109777
13056,0.024466819226921923
13057,0.0032462650994568333
13058,0.245127346047034
13059,0.9767200725881127
13060,0.0328320684918242
13061,0.6342940710460743
13062,0.37848529048853374
13063,0.17116915447389305
13064,0.013063501568473627
13065,0.06529907933391751
13066,0.09261206595488401
13067,0.27940259786834815
13068,0.14415348287797505
13069,0.7134872675235339
13070,0.07298297779568273
13071,0.10608181533075271
13072,0.006841824723226737
13073,0.8109259055543091
13074,0.04806511288321352
13075,0.2170465153709501
13076,0.2959817192061276
13077,0.7809384002776791
13078,0.004640801764824302
13079,0.06039617868302767
13080,0.033212613379186434
13081,0.1476502402966625
13082,0.9200973536712533
13083,0.027069448995554492
13084,0.1572831038829363
13085,0.17132253238604547
13086,0.006852460595014004
13087,0.007436737226513788
13088,0.19004625458309835
13089,0.6389333781382637
13090,0.05850657152214418
13091,0.8194073223985104
13092,0.12091903594230022
13093,0.22046576386915656
13094,0.15035937876402924
13095,0.05177271124695841
13096,0.010827381852847921
13097,0.03509148117672697
13098,0.6296330846455636
13099,0.09655503193298577
13100,0.2314705837801468
13101,0.039613738594197485
13102,0.20548680929558355
13103,0.024485489459257683
13104,0.7623235717971847
13105,0.270056123804027
13106,0.9223763530734018
13107,0.9619973594563382
13108,0.03456568122497423
13109,0.4389140955331216
13110,0.5052978156925705
13111,0.05025294915111577
13112,0.8632939653027938
13113,0.8466687929552612
13114,0.03725747994494121
13115,0.02493653729141435
13116,0.917273763919857
13117,0.9202106081892939
13118,0.9006086691821551
13119,0.9056290698628459
13120,0.20887180483822324
13121,0.15449588087742913
13122,0.48305242832931955
13123,0.16017043620617777
13124,0.011599140334401088
13125,0.08635919865411443
13126,0.015246160996934181
13127,0.04942841611820005
13128,0.8479340676677504
13129,0.25255908204365324
13130,0.31482644102357926
13131,0.09109353373262295
13132,0.03833987839159669
13133,0.13144684383097133
13134,0.022645080534453597
13135,0.17252266510982223
13136,0.12828829025353522
13137,0.027228725221701063
13138,0.13356778735014407
13139,0.6888922314691498
13140,0.28962598515843196
13141,0.061671748518839144
13142,0.35936808104797785
13143,0.14712727815163126
13144,0.013184549582745881
13145,0.3553515169923085
13146,0.06946417916619625
13147,0.005656558047993248
13148,0.13898993747735147
13149,0.666159262616287
13150,0.3590197768786012
13151,0.02554890889509966
13152,0.23177698418136836
13153,0.46010084218258485
13154,0.057921608281545564
13155,0.1433723646989684
13156,0.7307119928417675
13157,0.06225613768923041
13158,0.5321628784014107
13159,0.07914485814529768
13160,0.055625445631711554
13161,0.012538917671064204
13162,0.0715408643065578
13163,0.030450204431295667
13164,0.3400369545409281
13165,0.008658084482945175
13166,0.20420987848320543
13167,0.07906016243615224
13168,0.3197378688349157
13169,0.47379693503559805
13170,0.0046500418211585836
13171,0.13543457215712637
13172,0.012546613748281702
13173,0.03784078379133876
13174,0.046941130687281125
13175,0.22232205152369328
13176,0.5019890517655523
13177,0.1778377213932171
13178,0.5644992623604737
13179,0.012171559380069127
13180,0.046267940545161874
13181,0.03612063040673441
13182,0.607267788265667
13183,0.8936657418886849
13184,0.016170926781035357
13185,0.04027372613001967
13186,0.19836719315981688
13187,0.9222623537830742
13188,0.11969145505366746
13189,0.13671462561465955
13190,0.43860448846812855
13191,0.003987149012976669
13192,0.5367185321404214
13193,0.555675035966566
13194,0.167892245416901
13195,0.010458085938291025
13196,0.008146719334178987
13197,0.007498018946242052
13198,0.6095002625213116
13199,0.051903472289776965
13200,0.08569915764805894
13201,0.016184808722185463
13202,0.036844197853816464
13203,0.9526950743372599
13204,0.9570902517245631
13205,0.056652355771749326
13206,0.6173536852852977
13207,0.10593924797211217
13208,0.7463479600451098
13209,0.0442929997759769
13210,0.017271247845552947
13211,0.25895475723208244
13212,0.2146618110627788
13213,0.37808233983018896
13214,0.005361288463314052
13215,0.3144391859955943
13216,0.019724684212733552
13217,0.10259139022458043
13218,0.6158032473954257
13219,0.19564717944431348
13220,0.38075651277036354
13221,0.4585928964208534
13222,0.7223564883545139
13223,0.08247633373216642
13224,0.18594135309259124
13225,0.00972909519501167
13226,0.04003013684964657
13227,0.3577982905414108
13228,0.1188245442041897
13229,0.9245199060014742
13230,0.17303251113528134
13231,0.024761213916476805
13232,0.44532867675144877
13233,0.7939470550270851
13234,0.16701174852895123
13235,0.1491057853765926
13236,0.037034971467655255
13237,0.06203970315614185
13238,0.5858274019178963
13239,0.08898201651663624
13240,0.07641209783321268
13241,0.06254323379921788
13242,0.2409046921300884
13243,0.5738485460962913
13244,0.07842356757806164
13245,0.03648103845459118
13246,0.006437111948067782
13247,0.912188686230907
13248,0.03982973887149986
13249,0.2634540849841004
13250,0.7059940388034908
13251,0.07071564973838852
13252,0.4088016286852035
13253,0.014763899971171576
13254,0.82729633689365
13255,0.969204106155475
13256,0.18697098082934333
13257,0.07677063178101581
13258,0.017109781358048807
13259,0.0037416237951345046
13260,0.8996598365061841
13261,0.11337946338463592
13262,0.23679747629151884
13263,0.8861600125576274
13264,0.007677347974960077
13265,0.011458994581118048
13266,0.02389676002989713
13267,0.2661682416501564
13268,0.012899914515825513
13269,0.008766960192478034
13270,0.4028135832577545
13271,0.12054348146284599
13272,0.2747847251319972
13273,0.26441506949797067
13274,0.23301922152185664
13275,0.7825091080951538
13276,0.4622303581550948
13277,0.11714489013116952
13278,0.9038024882965713
13279,0.027601727863076925
13280,0.1773030610618573
13281,0.11703885205179226
13282,0.2610297119170603
13283,0.18983250646235286
13284,0.008725194079606039
13285,0.024010265080462036
13286,0.8888346922239041
13287,0.2539682038120167
13288,0.11399913791474454
13289,0.24400402581521313
13290,0.9106969663578601
13291,0.16408695127964468
13292,0.06670976520769385
13293,0.038927398216407304
13294,0.030816975480892614
13295,0.7658683003224795
13296,0.09257394032290328
13297,0.5994213077479931
13298,0.009102622759993738
13299,0.15574197303341653
13300,0.4089213586377145
13301,0.0034060136965984524
13302,0.12299134116679897
13303,0.4289125498775184
13304,0.8464585544812075
13305,0.08096074400643917
13306,0.18633320625487032
13307,0.9732279526210121
13308,0.056648483909811226
13309,0.02638711019037593
13310,0.08302850855318349
13311,0.08297991580148187
13312,0.008013954867587603
13313,0.6119848897656273
13314,0.037222038125446714
13315,0.3742228614140317
13316,0.9238597457489759
13317,0.01489526255602973
13318,0.8981955702133588
13319,0.25382504191709016
13320,0.7330787774192724
13321,0.011348166099304726
13322,0.8027696395422539
13323,0.9479847309466355
13324,0.026657333839250435
13325,0.20222647524906515
13326,0.2758164738104573
13327,0.09775480224484598
13328,0.7980442752454189
13329,0.2972626889665652
13330,0.8621658910230477
13331,0.10840955554331122
13332,0.012914547834256117
13333,0.4744928484541841
13334,0.9122991515857121
13335,0.12544529811817565
13336,0.12220824259079352
13337,0.03626992045009128
13338,0.00712154977985348
13339,0.13012940391857217
13340,0.42903444072702535
13341,0.44149090669438423
13342,0.8768962200203145
13343,0.7864075336283445
13344,0.4556971537408877
13345,0.2018180562361196
13346,0.3145789039898405
13347,0.35562093046460613
13348,0.637071761413972
13349,0.08323609715838508
13350,0.1788514450837773
13351,0.8109540810987199
13352,0.7847969720121809
13353,0.010195891389188222
13354,0.09966485252041031
13355,0.7757123309497516
13356,0.20685618034355308
13357,0.573407833050025
13358,0.20972490923486883
13359,0.699076001653384
13360,0.6763055027788601
13361,0.791790581267753
13362,0.004805031308840253
13363,0.7625305430578855
13364,0.22321272270496065
13365,0.2533029995345156
13366,0.04015865071159926
13367,0.08732799382788164
13368,0.01668558627109526
13369,0.834214896697916
13370,0.8956728533382599
13371,0.0035410526233094052
13372,0.0811763273972215
13373,0.5734004477348373
13374,0.2801481446572415
13375,0.00704417187993535
13376,0.12704555540681572
13377,0.07782514645660857
13378,0.28666079299407093
13379,0.607135297944631
13380,0.11230316218470093
13381,0.6514001756986935
13382,0.8394895597907992
13383,0.5240895740296774
13384,0.39312921214952123
13385,0.1179250008782108
13386,0.10073531675209332
13387,0.5270120006166658
13388,0.019109502081627965
13389,0.5311264839184932
13390,0.6950395194010802
13391,0.031116691572289752
13392,0.02508257443839244
13393,0.4722077520682967
13394,0.4120956515474967
13395,0.2349636141791545
13396,0.15263722480451264
13397,0.0035028858643184045
13398,0.7092736674165901
13399,0.0030147171092222854
13400,0.0329477927571487
13401,0.20412221608426626
13402,0.8524762617060551
13403,0.4291057686803851
13404,0.03005771683138044
13405,0.8303530404454315
13406,0.11810769640184231
13407,0.8835573882542005
13408,0.6140661724288766
13409,0.00420025278796805
13410,0.6418496970884016
13411,0.02095665739604466
13412,0.6580211300791255
13413,0.1539315987330356
13414,0.2024484850237696
13415,0.9437692128394458
13416,0.8708309484791957
13417,0.9101816153371262
13418,0.10046919917315819
13419,0.01262027344861686
13420,0.13554592899094658
13421,0.09703719136032456
13422,0.39993611439904037
13423,0.07078301917202663
13424,0.6351124788287884
13425,0.6751098522887655
13426,0.8101737917733238
13427,0.01793204747729919
13428,0.8355156473930254
13429,0.9134037590161006
13430,0.6162036989697546
13431,0.06816045185376009
13432,0.730791698878203
13433,0.7029561547287071
13434,0.07145653330794476
13435,0.28536846458261156
13436,0.005119202184068611
13437,0.2217546328914861
13438,0.9349786204273535
13439,0.9560035249598612
13440,0.6737705852893374
13441,0.1052432051990432
13442,0.4785639255816458
13443,0.23873789921190866
13444,0.02252273942445894
13445,0.010245604900628154
13446,0.4518682979235456
13447,0.11370008536028023
13448,0.03829335256097612
13449,0.05746105886368962
13450,0.005354696589328798
13451,0.46687503355515525
13452,0.048829763515808026
13453,0.10818628359001502
13454,0.2656937818227967
13455,0.06264015792057942
13456,0.15790471248245017
13457,0.005552830344297763
13458,0.035929122880403765
13459,0.08957290204331161
13460,0.021114894719832796
13461,0.005560814005858119
13462,0.8249774990392664
13463,0.0978952228253716
13464,0.01669838887060532
13465,0.24782696806454085
13466,0.03847806337550875
13467,0.06446696753463851
13468,0.2647289297237624
13469,0.872546660162415
13470,0.4561438687424237
13471,0.08379153172191516
13472,0.15032219296573496
13473,0.1113691969068927
13474,0.6445112910971841
13475,0.01626702881541571
13476,0.16433032704947878
13477,0.03276889215991627
13478,0.08694672525158416
13479,0.26450884767229116
13480,0.004024429795304894
13481,0.7015912900062155
13482,0.18312240625315068
13483,0.017908177452264924
13484,0.421132023466296
13485,0.8146073192530741
13486,0.6274844712277763
13487,0.027095552949874188
13488,0.1103781174238523
13489,0.6674290413612919
13490,0.4308262757907534
13491,0.9549950583806492
13492,0.016596524937738465
13493,0.01054321201848622
13494,0.21812835072505524
13495,0.8941217957153356
13496,0.21556607730478713
13497,0.7796816733567107
13498,0.28564343272148734
13499,0.2911107835501502
13500,0.05399351407796658
13501,0.12020649853946144
13502,0.0021418731689696823
13503,0.01261751839197011
13504,0.19345404263444402
13505,0.054598658940254424
13506,0.07394541015474984
13507,0.8847229391950103
13508,0.6781704743924614
13509,0.044305998608482465
13510,0.15529171792610671
13511,0.04559276054338833
13512,0.028588296146149664
13513,0.0416231529105142
13514,0.4628306357026067
13515,0.8031945660338129
13516,0.17756437372444667
13517,0.5899883811354834
13518,0.8286217959320329
13519,0.154375725604289
13520,0.012837330503992163
13521,0.06442091496491205
13522,0.32852033218881216
13523,0.23939119738323525
13524,0.04979863226122695
13525,0.9130543669608169
13526,0.7421732787547297
13527,0.20151232200814054
13528,0.011611366326688832
13529,0.745091342697924
13530,0.02305848118249812
13531,0.2577131308616362
13532,0.10770997161034362
13533,0.0981505122267035
13534,0.8565584068119114
13535,0.9512718039965641
13536,0.2589993089987154
13537,0.3024007722290324
13538,0.5045777968330226
13539,0.6017394450792428
13540,0.9583255245657328
13541,0.0431228340753211
13542,0.15444785284461846
13543,0.14723169366132718
13544,0.0195314928067598
13545,0.020102058877799447
13546,0.46746539931808584
13547,0.32822781004648366
13548,0.01918884698918332
13549,0.012114909076939595
13550,0.2279512601007026
13551,0.12967143086228466
13552,0.13434830187549462
13553,0.9271441704681902
13554,0.22005190954677925
13555,0.8478901773267079
13556,0.37282447809339864
13557,0.8789763642826218
13558,0.04819392128459576
13559,0.32102598493685125
13560,0.12790725008405265
13561,0.01511014263339336
13562,0.3870499728223826
13563,0.05214014249593603
13564,0.1227592983763461
13565,0.49205080407915136
13566,0.11339143596403056
13567,0.02427500894608586
13568,0.052860281805884694
13569,0.8859848693163619
13570,0.3167360230061942
13571,0.5268572084538934
13572,0.22465181110118776
13573,0.2875102978262269
13574,0.7745426515043878
13575,0.6568603317192228
13576,0.8447510125210453
13577,0.45842364607964486
13578,0.2319538574276658
13579,0.08001358467914489
13580,0.3749876026455482
13581,0.0038979783734533965
13582,0.9057411862797325
13583,0.15344130210985427
13584,0.20431485340232233
13585,0.7138930260589453
13586,0.10715446148582435
13587,0.7808228287797363
13588,0.7790544809785507
13589,0.31682480772807275
13590,0.04005729667336351
13591,0.05354447572565037
13592,0.5182867167057752
13593,0.08496020873774292
13594,0.2075812345460996
13595,0.3053483968400683
13596,0.40629927088017276
13597,0.0436651856421176
13598,0.008174270959781587
13599,0.8704637126730203
13600,0.03063084901614091
13601,0.4036270712294806
13602,0.13438318616735906
13603,0.11693265461477606
13604,0.15432670079610586
13605,0.18452948226827767
13606,0.5736155005058244
13607,0.08071201109412288
13608,0.15853743747988866
13609,0.03232369027232718
13610,0.24352198344658332
13611,0.4233426131811584
13612,0.12718718890585856
13613,0.2589993089987154
13614,0.9444413988267703
13615,0.0019512164227831043
13616,0.9427438626529825
13617,0.19882166357238196
13618,0.7356892042464273
13619,0.037286110877553215
13620,0.010109314649933945
13621,0.7250077848195519
13622,0.02842629943791475
13623,0.2809178643838079
13624,0.46815033534222394
13625,0.02078609416238527
13626,0.15336722693264734
13627,0.09691325041993544
13628,0.9546990419711947
13629,0.10107303780335636
13630,0.09472445857860588
13631,0.1483272487399024
13632,0.8988405527336485
13633,0.051527613885188644
13634,0.16837250909635534
13635,0.13057928606438193
13636,0.271964858065362
13637,0.08620066783744042
13638,0.8020114969326511
13639,0.004738929549010561
13640,0.07676138157529921
13641,0.823285117845858
13642,0.49816762199341186
13643,0.09153155817418737
13644,0.9127384815230035
13645,0.25449020717039805
13646,0.0066596001550483265
13647,0.5005779000016186
13648,0.007601426613430446
13649,0.5523584122475652
13650,0.02818977746489322
13651,0.16928136301644092
13652,0.916152441047018
13653,0.28701933242358346
13654,0.8065422427094412
13655,0.029825511016857348
13656,0.41350786303355025
13657,0.29361174680763186
13658,0.6540997319883127
13659,0.9661298117211744
13660,0.030335284149574492
13661,0.11540343344249893
13662,0.24784909912263198
13663,0.4539329976998195
13664,0.6006632134678248
13665,0.10783346144563202
13666,0.7047470818910099
13667,0.01031681664439732
13668,0.8850121108144722
13669,0.5930880091267181
13670,0.22601926344029197
13671,0.27132675781195165
13672,0.4860309466392555
13673,0.02612831570041909
13674,0.24112310269606832
13675,0.4216482959968098
13676,0.18225158448097378
13677,0.029875071232963728
13678,0.3448736036083926
13679,0.23229935921505288
13680,0.12705305057491562
13681,0.9558342385863907
13682,0.22683674226556397
13683,0.12929212854326544
13684,0.8691115821191997
13685,0.008143013590495341
13686,0.6755662656721994
13687,0.33153355670242185
13688,0.10333340846798994
13689,0.02684136774612146
13690,0.7271000469237606
13691,0.06675139551119452
13692,0.2575025433159864
13693,0.1794847942618505
13694,0.008063579721783285
13695,0.1507770410548425
13696,0.24177647194578508
13697,0.05744182163416798
13698,0.641944855368197
13699,0.04621488698488209
13700,0.11381676411981843
13701,0.0422970241797685
13702,0.22041030984497925
13703,0.0033110939625262993
13704,0.8422667254613212
13705,0.325536070563454
13706,0.45311746216559595
13707,0.3640612659012894
13708,0.17845183611100826
13709,0.8895796849805403
13710,0.22458320375057725
13711,0.21827876431234244
13712,0.009449416928654862
13713,0.8850897249120697
13714,0.0566618216342569
13715,0.06091661617954512
13716,0.0766531516454185
13717,0.9526804920121082
13718,0.16551015363113825
13719,0.02185916617411572
13720,0.3668435696657485
13721,0.4637182835426487
13722,0.00445672486708818
13723,0.0680580070261382
13724,0.09941926050256612
13725,0.3212602214649996
13726,0.5316321363572484
13727,0.02181730286674449
13728,0.40376338213269775
13729,0.23134343379959618
13730,0.8612290583630874
13731,0.6741050602372124
13732,0.2895158279810774
13733,0.010251133166048147
13734,0.6611790684050609
13735,0.021672416874470874
13736,0.03090608950522784
13737,0.11042727393531179
13738,0.07578756587254733
13739,0.1459264103608163
13740,0.9202547510281804
13741,0.2605737959123887
13742,0.03467685260268883
13743,0.5211834283788614
13744,0.09961583272971888
13745,0.05094677504812446
13746,0.009962241473987396
13747,0.04791615181034375
13748,0.1213507966620137
13749,0.8207996791232932
13750,0.06749744123414954
13751,0.8209594648284197
13752,0.5106633477404396
13753,0.2432028438086309
13754,0.19106599153693404
13755,0.772756180026486
13756,0.43886614763413
13757,0.20011716169188884
13758,0.009530241995503315
13759,0.3534644688274374
13760,0.01722330086257154
13761,0.814021567021365
13762,0.030991282681586112
13763,0.6401979441319934
13764,0.8048273273515018
13765,0.6711995709893812
13766,0.34192808653522505
13767,0.13267903630867683
13768,0.03250486781004525
13769,0.4684011912608289
13770,0.14405402268925813
13771,0.14023376252632433
13772,0.9567298602476293
13773,0.1381644632252631
13774,0.0861505031090495
13775,0.11891544952998567
13776,0.03440495218980896
13777,0.026615034267705714
13778,0.6335560082671541
13779,0.18231832740116508
13780,0.8716587060679434
13781,0.291155015503081
13782,0.8240549633972747
13783,0.06659081886401386
13784,0.21927053294493198
13785,0.9801157377213268
13786,0.8877316011552783
13787,0.30578895679067414
13788,0.9466850576365449
13789,0.08001602645772282
13790,0.2338311106100854
13791,0.1376197812343026
13792,0.23010084015773075
13793,0.17983929221971617
13794,0.23429007971497073
13795,0.026960762027998818
13796,0.0627295793379771
13797,0.4497648957150446
13798,0.011270034628430733
13799,0.23368255021018028
13800,0.25161864866947825
13801,0.7876410230699651
13802,0.9548778202938866
13803,0.24656703550558573
13804,0.14109219072031196
13805,0.8457963195984051
13806,0.13233832042072557
13807,0.16711618892018057
13808,0.30547195284016154
13809,0.12440219141922745
13810,0.04434764162043863
13811,0.3027809729697385
13812,0.024786522600654667
13813,0.7247859183062049
13814,0.7861887217413864
13815,0.01669838887060532
13816,0.029732596485390575
13817,0.5021337185881495
13818,0.9496087700081931
13819,0.3352734141359514
13820,0.17540388837660897
13821,0.2497120403082566
13822,0.02526823635077504
13823,0.27313830113084236
13824,0.10054430784250676
13825,0.04794144982344474
13826,0.25425381643370615
13827,0.27003232317107634
13828,0.03152516982494085
13829,0.088865973605565
13830,0.18441039121145922
13831,0.6870647603233323
13832,0.4634726893191341
13833,0.3128862615552758
13834,0.01119537942579744
13835,0.42333109975636984
13836,0.337650664974442
13837,0.11523566631865863
13838,0.007966546045415423
13839,0.07100274698681432
13840,0.2637916885812206
13841,0.783903325729462
13842,0.10529620644084457
13843,0.4639321725509874
13844,0.2745624723603079
13845,0.0347821582559067
13846,0.5118624662411626
13847,0.0031687786041197123
13848,0.379829450161359
13849,0.03863134767575323
13850,0.08187540660204182
13851,0.6089406573987814
13852,0.026710804659357275
13853,0.95519167079412
13854,0.812091607600034
13855,0.7918972610941747
13856,0.019161891904164043
13857,0.010834234901316565
13858,0.6402474849356224
13859,0.8201555803800475
13860,0.15599487564316963
13861,0.5338632272273682
13862,0.07141870407043224
13863,0.14464776137749444
13864,0.07317416844123283
13865,0.33800457116412247
13866,0.4231343046048831
13867,0.270056123804027
13868,0.09087721868743312
13869,0.03451918777237861
13870,0.04767341284739004
13871,0.6345901088562419
13872,0.22499890360237934
13873,0.13246807539981223
13874,0.25438089445509704
13875,0.1051203052009572
13876,0.45868876327222763
13877,0.5455449603747048
13878,0.40218589610217903
13879,0.18964567372681151
13880,0.012335920205563594
13881,0.45642553393426566
13882,0.34875531392349474
13883,0.11372377182324986
13884,0.25569473590088787
13885,0.8525534061535286
13886,0.9208689369037808
13887,0.0556999736278706
13888,0.23116029638156418
13889,0.924215619106197
13890,0.05191625478267227
13891,0.8983272574371539
13892,0.0880763006181612
13893,0.8919777256743504
13894,0.22199580511966277
13895,0.1128085592765893
13896,0.5139621675652863
13897,0.12280472511042563
13898,0.0808056412204066
13899,0.4771720390322757
13900,0.050511312680369826
13901,0.13260241554456537
13902,0.48803022019373127
13903,0.6041891026345552
13904,0.13371101508807032
13905,0.03225705076327372
13906,0.2597178517529919
13907,0.29222257423627823
13908,0.007624763738811571
13909,0.019337242215878698
13910,0.29874810940395574
13911,0.02751146579183982
13912,0.1663870974829939
13913,0.5296166700219294
13914,0.16262924527383651
13915,0.3281003485812793
13916,0.6458789404674122
13917,0.13825065237219417
13918,0.014755764954181657
13919,0.6155775383240607
13920,0.7727200697430414
13921,0.7782055521523698
13922,0.3665101833281928
13923,0.8627228764736472
13924,0.9511612274329847
13925,0.3218676883589892
13926,0.9452933520419099
13927,0.8123402462744781
13928,0.1801137926577408
13929,0.29710557339555543
13930,0.5954695019892011
13931,0.7913065539584561
13932,0.6293421655037259
13933,0.07835443311995147
13934,0.5283792691225127
13935,0.024174284698181954
13936,0.0715626981851706
13937,0.6185871341088884
13938,0.04008908622071682
13939,0.39225297798628184
13940,0.07777357037885725
13941,0.36389714856406863
13942,0.9048228349969378
13943,0.22366881493117705
13944,0.174891135753745
13945,0.32190625908315257
13946,0.31673209468128904
13947,0.039741492624198425
13948,0.29331365581190627
13949,0.028902419972422218
13950,0.03266180556067399
13951,0.6981843265010971
13952,0.41988342874954054
13953,0.024872627146844208
13954,0.28140981482634136
13955,0.10628688369479043
13956,0.8719483891019084
13957,0.10449847061710145
13958,0.1683621706061044
13959,0.8139237965518468
13960,0.26874936593581505
13961,0.5210378918419333
13962,0.18987646648766396
13963,0.959018546929096
13964,0.05202170043518416
13965,0.5629680024968029
13966,0.3270422646500401
13967,0.560323492441411
13968,0.013008896173417696
13969,0.15135184496567552
13970,0.3370797831770248
13971,0.053502561111951986
13972,0.018197815554485342
13973,0.2701032332052823
13974,0.8650155872626827
13975,0.10412457305200101
13976,0.24319781969634863
13977,0.13842681268086
13978,0.2937175698523853
13979,0.775846556049476
13980,0.0103850750859921
13981,0.02223254207472996
13982,0.31036933624265667
13983,0.044128353539325295
13984,0.09494223367572155
13985,0.05211462713590324
13986,0.09558344450789852
13987,0.0417249598655712
13988,0.5634912240628817
13989,0.007073892262962998
13990,0.00476198790880308
13991,0.4244184589772589
13992,0.8560185287596053
13993,0.004176363792764764
13994,0.14569368031478905
13995,0.059568547991215026
13996,0.7060154562785377
13997,0.8778067258773229
13998,0.9661381626812794
13999,0.8897715551617135
14000,0.027744464373476167
14001,0.02759694224551423
14002,0.07575789987528948
14003,0.2837807596086188
14004,0.11168146950759744
14005,0.9021578370619007
14006,0.018552233177114456
14007,0.12173388184568276
14008,0.8400118953875993
14009,0.8463206403149729
14010,0.33081236226076177
14011,0.03152455063909136
14012,0.01583915256466652
14013,0.7526400555870163
14014,0.09529353126835245
14015,0.6194140047861774
14016,0.08880863158543606
14017,0.06533100207442014
14018,0.013511630961613952
14019,0.011044221274573243
14020,0.3567716889064278
14021,0.10816440981114211
14022,0.3064770504227538
14023,0.42460325054528597
14024,0.028584869167225923
14025,0.09377661292912931
14026,0.4642472659808106
14027,0.07919770715396002
14028,0.014651947411307487
14029,0.05464647074052857
14030,0.7778907066141978
14031,0.026461357565440918
14032,0.054672599465691814
14033,0.09518006211034459
14034,0.28211309914166355
14035,0.33910045768598734
14036,0.03211021916323212
14037,0.21087660114173182
14038,0.018793623746275696
14039,0.9185162463261856
14040,0.18302454164125068
14041,0.5421540458997948
14042,0.13153687597198332
14043,0.7912907730823199
14044,0.09545601551147546
14045,0.057921608281545564
14046,0.0892397621157593
14047,0.21286034968557413
14048,0.09119892920183009
14049,0.40615955716845376
14050,0.2672568184646536
14051,0.10477741436378982
14052,0.24228402444398683
14053,0.9626211079043601
14054,0.011669037155760049
14055,0.340358028135873
14056,0.13613848849422094
14057,0.11526385484370942
14058,0.3437733702517953
14059,0.676778738351881
14060,0.0036686305301862183
14061,0.5118374019099367
14062,0.03764283442210982
14063,0.02300899882513085
14064,0.004599447453614309
14065,0.037286110877553215
14066,0.14215036880806273
14067,0.038197991714173596
14068,0.3419449056975743
14069,0.12881774100454985
14070,0.48118296147951684
14071,0.1784029459345137
14072,0.1815477290954461
14073,0.26192167192207383
14074,0.06642081737719538
14075,0.8855209962746989
14076,0.21874824465545467
14077,0.01712797033916922
14078,0.6877571390397387
14079,0.03506194726164019
14080,0.2889255167563697
14081,0.882972026869474
14082,0.3185421993752623
14083,0.01404480294722239
14084,0.07104287462103613
14085,0.6004322127883046
14086,0.21391793258088987
14087,0.6687699201254281
14088,0.9124057510442094
14089,0.14512928087682825
14090,0.09582239731623107
14091,0.10955092478649106
14092,0.12063268975112379
14093,0.5547995628396523
14094,0.02099341208830426
14095,0.05546420368881983
14096,0.007432196286522305
14097,0.04159353656600154
14098,0.04181545223825783
14099,0.9425539049632278
14100,0.05567132947431107
14101,0.07280701206223761
14102,0.23927038090260605
14103,0.4188790964712031
14104,0.11305484073129031
14105,0.4061572469878596
14106,0.09630813409059431
14107,0.03319249000751189
14108,0.40822887412390685
14109,0.12718941684705565
14110,0.3528084462920949
14111,0.007503126725587434
14112,0.12783122761169344
14113,0.5348327493039279
14114,0.6452583628935648
14115,0.5189201612366252
14116,0.004794069719430055
14117,0.5907750239300836
14118,0.8116078303736022
14119,0.27889174313894316
14120,0.23782890605835333
14121,0.9024726660453226
14122,0.10550442999764927
14123,0.004665467809261699
14124,0.1142232172551907
14125,0.19204564843991123
14126,0.6153510874127146
14127,0.1666586363304759
14128,0.8160995409073645
14129,0.8221513817945593
14130,0.7238223612625884
14131,0.03807883026131078
14132,0.3217629563412127
14133,0.14926461290603765
14134,0.08762996818557046
14135,0.08246361243907384
14136,0.4463346004918607
14137,0.5003000722268802
14138,0.5229441968800786
14139,0.04729314950448164
14140,0.6150624941966445
14141,0.3718604105035524
14142,0.17553832333772634
14143,0.8536966217709433
14144,0.4468177763730297
14145,0.058991429387227824
14146,0.19289208437408548
14147,0.10159476287928482
14148,0.06566077741595358
14149,0.8256984923152806
14150,0.972585409871181
14151,0.854438694110527
14152,0.8619163759631185
14153,0.011080959211457927
14154,0.017361477988982972
14155,0.0646281110662013
14156,0.3294869201318357
14157,0.04424814784884222
14158,0.14257286076988898
14159,0.48108859576225493
14160,0.023568351360862157
14161,0.27940259786834815
14162,0.17642223034710477
14163,0.030181712792164795
14164,0.07774213976283406
14165,0.23031735514689544
14166,0.18816726411115578
14167,0.10341925657766404
14168,0.05917932466701803
14169,0.960274599180324
14170,0.4313228647216441
14171,0.12180519983957876
14172,0.22040350282927973
14173,0.09289209758148402
14174,0.07178913357517683
14175,0.03749870075715365
14176,0.5680458477900971
14177,0.1222872821794037
14178,0.17203103911287412
14179,0.09423846397326861
14180,0.21706608270180835
14181,0.641967134653136
14182,0.8544910508477744
14183,0.9366506095117636
14184,0.9609124713935385
14185,0.07266544178668613
14186,0.007095429945994068
14187,0.11737432897962037
14188,0.40858357449922356
14189,0.04423132260261038
14190,0.14613935110293982
14191,0.8472368344338784
14192,0.6608176548983657
14193,0.030100182872602545
14194,0.020606878123661007
14195,0.04677304724324721
14196,0.9688725541443864
14197,0.40082486698048464
14198,0.9406966161780009
14199,0.20327235692795828
14200,0.08520661172075826
14201,0.1616814325711892
14202,0.8960034673018207
14203,0.9091351325061796
14204,0.022525238177374493
14205,0.08831752731537562
14206,0.20229715586594701
14207,0.14865702798336466
14208,0.31218215349343664
14209,0.08094983847761224
14210,0.11421519840000233
14211,0.5789833473563168
14212,0.4439153811305914
14213,0.8450082419457589
14214,0.7710901191274772
14215,0.6676825085655367
14216,0.1154846970447953
14217,0.01428693573663021
14218,0.7296624773511263
14219,0.6551056479245065
14220,0.5550437988711612
14221,0.030151025991955255
14222,0.07643049023642327
14223,0.28499816664000877
14224,0.030344207644702543
14225,0.828111801237437
14226,0.6564580259663213
14227,0.24046832844750674
14228,0.6610966979028489
14229,0.08717385500077493
14230,0.893943432535798
14231,0.6091372498058348
14232,0.8709311989694188
14233,0.24010016434743958
14234,0.17506277278753227
14235,0.8976519710843233
14236,0.09734706023142271
14237,0.8639391857623351
14238,0.2983273407902321
14239,0.5139080415075551
14240,0.14135415643718438
14241,0.954571476274063
14242,0.24366446756701704
14243,0.5406401146013384
14244,0.6750023360233133
14245,0.017931423016742627
14246,0.8655945620995673
14247,0.3633281222894323
14248,0.029614182390846653
14249,0.31415058674685925
14250,0.24557240547742581
14251,0.0164243254592387
14252,0.35252567655154377
14253,0.33573151435390414
14254,0.7990505949195568
14255,0.23630291641642662
14256,0.006144315192845519
14257,0.060103678449039674
14258,0.1422047545358192
14259,0.3806592991035573
14260,0.13397799432389423
14261,0.4903791539236671
14262,0.11611691815531641
14263,0.12370546261270021
14264,0.011177552616011275
14265,0.5076671320527347
14266,0.8317218800571737
14267,0.8091544319795022
14268,0.4604554284758725
14269,0.8696936053835889
14270,0.44533263763554043
14271,0.01684575261553948
14272,0.18831268258480485
14273,0.3428587631047737
14274,0.9046881735008289
14275,0.10400867701138222
14276,0.8433073382731654
14277,0.43746924582501395
14278,0.05570784393961337
14279,0.08606417510921545
14280,0.03299756305922116
14281,0.5374724242565192
14282,0.2935526233432525
14283,0.011722718530794058
14284,0.0038441348525949607
14285,0.02031104334826031
14286,0.20932865735558048
14287,0.9139379976108284
14288,0.05556823564527197
14289,0.11166927255099521
14290,0.09599595192355882
14291,0.20743992829083083
14292,0.749867018174827
14293,0.054700630752842386
14294,0.373431299486379
14295,0.2176490620763446
14296,0.23412237765417135
14297,0.8074593190634229
14298,0.046968495635297355
14299,0.4767694693259111
14300,0.13212648523338547
14301,0.5106081049334525
14302,0.16431801356208245
14303,0.3841786587884255
14304,0.20968124292518214
14305,0.0786421401278742
14306,0.002530368540713513
14307,0.20407712583151336
14308,0.43488393731143155
14309,0.012161830054874248
14310,0.23458084601934046
14311,0.03916370762192164
14312,0.02106862716739451
14313,0.16402611620034052
14314,0.1996825058401784
14315,0.87186182700269
14316,0.11059359909219361
14317,0.9493375241274798
14318,0.022000224794143656
14319,0.16903819805373943
14320,0.4622216393987898
14321,0.2151349773426647
14322,0.2788200460447303
14323,0.10379785134996555
14324,0.8542027529033582
14325,0.016445453208937443
14326,0.06920725343672497
14327,0.8377778732268534
14328,0.03689810964552109
14329,0.731992728201002
14330,0.2754004002868909
14331,0.36928332056003565
14332,0.26004585957906545
14333,0.054226568616412
14334,0.9118465126676021
14335,0.04067596140693321
14336,0.07885530372272312
14337,0.022904613438934483
14338,0.9340200761183745
14339,0.9563050615108912
14340,0.8084443372310888
14341,0.7312022477650498
14342,0.08694562174810881
14343,0.13256897697138434
14344,0.9085691062129656
14345,0.18537282470151387
14346,0.8871807080745012
14347,0.30294427317914446
14348,0.8089283328782634
14349,0.09200994356587541
14350,0.015083906297213371
14351,0.039423621146786866
14352,0.03992934154374491
14353,0.26766152933755144
14354,0.7968104954977254
14355,0.3184896529294751
14356,0.03486150370392648
14357,0.8111063831729816
14358,0.04046725037214544
14359,0.7593651385596195
14360,0.36643134896599217
14361,0.01003463113403673
14362,0.09857735907028378
14363,0.04715733738503107
14364,0.13332179171872774
14365,0.5170039963895846
14366,0.16522641510217564
14367,0.1502679337920993
14368,0.3832380160216832
14369,0.19386372481509823
14370,0.14816668053555077
14371,0.4066724685152345
14372,0.8726759139230061
14373,0.202704127845317
14374,0.5547701113873744
14375,0.10397507995820919
14376,0.08600946617577672
14377,0.015287730855160782
14378,0.6862344210875302
14379,0.010237606481965027
14380,0.583040722603666
14381,0.16114381220698618
14382,0.1520193084068325
14383,0.019092185801996942
14384,0.1266910943595115
14385,0.2720355320293828
14386,0.7922159634201162
14387,0.5595138503209722
14388,0.6370229187103571
14389,0.01855335451340032
14390,0.31295887147156004
14391,0.6741989427386144
14392,0.5807121176233327
14393,0.21768509144082693
14394,0.1393075758453992
14395,0.8738101618259072
14396,0.07144231739197558
14397,0.10807193137670633
14398,0.23986577313930418
14399,0.5753994056046858
14400,0.5892112043146103
14401,0.25769834837218675
14402,0.1582378057557155
14403,0.014547496790739509
14404,0.03395978923574769
14405,0.43633677401663895
14406,0.10835096186786242
14407,0.2128812187798563
14408,0.004787249079895202
14409,0.9195802035465239
14410,0.9380907151633607
14411,0.05256522288966128
14412,0.26253385974075444
14413,0.7953432395024034
14414,0.7296482982984785
14415,0.9711704809314234
14416,0.5493082325740448
14417,0.02074212960835273
14418,0.33729643710832274
14419,0.15303615524738265
14420,0.22699860923105428
14421,0.1367157585293173
14422,0.8366195246522099
14423,0.05770438703488125
14424,0.8011218997849086
14425,0.11792470077708707
14426,0.4664038231370436
14427,0.195303033394752
14428,0.14673511197344308
14429,0.47670980927686346
14430,0.012031600364085305
14431,0.5330055439599352
14432,0.18925138650825268
14433,0.11291021581117099
14434,0.048942201560886314
14435,0.07452121984469098
14436,0.014067867397336965
14437,0.9214294478853351
14438,0.006128608004676512
14439,0.6124856614219795
14440,0.20931372950810403
14441,0.02127050272469597
14442,0.07484739401105316
14443,0.2657098353284425
14444,0.2708373712818966
14445,0.1868486033415096
14446,0.2802149834654818
14447,0.02598636774618846
14448,0.8433800061968456
14449,0.014139236379308967
14450,0.09461696999370763
14451,0.08254951658172557
14452,0.027048440035162002
14453,0.08384136836408701
14454,0.007951504119208707
14455,0.0569996275771519
14456,0.01502900172817321
14457,0.02226823387898891
14458,0.8998318389907594
14459,0.8163278365559166
14460,0.07567002289286077
14461,0.0671877051988782
14462,0.6689173764473068
14463,0.026428835289265762
14464,0.32924358078448124
14465,0.7947426747857487
14466,0.03600979123531243
14467,0.2013951312767415
14468,0.417311737055163
14469,0.4906557186032364
14470,0.35461157953574085
14471,0.6847726238505386
14472,0.0855899928877843
14473,0.17082217406483258
14474,0.29260885603495895
14475,0.4159381873354942
14476,0.04779258637141906
14477,0.17570198522631994
14478,0.3996769033000549
14479,0.43468708667975575
14480,0.05105852091582658
14481,0.09917900085674082
14482,0.028403618574983434
14483,0.6430634229778546
14484,0.3819352537881633
14485,0.5743806804847531
14486,0.6669045716674883
14487,0.902644434015904
14488,0.9065816924767781
14489,0.21920400984243987
14490,0.004731104779385064
14491,0.019832468372849136
14492,0.012057435314998583
14493,0.03941627023992851
14494,0.1288009511426563
14495,0.6719060872136534
14496,0.06103007834740851
14497,0.4280025711532538
14498,0.7625623649898395
14499,0.9413394593886407
14500,0.01743213917407641
14501,0.014614502177278898
14502,0.021839991668448785
14503,0.3773628184870489
14504,0.025944762193172478
14505,0.2611552513853992
14506,0.35839470520037703
14507,0.44510163562411365
14508,0.162724360091741
14509,0.009524537844570963
14510,0.30027525391395316
14511,0.006644600788468791
14512,0.24491709863720657
14513,0.01280363687280194
14514,0.022859358569169208
14515,0.5433837842680207
14516,0.0662132297088972
14517,0.17551514293302334
14518,0.19494651150080133
14519,0.2707095295804811
14520,0.05319978543082498
14521,0.5121764410420757
14522,0.15580037482553177
14523,0.42986443097544796
14524,0.14040874367972658
14525,0.028447340688190728
14526,0.891062266822158
14527,0.018035719086511564
14528,0.13534616619841466
14529,0.399492154130314
14530,0.041153947038003624
14531,0.017441368511394238
14532,0.8817907055893244
14533,0.05545228494534923
14534,0.2073756946686821
14535,0.18201745198860791
14536,0.021350166654967726
14537,0.22208515145580182
14538,0.14381734616541944
14539,0.5330520733059259
14540,0.13878411667268076
14541,0.33337227907376593
14542,0.029852436377932536
14543,0.5656776401331818
14544,0.02492773230886551
14545,0.3786233736933193
14546,0.2783781370112133
14547,0.1191159822038088
14548,0.07947595794150895
14549,0.31847943492245634
14550,0.07996662951180203
14551,0.05049427030922038
14552,0.059713744869729996
14553,0.18555833188792753
14554,0.05174973768268318
14555,0.021521185001777337
14556,0.02161007587820561
14557,0.014108189503450896
14558,0.09953866992441156
14559,0.20135859451928875
14560,0.1564750302805709
14561,0.15422374578676604
14562,0.8380238815803445
14563,0.19885678194906964
14564,0.011967934664691796
14565,0.18358604612390025
14566,0.3952608841003496
14567,0.1457321564315492
14568,0.06639749944006054
14569,0.33053352797062213
14570,0.4877979093847271
14571,0.8867268283731357
14572,0.178732530817646
14573,0.3190753435572651
14574,0.3227866155907556
14575,0.09507139197866148
14576,0.1654789143170487
14577,0.8303530404454315
14578,0.016954301236661515
14579,0.24095282165623397
14580,0.420277369318793
14581,0.17929850682614873
14582,0.6150229205351612
14583,0.20735908393888708
14584,0.3031482626613561
14585,0.041804474730145785
14586,0.13074552525752395
14587,0.5534301430723596
14588,0.24827351092978328
14589,0.47548143758754946
14590,0.4853237415382083
14591,0.3597954773965917
14592,0.2720367265712952
14593,0.04899527963749454
14594,0.15150272635061332
14595,0.0035074068846486046
14596,0.7987957781737972
14597,0.1518085892856876
14598,0.4675281547026978
14599,0.20293200021747562
14600,0.10261346498835919
14601,0.13346708155668466
14602,0.36912944885114585
14603,0.06565906316910616
14604,0.8797935869963637
14605,0.3003653432269735
14606,0.8549399491369329
14607,0.4527925857814398
14608,0.3102690973709909
14609,0.5646190386470695
14610,0.09710464237665237
14611,0.46916955197728666
14612,0.11803320167073245
14613,0.8059621629778122
14614,0.07161879326564069
14615,0.012916698962992827
14616,0.06731373033519351
14617,0.7389183574149699
14618,0.05698852503929265
14619,0.006101413633575615
14620,0.06039156867630298
14621,0.3516384731558438
14622,0.8532282509655401
14623,0.23386071296794833
14624,0.9241335905033738
14625,0.02420228065361201
14626,0.2270596824121159
14627,0.20036735803751024
14628,0.006516812486829875
14629,0.9464999325899333
14630,0.1562072496534779
14631,0.2100388018362359
14632,0.018669491788186277
14633,0.10268805277162144
14634,0.37506780597159056
14635,0.05578722385715463
14636,0.01972055388185482
14637,0.9136721770887721
14638,0.11749858741130674
14639,0.006135026191299145
14640,0.3962454468193888
14641,0.7582594765808752
14642,0.027925952985394062
14643,0.08298259162446799
14644,0.007481546695768742
14645,0.19245511238435764
14646,0.10228563809235802
14647,0.14410060049904932
14648,0.06015867589367994
14649,0.4541655890786255
14650,0.05819385620555534
14651,0.5328411207561509
14652,0.8257440648567513
14653,0.04426421883072426
14654,0.17384367962543637
14655,0.40506822528964975
14656,0.36466432319903536
14657,0.08622375445942669
14658,0.5443688792126757
14659,0.0044404864787205905
14660,0.25364727313922003
14661,0.06936221982717908
14662,0.023172795953688794
14663,0.1055992799360181
14664,0.3016976302942642
14665,0.8810261330698322
14666,0.07317543489634876
14667,0.6343435686178257
14668,0.13475227512843596
14669,0.3935521515572176
14670,0.012971038321142847
14671,0.5841562122548711
14672,0.018825025542402566
14673,0.4998302562227519
14674,0.3109091937178394
14675,0.06371487226782045
14676,0.868576853177769
14677,0.07024432186748082
14678,0.20636939229046736
14679,0.40280110657284257
14680,0.027327907295009227
14681,0.05484606625703886
14682,0.5166040931619399
14683,0.10772894160284878
14684,0.001897484421903123
14685,0.13131641354251175
14686,0.02802483175310037
14687,0.07546844773637233
14688,0.2973184222865857
14689,0.11439856225285157
14690,0.8952365425559944
14691,0.019537248681696158
14692,0.8754058155331048
14693,0.3616763358695191
14694,0.1529417000409742
14695,0.3362051717463097
14696,0.1797284327802823
14697,0.5986379381938398
14698,0.1312782971081204
14699,0.01878871208721415
14700,0.6787134840085567
14701,0.09193280358049442
14702,0.07294062399028167
14703,0.02038111413036419
14704,0.17299837353309833
14705,0.05515246637544603
14706,0.44417000442808835
14707,0.6633098424649798
14708,0.31867982724492844
14709,0.06055136546512374
14710,0.19937179196691823
14711,0.051326602764044334
14712,0.7197255045285692
14713,0.3440777116927062
14714,0.686776507506686
14715,0.09182952690745426
14716,0.4875709411459175
14717,0.23703388066628997
14718,0.04216106545938021
14719,0.13025167782692523
14720,0.14696521960642994
14721,0.054744017486883144
14722,0.9621822836068259
14723,0.829855053904431
14724,0.3812670069369239
14725,0.7587325826278104
14726,0.18099734858603486
14727,0.4550313953979302
14728,0.24710899342352566
14729,0.13758768660927093
14730,0.07885246110640122
14731,0.09732382440750996
14732,0.8400960031484757
14733,0.18669532089939794
14734,0.45729919953427506
14735,0.04052616926130754
14736,0.17863721355706755
14737,0.35208955107412976
14738,0.20800078805374356
14739,0.1783923546899587
14740,0.4570435366103512
14741,0.5780053988227071
14742,0.16369314452470157
14743,0.9406247796855297
14744,0.3653965696046666
14745,0.007406005661344594
14746,0.1452505451456244
14747,0.03706042022007374
14748,0.7606553363362504
14749,0.250618661924761
14750,0.19481424260274743
14751,0.013385508348093574
14752,0.35078076131251323
14753,0.017385260660304845
14754,0.005759762381015327
14755,0.26654933080904897
14756,0.06790211429576837
14757,0.09719092084088533
14758,0.11392023955206698
14759,0.020250346059499973
14760,0.2197926094589292
14761,0.1084586952521846
14762,0.1003423457891953
14763,0.3332827841875799
14764,0.18557579266264795
14765,0.1254010386824152
14766,0.5586507433531084
14767,0.008397572399843681
14768,0.003251236423924529
14769,0.10417210742755578
14770,0.4393049045741475
14771,0.17272463424589463
14772,0.9537250065814167
14773,0.03282457105870572
14774,0.09003010669280664
14775,0.00497123875992507
14776,0.002643009193018459
14777,0.1702299773864126
14778,0.8636369528338232
14779,0.7734779120549304
14780,0.06400216466154746
14781,0.1834449374794759
14782,0.3350241294635931
14783,0.018835855666187045
14784,0.10814442780741569
14785,0.5054281182332713
14786,0.013726275428185499
14787,0.9003402906339143
14788,0.11998808948161083
14789,0.6816584277862823
14790,0.0029867765727305726
14791,0.0993443222575355
14792,0.027130927120318962
14793,0.14506649040975747
14794,0.1165757603657789
14795,0.6779940201314519
14796,0.44022319665260184
14797,0.05650492227845799
14798,0.006089232056666576
14799,0.5640011690723999
14800,0.09178172009560288
14801,0.8994218521879194
14802,0.11525305911894669
14803,0.15636950809266006
14804,0.803018488587359
14805,0.6211714523256484
14806,0.6060171069791257
14807,0.11086689844414364
14808,0.0955413022634563
14809,0.020609372364237696
14810,0.8136680306515099
14811,0.7966960755875269
14812,0.18908949885952292
14813,0.07099365686299433
14814,0.12265566167608066
14815,0.3178433134118664
14816,0.41127658424740327
14817,0.2008189937958354
14818,0.5420086853205512
14819,0.09674125534248575
14820,0.07317737535743085
14821,0.005606406520883513
14822,0.033008359238921196
14823,0.2198938830270085
14824,0.8466266818788987
14825,0.012285236711024878
14826,0.15371599339191397
14827,0.01825038790549514
14828,0.06630892174181746
14829,0.01288271229429047
14830,0.056213035763757344
14831,0.4892629228937227
14832,0.271270596078941
14833,0.1524371348437151
14834,0.9073392168914572
14835,0.37658298698613496
14836,0.04229539155661416
14837,0.29842453124725327
14838,0.8727532011707402
14839,0.02509162422350127
14840,0.09752381904870708
14841,0.7879276959424778
14842,0.08923592275456313
14843,0.05533571043612168
14844,0.1700295908514493
14845,0.01468280966721372
14846,0.19227780240602957
14847,0.6174650048520017
14848,0.2597988601455432
14849,0.059581699472158176
14850,0.003437253947258708
14851,0.36835945156535954
14852,0.008195115664784855
14853,0.15149578665836652
14854,0.009795948999039513
14855,0.03967852773554517
14856,0.10137912608934493
14857,0.8803714986831753
14858,0.8516291036930378
14859,0.052001532402689635
14860,0.2414703797215698
14861,0.37409892965237196
14862,0.6592053226690936
14863,0.28726638858931125
14864,0.46699246692436797
14865,0.6740718669258848
14866,0.11942873838830922
14867,0.29403241883776227
14868,0.33678007281237776
14869,0.885384956439603
14870,0.19706625871109
14871,0.9078338447521097
14872,0.041152194575658205
14873,0.2544877717707295
14874,0.3950353727239267
14875,0.1519841176107644
14876,0.8488784264414018
14877,0.5987055535840163
14878,0.6374502903018212
14879,0.16028447107616367
14880,0.876792010084019
14881,0.5199336987067851
14882,0.07472594255829283
14883,0.9344439764696466
14884,0.11869072636040774
14885,0.03833974664745388
14886,0.19878538870926496
14887,0.01208526335076768
14888,0.3826935284140229
14889,0.03192524906539342
14890,0.07102165070337428
14891,0.03369592829541696
14892,0.32136059072453893
14893,0.8720748996448767
14894,0.28516968368281126
14895,0.9516491896368303
14896,0.531724061002407
14897,0.061446261591835936
14898,0.4145970396507241
14899,0.2936237263849824
14900,0.9086256417838843
14901,0.37882601044649067
14902,0.04787143578604466
14903,0.7667683380394674
14904,0.1900484072203972
14905,0.04891894390440088
14906,0.06530573940722581
14907,0.016368491834864007
14908,0.002486997190897659
14909,0.7911964850192831
14910,0.8554334094499225
14911,0.4446748593568944
14912,0.7794522062439727
14913,0.02833608838181104
14914,0.028208262496004596
14915,0.34941493791119876
14916,0.6142231235393257
14917,0.2412012757095048
14918,0.07292998073463115
14919,0.7153456917292307
14920,0.6952479864729384
14921,0.8600406374686814
14922,0.10023390792416102
14923,0.43296543393294956
14924,0.6047565150068354
14925,0.9581876181287002
14926,0.051134350589067824
14927,0.11205981747837715
14928,0.08515298119718728
14929,0.3717484217595684
14930,0.09064352735738491
14931,0.07320787081285773
14932,0.14465461118584902
14933,0.15588390888175999
14934,0.06722806689374256
14935,0.12708207669402624
14936,0.09295437830734499
14937,0.010241556401225082
14938,0.024527971766884805
14939,0.02631064274624
14940,0.26516539026029373
14941,0.85224340868198
14942,0.4395133031856948
14943,0.35427691143666296
14944,0.05465591492659669
14945,0.7692040763364796
14946,0.03335737214034792
14947,0.006639062762825992
14948,0.9033233823199412
14949,0.054643032745637206
14950,0.1373477291029814
14951,0.11260696467511278
14952,0.4718195123657132
14953,0.027790636494725643
14954,0.45156294934951124
14955,0.33566056369102143
14956,0.09325397789484088
14957,0.024072662686201476
14958,0.6747130077698666
14959,0.16404757201684328
14960,0.2382964187828294
14961,0.10290655716948088
14962,0.7491072153076413
14963,0.11958570120503526
14964,0.04513611483598567
14965,0.3690183632850833
14966,0.20309867337749613
14967,0.0548171885853455
14968,0.5696799492554041
14969,0.44728789894089127
14970,0.5613455614799816
14971,0.4029913791249145
14972,0.03329772481277997
14973,0.009020471414085875
14974,0.7707238402472228
14975,0.5449203683639539
14976,0.9102073407379763
14977,0.11700464933229975
14978,0.17262890648564605
14979,0.821116538846229
14980,0.04590326801852795
14981,0.6917902239414293
14982,0.8713721261734096
14983,0.01282987997628806
14984,0.06687820840673628
14985,0.018498146559989888
14986,0.9010454501684333
14987,0.32989370273731367
14988,0.03699647269178543
14989,0.06373978280985004
14990,0.759959124281217
14991,0.9297790487841611
14992,0.04098372827440803
14993,0.4786576001129086
14994,0.201525923184732
14995,0.094181704478705
14996,0.7855727265435213
14997,0.009055032293065039
14998,0.09401715767679951
14999,0.41481764802551563
15000,0.024760790865934985
15001,0.004386365802388742
15002,0.021434030131626276
15003,0.08765903571074714
15004,0.8892985899316967
15005,0.8683446258857357
15006,0.16030191727307083
15007,0.08581568970567692
15008,0.02731052142708176
15009,0.018152408424962612
15010,0.006464174799067673
15011,0.04543499867628368
15012,0.11372158924236409
15013,0.16977652465166948
15014,0.0057767970874709005
15015,0.02333780321107358
15016,0.42316642192840265
15017,0.22224556311627544
15018,0.010970661168118621
15019,0.0034172081635325253
15020,0.01745036384926016
15021,0.19986401902854983
15022,0.005329023840061905
15023,0.9403234311503336
15024,0.015319455801118898
15025,0.41553179970032283
15026,0.13556902824201938
15027,0.535848401315187
15028,0.10088844135572274
15029,0.4912372290183295
15030,0.017368303668336096
15031,0.17242421217089476
15032,0.07542291390829926
15033,0.07867908597340555
15034,0.12239432234797497
15035,0.027202255506205565
15036,0.8391405853126697
15037,0.0061486353334363995
15038,0.024951101209878014
15039,0.08092523667523537
15040,0.33278366098896117
15041,0.007378875230375259
15042,0.12463953167736708
15043,0.5832057696469565
15044,0.050770797808730755
15045,0.0319194715055583
15046,0.7058136152771848
15047,0.8103854615392382
15048,0.6754479652685664
15049,0.04015865071159926
15050,0.3452575277953126
15051,0.28210165927179914
15052,0.8690513384599639
15053,0.15949021733268468
15054,0.015398250033728815
15055,0.6056219458892498
15056,0.1065837738992806
15057,0.16501500632035368
15058,0.9334508461727936
15059,0.004991581856263028
15060,0.6806745374322172
15061,0.05165573544392613
15062,0.6510826170494899
15063,0.1367416185371317
15064,0.8585353127485358
15065,0.1236691296993451
15066,0.45415250645659183
15067,0.03281312619086386
15068,0.0708469889833937
15069,0.005284246740440698
15070,0.13817241444171363
15071,0.03103652394409254
15072,0.004380315845319734
15073,0.03513192347160801
15074,0.10455824257026401
15075,0.9158470510065329
15076,0.11971441771524105
15077,0.24011934789260642
15078,0.1443296885333937
15079,0.23682726511287872
15080,0.08183644014592391
15081,0.10862020255170433
15082,0.026936292854478187
15083,0.1077226535760633
15084,0.18224022901320638
15085,0.1599957493091251
15086,0.06884147546853306
15087,0.05486617075290178
15088,0.045541905029028586
15089,0.7982407440668762
15090,0.04791413300711906
15091,0.2048950670169091
15092,0.008679946532139736
15093,0.6353948229812495
15094,0.07996662951180203
15095,0.20391034775563538
15096,0.14937521493580969
15097,0.08911700705630257
15098,0.5722180900561288
15099,0.02753829380119879
15100,0.07320643040864584
15101,0.662760175663916
15102,0.0868480855888654
15103,0.1077402937114971
15104,0.8716736707550866
15105,0.137844001640811
15106,0.07421483109941916
15107,0.07124279575829702
15108,0.041795844949113606
15109,0.2747703202292501
15110,0.6360427507247314
15111,0.28316736032587186
15112,0.03818596414483162
15113,0.04536795103083012
15114,0.06681837962943263
15115,0.7549630163622797
15116,0.023781317187637985
15117,0.2203244338423465
15118,0.8757699845603089
15119,0.8368714328781551
15120,0.117554956453171
15121,0.06516611783720506
15122,0.10393324745924494
15123,0.5131989248622215
15124,0.7064798509842976
15125,0.0848569221885555
15126,0.08555534009959034
15127,0.721046677227008
15128,0.015241666414432819
15129,0.12636205943916784
15130,0.07670796888201813
15131,0.06698422776097393
15132,0.9328362112749276
15133,0.011641383566629237
15134,0.8250955075551245
15135,0.8833412846766863
15136,0.7379027500682911
15137,0.11972716338199413
15138,0.16816618904180516
15139,0.18246436375274738
15140,0.1853612934993872
15141,0.066324727641625
15142,0.8273507021457328
15143,0.043359188123923885
15144,0.8039486914488833
15145,0.05743532376606481
15146,0.06576008149024011
15147,0.005637755059451311
15148,0.04581325741244723
15149,0.5077469191879722
15150,0.09496045858983491
15151,0.6609503200358869
15152,0.95898151757209
15153,0.3206310899967296
15154,0.0060888399157835345
15155,0.13764598208048195
15156,0.4236244568032478
15157,0.6318223951336449
15158,0.5215701748471776
15159,0.15816794664336414
15160,0.09419159577254407
15161,0.015405005194459769
15162,0.1597070227930944
15163,0.15728922902426434
15164,0.39181289619494447
15165,0.48644112508864085
15166,0.6129165551768857
15167,0.15751245037276423
15168,0.06336375656124482
15169,0.20362951236809806
15170,0.05909854257840711
15171,0.11293630586155802
15172,0.937837139215565
15173,0.05278077750703038
15174,0.24808826973015036
15175,0.4038389559418641
15176,0.05841940954465095
15177,0.23105912557891162
15178,0.07625042385795198
15179,0.06052331186826948
15180,0.05925744737930327
15181,0.035058992055997475
15182,0.3458273364039712
15183,0.7340730553038547
15184,0.8232048850441084
15185,0.027248610446675314
15186,0.5803878916906914
15187,0.09593425438623959
15188,0.10000854310970744
15189,0.11659306320915809
15190,0.0571989173414555
15191,0.3177188206643065
15192,0.37760496999812276
15193,0.1392329481970236
15194,0.8670305348188337
15195,0.26159562096824945
15196,0.26473751222192876
15197,0.2797398046948274
15198,0.4731048739780018
15199,0.44257382681459834
15200,0.026292492710244367
15201,0.05884921553282179
15202,0.050334434867100576
15203,0.12366461129183255
15204,0.8736951217886091
15205,0.822258027089972
15206,0.05403171590283506
15207,0.02317192137040846
15208,0.41879693992712863
15209,0.038645944808156106
15210,0.1438283194906764
15211,0.31904220188871807
15212,0.4327466079906725
15213,0.8504457701672338
15214,0.017869789358906367
15215,0.07008686978417877
15216,0.06096803517915352
15217,0.17686674406686587
15218,0.9766949599097952
15219,0.9691140258383343
15220,0.015421245876456961
15221,0.2108622642762045
15222,0.1980971345290177
15223,0.9301897976855839
15224,0.8625930356749392
15225,0.07130627280869853
15226,0.8593047446164791
15227,0.025280106058139056
15228,0.02673778748879915
15229,0.2870473412313704
15230,0.8437674900103171
15231,0.20480945222987254
15232,0.3170375646752466
15233,0.08088882515653548
15234,0.8771538623700207
15235,0.5764604649762836
15236,0.2066292199147427
15237,0.05295492752015637
15238,0.02358696071592235
15239,0.43928993596688193
15240,0.6238318792816251
15241,0.03277578038843595
15242,0.5567709958162526
15243,0.21209055447630226
15244,0.9769724681915982
15245,0.11224018887994597
15246,0.04666071160479577
15247,0.5204738643380175
15248,0.173192412004968
15249,0.016488888313912375
15250,0.13388763590459385
15251,0.4964482703848306
15252,0.020704082876552028
15253,0.016935187266574492
15254,0.03277646489014286
15255,0.2386867438709494
15256,0.39394453816019465
15257,0.18193180298205738
15258,0.1402137629140324
15259,0.2829575561895117
15260,0.8522249275722192
15261,0.9455400676543674
15262,0.03806151427875222
15263,0.8131192458416435
15264,0.009069189789049971
15265,0.23429007971497073
15266,0.19593015940880124
15267,0.7181085758085363
15268,0.4801674647794691
15269,0.44816479026736794
15270,0.3518125943085199
15271,0.8322655582798274
15272,0.5959375157280621
15273,0.8501816061690758
15274,0.7300207292147088
15275,0.019089049110632392
15276,0.5347892343949368
15277,0.3306937993334872
15278,0.0613797817544464
15279,0.22168939729310078
15280,0.02924269053574102
15281,0.0699207959570698
15282,0.0991847665733703
15283,0.0037018199690405235
15284,0.14836910148532242
15285,0.7225582718242388
15286,0.7764470876907383
15287,0.04850781872540277
15288,0.022726714545394173
15289,0.5203138873435847
15290,0.005226843312327711
15291,0.3983294334843082
15292,0.34808029216887004
15293,0.10583197701594592
15294,0.17114742381861425
15295,0.020140245218670753
15296,0.012915115725168642
15297,0.07481566174421354
15298,0.22279135091706742
15299,0.7859560353595499
15300,0.008842037848433395
15301,0.2919247385776248
15302,0.7817993146112431
15303,0.011028558557002004
15304,0.0469981017298495
15305,0.02572730185465985
15306,0.0918039143981156
15307,0.008627236970537026
15308,0.26427828108189316
15309,0.048598392756155157
15310,0.0836577625962615
15311,0.8796062768445525
15312,0.04504709478407935
15313,0.026057779788909725
15314,0.9071329213089
15315,0.16567747627562132
15316,0.935756795142492
15317,0.13326460510015387
15318,0.17556614623336916
15319,0.8980216649907887
15320,0.07988616770432562
15321,0.8911980644227965
15322,0.5044767692317754
15323,0.9253563371237136
15324,0.6209284454215647
15325,0.05516347852153069
15326,0.2676158482511258
15327,0.052700457036427194
15328,0.06149319112518282
15329,0.050548193156799724
15330,0.415526605028925
15331,0.1550729442757013
15332,0.3045210685159252
15333,0.0581758264403494
15334,0.17784372158417414
15335,0.742336845076683
15336,0.004036464484215468
15337,0.34847964498725587
15338,0.066324727641625
15339,0.016070962127221596
15340,0.071964884917765
15341,0.9241024179380509
15342,0.5064790946498926
15343,0.03788965291546456
15344,0.33827231669671437
15345,0.12420434827617147
15346,0.006158783558495431
15347,0.303738523114785
15348,0.18332331345462685
15349,0.06027991689855565
15350,0.7676472710499579
15351,0.14014456596709354
15352,0.7778793162397722
15353,0.056767857208712705
15354,0.0312225898363047
15355,0.6819323172160338
15356,0.013488089037727798
15357,0.9174636723916412
15358,0.21848281838675992
15359,0.013533415233811703
15360,0.09659516133678664
15361,0.7312374491782372
15362,0.52209316016331
15363,0.28682051702950234
15364,0.5105160915787804
15365,0.5374155802615669
15366,0.01642234438104
15367,0.0467182836049583
15368,0.239945482730031
15369,0.2382075699400856
15370,0.06184414144052972
15371,0.6604188885053303
15372,0.0487167160946747
15373,0.011750399036409134
15374,0.279655052672079
15375,0.33477367125287405
15376,0.7365533001543023
15377,0.20017977102580606
15378,0.83214728675128
15379,0.0436642161777625
15380,0.21304828301299814
15381,0.08812432836639557
15382,0.051804331562635794
15383,0.07847704138669102
15384,0.27691579568120345
15385,0.0031776331610306693
15386,0.24102753867670412
15387,0.7455332987238289
15388,0.9712749066674056
15389,0.8001855398342265
15390,0.00592349373290094
15391,0.9270338714307876
15392,0.914345413418016
15393,0.6397474792335637
15394,0.14110987710668413
15395,0.28480057108076656
15396,0.41481764802551563
15397,0.011270058732986256
15398,0.4869905700884361
15399,0.08471527561434293
15400,0.8427285274453765
15401,0.7698862068494512
15402,0.06411369477525838
15403,0.21750464672611672
15404,0.043290542081766914
15405,0.12768672526650035
15406,0.3090368627583838
15407,0.05492258829462126
15408,0.3956031038851353
15409,0.8617779105297455
15410,0.006414117256036881
15411,0.03280733319277256
15412,0.9065954652789615
15413,0.16999352361247405
15414,0.18277883678760856
15415,0.37581167171525603
15416,0.6539413649982563
15417,0.2174687583677577
15418,0.12728826232512935
15419,0.5826387022352296
15420,0.32319963837427845
15421,0.02043451095190252
15422,0.1863068429966564
15423,0.11660568388965209
15424,0.7982765999566763
15425,0.20203472506453393
15426,0.16569607601497402
15427,0.12369737733379468
15428,0.030715119152130946
15429,0.3454122094097581
15430,0.017583132254143218
15431,0.003238228944313307
15432,0.057269329098784544
15433,0.8953291929633914
15434,0.4253319188352588
15435,0.10580631053406814
15436,0.09591344732997908
15437,0.5402673127895606
15438,0.03918488124353312
15439,0.06073281837348431
15440,0.32099114951691937
15441,0.03312605727254295
15442,0.010830158972500043
15443,0.011609372224787536
15444,0.15151098525503293
15445,0.08618894595614618
15446,0.0945940710154925
15447,0.009077861085447763
15448,0.6398263329227618
15449,0.13988865587477195
15450,0.21574792028261408
15451,0.8854924333010268
15452,0.0581967510075637
15453,0.07384525077739518
15454,0.04280920428279342
15455,0.030851814627282006
15456,0.8384405950171819
15457,0.15384257036872143
15458,0.006490612217048352
15459,0.08485868729983152
15460,0.05981910283001021
15461,0.36110007325075466
15462,0.48086035331054006
15463,0.127545590708398
15464,0.41467992107496376
15465,0.851443681913081
15466,0.6459356568434476
15467,0.6342940710460743
15468,0.8352670624808896
15469,0.14356278205509526
15470,0.4283134091512162
15471,0.9262980709912171
15472,0.09897000258606943
15473,0.022751502212112328
15474,0.5118756860161802
15475,0.79689520742975
15476,0.0873949813272965
15477,0.05055214075008415
15478,0.1161164613884005
15479,0.03807883026131078
15480,0.11368483101699513
15481,0.21264019601041306
15482,0.126946562828212
15483,0.8686213991703114
15484,0.6105175303350978
15485,0.34460842262203223
15486,0.3372308825216384
15487,0.0019401034016636657
15488,0.6646712536122352
15489,0.8254304854391865
15490,0.07547584664974787
15491,0.07174453506653065
15492,0.037034971467655255
15493,0.12899025642868558
15494,0.0025490850438897664
15495,0.6522142292230028
15496,0.2985838961221662
15497,0.054021606979643116
15498,0.2996820461125543
15499,0.4822018994151383
15500,0.08018070222168333
15501,0.7116781270910325
15502,0.7823129900537634
15503,0.034084549463248126
15504,0.08384958129476515
15505,0.9034614273797077
15506,0.1070084210989984
15507,0.8502016154068793
15508,0.18210132823642497
15509,0.04402946759716689
15510,0.1335480727716411
15511,0.18566805027853736
15512,0.0798085727801196
15513,0.145512536907701
15514,0.17941023311815343
15515,0.46490885626293
15516,0.060476344794828205
15517,0.8065739452748635
15518,0.45441099669032164
15519,0.09756959090022493
15520,0.2644793308938582
15521,0.3286782010597263
15522,0.07388790129396297
15523,0.22960427189204186
15524,0.04564618216623925
15525,0.055468437650274344
15526,0.1523221146857841
15527,0.16148202343067292
15528,0.8757685079122325
15529,0.14713163736574494
15530,0.17791905589091378
15531,0.1730331873118306
15532,0.11737373764807776
15533,0.019857153403936244
15534,0.9127844384912333
15535,0.7328854429425008
15536,0.10624288949673955
15537,0.8684456387950659
15538,0.3772307425393124
15539,0.79864541919974
15540,0.024453748174095482
15541,0.1342397335044121
15542,0.3174555807809535
15543,0.24388456181769078
15544,0.012232046747955985
15545,0.1384354510960737
15546,0.007903214980178526
15547,0.015953265120737962
15548,0.38086802595107444
15549,0.3602885476133381
15550,0.4223429906181729
15551,0.15464710703156387
15552,0.14770890283326443
15553,0.19979943189269886
15554,0.8936730756429455
15555,0.07695168825146673
15556,0.04000385491853507
15557,0.5090802881527088
15558,0.029123392848614767
15559,0.8559990765856644
15560,0.8980993202870067
15561,0.05822730213248967
15562,0.31831363164132004
15563,0.10851277938267219
15564,0.07962175298271207
15565,0.8745988078554491
15566,0.11951551160393703
15567,0.1533852737602171
15568,0.0655718931697427
15569,0.004745692962781742
15570,0.05623619220961259
15571,0.020822857088062852
15572,0.2242975413561874
15573,0.7940147498179784
15574,0.07244951469742704
15575,0.024406206539713426
15576,0.47803153143055505
15577,0.01665227471075929
15578,0.2743944034001563
15579,0.6546306395673138
15580,0.8281065071192271
15581,0.30904528275403936
15582,0.6766475136521267
15583,0.022626662893436456
15584,0.010877868791551535
15585,0.2464520464769532
15586,0.07694492643354743
15587,0.07106480588969853
15588,0.09136891022666445
15589,0.5135011178471869
15590,0.32860120561569084
15591,0.030632766303828107
15592,0.46539692484288453
15593,0.7978464490581166
15594,0.47044120256035654
15595,0.045233458783683324
15596,0.11991188507357008
15597,0.05751583523180987
15598,0.03998685927250544
15599,0.03204529742173187
15600,0.4370594415144836
15601,0.22836447442754895
15602,0.011994438934193448
15603,0.8494979960365431
15604,0.17121750449130974
15605,0.3632819854619655
15606,0.1993765435287466
15607,0.09319003361715233
15608,0.5100758884013732
15609,0.6929936127118944
15610,0.044962716383340484
15611,0.015178845156152108
15612,0.36314790726039753
15613,0.40434950208928294
15614,0.01173478994727768
15615,0.17371369041567117
15616,0.018326550785929773
15617,0.08344158193131712
15618,0.01708706961094704
15619,0.3477428031515988
15620,0.5008018288238596
15621,0.33051050390270204
15622,0.024984079207712142
15623,0.9300656334545344
15624,0.5095356448131586
15625,0.31405765902278665
15626,0.07289575291552194
15627,0.16862665620672587
15628,0.24879798088074354
15629,0.08581786060604735
15630,0.275790762979434
15631,0.07793968996518194
15632,0.27555691721721515
15633,0.22489906316312244
15634,0.35053305539131513
15635,0.21048075199010122
15636,0.2703911829751621
15637,0.00630993270831567
15638,0.3398322819542999
15639,0.5859180817470949
15640,0.08119434394022987
15641,0.005649176662041426
15642,0.2370656820477418
15643,0.12858289840588077
15644,0.0875743601124704
15645,0.11447984920009842
15646,0.1343628344842932
15647,0.22211284767737968
15648,0.09899562387576963
15649,0.016477937044063168
15650,0.014052693578683426
15651,0.46224469423365583
15652,0.4031874380444928
15653,0.9716015056153736
15654,0.05734778424260083
15655,0.4438425262015544
15656,0.6343551394339113
15657,0.015153628958511888
15658,0.0794351815110168
15659,0.1404873264620583
15660,0.031586808753101804
15661,0.11221504302743612
15662,0.008457248320113832
15663,0.8186676393316183
15664,0.2930241600028899
15665,0.13882275666656338
15666,0.005061327727655723
15667,0.06330279532723151
15668,0.1490677938793644
15669,0.9031134940036069
15670,0.048289561085557646
15671,0.6032215753322706
15672,0.06754526806003665
15673,0.16194468816752672
15674,0.15890082841248698
15675,0.9242790166774435
15676,0.24877638118405024
15677,0.052110389735558975
15678,0.7522325020415814
15679,0.12313032778753492
15680,0.3152432227340954
15681,0.08656097106840456
15682,0.1201123019087928
15683,0.39331389384204835
15684,0.891668251666591
15685,0.0672201313378972
15686,0.11121846918266111
15687,0.058725374915992376
15688,0.747543384687643
15689,0.04378127751246229
15690,0.7538994279381719
15691,0.05735114016193565
15692,0.7198527658947911
15693,0.13923485686969406
15694,0.016799635544034713
15695,0.5193853407271422
15696,0.8976690670744876
15697,0.8227571901711273
15698,0.25658391159965394
15699,0.656583038905683
15700,0.9166503056352583
15701,0.006060477841058507
15702,0.8547799114265574
15703,0.885081156704592
15704,0.9127394940313517
15705,0.11373828380837078
15706,0.11269492320994534
15707,0.0031731044134532945
15708,0.15266814912916357
15709,0.9293357052176192
15710,0.3604800748462959
15711,0.36381153111400644
15712,0.3250635093892238
15713,0.09631611369006152
15714,0.7602737110785355
15715,0.03637961793517783
15716,0.027327078377097185
15717,0.6169313652415784
15718,0.14181014689750343
15719,0.1754569797095114
15720,0.008152576746158232
15721,0.6504840662427734
15722,0.4420430843707525
15723,0.054046698767603124
15724,0.5530160905633256
15725,0.14535573646337493
15726,0.9062317122055611
15727,0.006298463085352388
15728,0.25227626039341455
15729,0.06087569284211213
15730,0.009725977502961091
15731,0.008627236970537026
15732,0.05216598998556363
15733,0.8374178957936091
15734,0.27166449590205494
15735,0.056493330094189734
15736,0.850819096208033
15737,0.07161471084075868
15738,0.21360566294579436
15739,0.8160310590329233
15740,0.8996743162776213
15741,0.21008389606069294
15742,0.1069914291220116
15743,0.018279139493323462
15744,0.2759210693705291
15745,0.09250151606171689
15746,0.3544765147568402
15747,0.08052849636799086
15748,0.17517894496598602
15749,0.1464048721729551
15750,0.03792577360759212
15751,0.34633779463838793
15752,0.17286644669919124
15753,0.6848094771666966
15754,0.06339734361845324
15755,0.15725017172952502
15756,0.014495517010730591
15757,0.03272488109499218
15758,0.06020563195255553
15759,0.7544656149694782
15760,0.021279418123026778
15761,0.10023427929895998
15762,0.8070672638850435
15763,0.019303710697517778
15764,0.017595615362584537
15765,0.2853623974769658
15766,0.05200465056521095
15767,0.014101445295671066
15768,0.26792200756806567
15769,0.12602532541232636
15770,0.08839761927940303
15771,0.08203162159548394
15772,0.5261565551057319
15773,0.13451189616032316
15774,0.3793080572363055
15775,0.05344134336021566
15776,0.6311505445058155
15777,0.4998976664557426
15778,0.5211026179025097
15779,0.04396601309806813
15780,0.15094773518475185
15781,0.34590059152307157
15782,0.2030865270751421
15783,0.014121910626158526
15784,0.01137513668914807
15785,0.012900880782176785
15786,0.03816165157991972
15787,0.7571183419930683
15788,0.12246777402067581
15789,0.13164703882044956
15790,0.28458594853817265
15791,0.7759012451108035
15792,0.0016714664923324699
15793,0.023717352755115658
15794,0.13915298085785024
15795,0.7967647998933726
15796,0.14417048278757924
15797,0.6164395879615616
15798,0.44136411965534866
15799,0.6008866535581997
15800,0.4297077962383797
15801,0.23855077889220092
15802,0.23923799145698293
15803,0.16632374719415774
15804,0.011866829548790413
15805,0.4776687274999533
15806,0.37666949827173113
15807,0.66986421021819
15808,0.29119090567223693
15809,0.1519543446813922
15810,0.42586323383569646
15811,0.004778763433983163
15812,0.9316508131675881
15813,0.7923314504774551
15814,0.9111817278328682
15815,0.03142520466578355
15816,0.11438610637329556
15817,0.7299989364868248
15818,0.3363610149491084
15819,0.014458118454094868
15820,0.023466431328980117
15821,0.08671218141736481
15822,0.2898110195632288
15823,0.5362837419274776
15824,0.0876814424235522
15825,0.4972682809443563
15826,0.16153760909192744
15827,0.46993165115327973
15828,0.25529633921593686
15829,0.632624434827975
15830,0.014333920176540373
15831,0.14691621211272243
15832,0.03321811683688811
15833,0.1597008141945117
15834,0.048294890396911275
15835,0.20651860782276274
15836,0.8240910835568462
15837,0.7540734614228306
15838,0.4165457049983852
15839,0.030849027674860054
15840,0.9079520938849766
15841,0.2558057466449804
15842,0.6984363679381683
15843,0.03668538568716633
15844,0.04496116216734021
15845,0.8241042057928666
15846,0.10272244288796488
15847,0.9103840879782295
15848,0.06362437556303818
15849,0.06381295882797124
15850,0.5381099004118933
15851,0.7150797931633525
15852,0.04773585940223146
15853,0.021733757707323977
15854,0.084581435906437
15855,0.005966858496692202
15856,0.1872827257358992
15857,0.14467292056874462
15858,0.07376667631343413
15859,0.7124174096953235
15860,0.06567053231330447
15861,0.49391807513610236
15862,0.8518704996311253
15863,0.6956584072154612
15864,0.4463782474348924
15865,0.4125768254499152
15866,0.755452164202635
15867,0.29523331118548873
15868,0.590945942869355
15869,0.6085020354016033
15870,0.13522385338179657
15871,0.04480200756935861
15872,0.07194518478891179
15873,0.023431999686877203
15874,0.27896296224552153
15875,0.1722925642773267
15876,0.16033791028499803
15877,0.33153118774501317
15878,0.11625997541166086
15879,0.05410622847946869
15880,0.050811831173510416
15881,0.03880813649434113
15882,0.3213270304245152
15883,0.23560559028917924
15884,0.05662544341003917
15885,0.8822943361861058
15886,0.027460987729824176
15887,0.19050947470388646
15888,0.13521505198148215
15889,0.0700092297943882
15890,0.9244678738743529
15891,0.08557329244440022
15892,0.025665193454263522
15893,0.0074748933629070445
15894,0.25277349962831364
15895,0.04851259755591094
15896,0.14821107000931594
15897,0.4358217350422297
15898,0.01202036798536419
15899,0.27510367931905433
15900,0.9244259688983392
15901,0.13286541848930097
15902,0.1871889481058311
15903,0.40645555494134755
15904,0.35250646101431116
15905,0.8373488760888422
15906,0.014226012803098546
15907,0.03334998841631269
15908,0.33868985997760753
15909,0.22009209776350588
15910,0.1411138125105255
15911,0.3089225642381673
15912,0.6388883898539979
15913,0.07439068388935484
15914,0.08119705315985816
15915,0.740782622784808
15916,0.07794574978514854
15917,0.289209500818704
15918,0.7608290314889241
15919,0.8898387267616056
15920,0.003516232300587407
15921,0.35772484946844657
15922,0.01673191322591938
15923,0.11524372005857268
15924,0.20786479189361406
15925,0.005846244046109536
15926,0.03653138875328812
15927,0.9619171433559691
15928,0.8809647431332274
15929,0.9483040321336199
15930,0.31141320913007375
15931,0.3681845367881728
15932,0.008026751815272945
15933,0.05169703024398119
15934,0.23515448913757828
15935,0.8272651252288862
15936,0.010190880597065903
15937,0.27367824570455423
15938,0.5699985948158118
15939,0.020714322087467544
15940,0.9725807244087644
15941,0.9171191785329735
15942,0.0029248850695441932
15943,0.22892958786169634
15944,0.1841166742991276
15945,0.761244194308419
15946,0.014506372447957232
15947,0.07219292090668453
15948,0.16538748567484118
15949,0.21897737774288145
15950,0.022464528359349353
15951,0.004428544867664244
15952,0.03986069424419907
15953,0.7771250193263354
15954,0.2791921491696265
15955,0.5551887730607099
15956,0.22982857424764405
15957,0.15860020195791114
15958,0.5735347310335133
15959,0.4763827689468868
15960,0.01779296149027852
15961,0.036906528247531815
15962,0.18482791970555426
15963,0.1070905381869365
15964,0.029231446527513298
15965,0.8983826081364547
15966,0.40298534639561
15967,0.030384787523543847
15968,0.8798187224544252
15969,0.09816044752504774
15970,0.027381024633030927
15971,0.3049403348763657
15972,0.7244985528299124
15973,0.11811199174783014
15974,0.023436971699352927
15975,0.01788429559323813
15976,0.010130063196886105
15977,0.8092147872926007
15978,0.1883653640662546
15979,0.4798272379679473
15980,0.44226930888820964
15981,0.4629732436120568
15982,0.0852507564864842
15983,0.22082861102313212
15984,0.5921621519178512
15985,0.19978108830761043
15986,0.035077126337031896
15987,0.9657601883179602
15988,0.8731058329064677
15989,0.027347432795092518
15990,0.11508244800365706
15991,0.29683879662659246
15992,0.07969501026100421
15993,0.18718753115457376
15994,0.2603515522756686
15995,0.11589994572107157
15996,0.16429445936318346
15997,0.038019969115861786
15998,0.26008928108815144
15999,0.640183553278584
16000,0.5338404828391411
16001,0.2819630353960704
16002,0.1968221211340989
16003,0.5678252085006581
16004,0.2522646909442501
16005,0.538450812720367
16006,0.024412571783571525
16007,0.9328547906234137
16008,0.2694107188948622
16009,0.01824770142515573
16010,0.006518727470524258
16011,0.9193447123341767
16012,0.13574176610118074
16013,0.04830569363123831
16014,0.36037286314910727
16015,0.011848663838167075
16016,0.05410094518454979
16017,0.3806592991035573
16018,0.2941501154194853
16019,0.09858184930631564
16020,0.050587242780912214
16021,0.004097891122237119
16022,0.03592078519627278
16023,0.08150979296473253
16024,0.00859915179420236
16025,0.009409238903367659
16026,0.5276040806800559
16027,0.639160864049269
16028,0.46102466389534286
16029,0.5806105732245822
16030,0.11505510921856377
16031,0.9694654222909129
16032,0.8510439015089842
16033,0.757591740310115
16034,0.28422171537394675
16035,0.40177514603257397
16036,0.279004604959127
16037,0.035440838756030796
16038,0.3574535173206757
16039,0.8080914665407795
16040,0.09427639254640346
16041,0.7623060281459924
16042,0.4234779300684015
16043,0.9567626617734465
16044,0.15351220596280987
16045,0.010783048776184068
16046,0.020360242196713865
16047,0.8661544129006916
16048,0.8299945319623138
16049,0.766084202024634
16050,0.20253515657223015
16051,0.06188696380403326
16052,0.5541923522914245
16053,0.27297416549825476
16054,0.008743170687066832
16055,0.9047256248752831
16056,0.0670486267606271
16057,0.03947344250290896
16058,0.10816724526805686
16059,0.1648463372092569
16060,0.6434803843144256
16061,0.08252186074910824
16062,0.16555707015325039
16063,0.05348581901721818
16064,0.8283692224121151
16065,0.438467376149307
16066,0.10136778921085318
16067,0.27148049598408247
16068,0.5211839873082806
16069,0.23371836410414937
16070,0.4929725641945464
16071,0.184324306780225
16072,0.014023896763661366
16073,0.5317791508198154
16074,0.05289135192532977
16075,0.4414070149720422
16076,0.20783220421506626
16077,0.010268280755111079
16078,0.35828091976287
16079,0.2460864757876431
16080,0.2891452664604801
16081,0.17483737988845613
16082,0.26284193539046835
16083,0.05435751084107708
16084,0.8089756994788841
16085,0.10665927571317678
16086,0.14806221538110917
16087,0.5165823549245102
16088,0.7315283403326263
16089,0.09666408821583859
16090,0.25153606446731336
16091,0.53855265008583
16092,0.01197633706993913
16093,0.022746810935162474
16094,0.00877487733179665
16095,0.005060883870184383
16096,0.004894641734796282
16097,0.10975723564778923
16098,0.08569486764733193
16099,0.0034852286675451307
16100,0.4468106321754688
16101,0.11022914355123913
16102,0.08063392213107058
16103,0.01212300019709866
16104,0.9177518648874324
16105,0.0695238787277925
16106,0.8769936349612151
16107,0.03783145542373467
16108,0.6582023040993888
16109,0.8973807573490039
16110,0.9800894664111728
16111,0.8951781477943235
16112,0.18067344986347988
16113,0.15445701663418093
16114,0.004751431390622072
16115,0.7935069653690227
16116,0.037333455284967856
16117,0.10032659638893122
16118,0.06121692919837746
16119,0.05619435963834855
16120,0.36381649639383923
16121,0.022559998054659545
16122,0.28730239654368495
16123,0.9021557200841104
16124,0.8022147430040913
16125,0.7440693609690392
16126,0.19202992726252213
16127,0.8913319513636975
16128,0.2393087565105485
16129,0.6571302112832254
16130,0.013370894853348827
16131,0.18465093872488295
16132,0.05105601216054042
16133,0.2663407947686644
16134,0.0027200486888231505
16135,0.17426466891338496
16136,0.6293140764991796
16137,0.1550615841472181
16138,0.2839041782664811
16139,0.8978267454955516
16140,0.005252877944973677
16141,0.05632043554644269
16142,0.07829941229531619
16143,0.9167225683225998
16144,0.5263866828208251
16145,0.7648885460453352
16146,0.010377101145935014
16147,0.7511984643430493
16148,0.23545838886947726
16149,0.3527360238923187
16150,0.4426600801216012
16151,0.058491617555394004
16152,0.08178783942714764
16153,0.10251061382240986
16154,0.1336393280578813
16155,0.0067375335979961756
16156,0.010108809082524858
16157,0.1768309065049874
16158,0.8851350721631811
16159,0.027367030007049317
16160,0.9106379582106061
16161,0.09325397789484088
16162,0.7067170657908823
16163,0.10047218531920891
16164,0.006080494319900491
16165,0.14075421506874877
16166,0.01764627450297511
16167,0.5029475216593075
16168,0.8318267611379816
16169,0.8504208791771352
16170,0.9050276933534623
16171,0.11824537890580121
16172,0.14821319032691754
16173,0.0035222242413079836
16174,0.11176790480792612
16175,0.10732782705877306
16176,0.8987618031889054
16177,0.057629874775552016
16178,0.3204084459574846
16179,0.03688913140893821
16180,0.2901993899151501
16181,0.22893536977359508
16182,0.6700382893561577
16183,0.9681408337106084
16184,0.155133922711323
16185,0.025394680425394865
16186,0.18587559271902573
16187,0.35553940645927373
16188,0.7442153701450726
16189,0.447439065140761
16190,0.624919249360422
16191,0.8140484667139569
16192,0.14621729247552323
16193,0.1576474364125229
16194,0.08643878999420228
16195,0.3039220019167809
16196,0.149856436137963
16197,0.5733764971310784
16198,0.8564651814689943
16199,0.2848744986084772
16200,0.005942103018068584
16201,0.04677580610025475
16202,0.3215857602031457
16203,0.07700438548471839
16204,0.4323272240003389
16205,0.6080738946895254
16206,0.43815773069790304
16207,0.2892543537709435
16208,0.8432310453627365
16209,0.8743852072161167
16210,0.050279083340455596
16211,0.5680074706031379
16212,0.03176534852558633
16213,0.06279028417622076
16214,0.10134679056550025
16215,0.42333495300998714
16216,0.6003106186681086
16217,0.7143532419305649
16218,0.17876098098815668
16219,0.6014532492540051
16220,0.9040391335694781
16221,0.08755762272693639
16222,0.7834374649132811
16223,0.3536481718530882
16224,0.4361244463348308
16225,0.17090709456291098
16226,0.09885505787827385
16227,0.016459207152306254
16228,0.6805200427616906
16229,0.027107865744672773
16230,0.03408199155108454
16231,0.2934562517721439
16232,0.11767454356207271
16233,0.026503999271602435
16234,0.9085496606758389
16235,0.10442759959939313
16236,0.9514235847851508
16237,0.9076198049121793
16238,0.8138418502124816
16239,0.6421782197731518
16240,0.24655688417440472
16241,0.008248682313736677
16242,0.8691194793819743
16243,0.10417922563526866
16244,0.3308054061390842
16245,0.3349435561095531
16246,0.039951208063962663
16247,0.14530229733666805
16248,0.013209962150786694
16249,0.021932927780868083
16250,0.12085761302344152
16251,0.024050305202522323
16252,0.08160988382392984
16253,0.09028467747577269
16254,0.1223157031858691
16255,0.8194209968586058
16256,0.7746935178788482
16257,0.01898100120972442
16258,0.045177956569955977
16259,0.9164525021482848
16260,0.09604160802523737
16261,0.005971846883407767
16262,0.7169134663217692
16263,0.3175899819479046
16264,0.7008110221260616
16265,0.8936165021179938
16266,0.38084184422087936
16267,0.26290284565519184
16268,0.03740968861733953
16269,0.2901230343521847
16270,0.004923449510647825
16271,0.6061159598051027
16272,0.08789669909146557
16273,0.6861830818105227
16274,0.02125421852050695
16275,0.7128471316195905
16276,0.07994700866095648
16277,0.029183959640285473
16278,0.004373298995926137
16279,0.09878614563419175
16280,0.21637016052532831
16281,0.942224468233507
16282,0.6306338470065133
16283,0.0893681127117453
16284,0.7353656157395051
16285,0.6402299785938377
16286,0.9648013719012071
16287,0.6105087124505534
16288,0.11505960200070764
16289,0.903634360182413
16290,0.2104080421136981
16291,0.9161289748699287
16292,0.8170820849107062
16293,0.401371718339859
16294,0.11505174457913346
16295,0.32166102901912796
16296,0.021022531128111043
16297,0.8110418267720255
16298,0.20091293002285787
16299,0.050637420110284444
16300,0.03325175359029568
16301,0.024754313572154015
16302,0.2985725576764681
16303,0.9734917642038995
16304,0.2676679666545556
16305,0.14753368237286954
16306,0.95455715159844
16307,0.08761219286710663
16308,0.1884109768616817
16309,0.013058958889421064
16310,0.8780842604361156
16311,0.29812112118225287
16312,0.950159795043991
16313,0.08943410516683044
16314,0.8339303433074207
16315,0.1595444788722053
16316,0.3523477590133739
16317,0.020864046886408427
16318,0.651987336105135
16319,0.009132974519236777
16320,0.14778376828464257
16321,0.47692314934877045
16322,0.12659165101123562
16323,0.10836099889186314
16324,0.9164138790514482
16325,0.21546976684121893
16326,0.6791294289853759
16327,0.13384331122607754
16328,0.04773639198214396
16329,0.0054954618755419776
16330,0.005908893354189048
16331,0.09152903021087123
16332,0.054649373595949575
16333,0.18727679268348507
16334,0.30593665540971693
16335,0.48056407908381615
16336,0.24875405793345848
16337,0.33960165519483604
16338,0.07943847063997159
16339,0.07732568799752958
16340,0.06645279690279225
16341,0.3265828205139443
16342,0.013846767787178945
16343,0.7559438033634082
16344,0.7158000234567521
16345,0.14712727815163126
16346,0.1359196613405407
16347,0.15363187002624643
16348,0.022164521060379142
16349,0.08644347491028696
16350,0.06079917939910708
16351,0.014474626609786457
16352,0.8920302970033255
16353,0.1163886971869938
16354,0.544350391587093
16355,0.8354693806572036
16356,0.23978455971256582
16357,0.665905654594208
16358,0.5765160804226573
16359,0.23930818062557815
16360,0.02416949042217638
16361,0.0422551491887847
16362,0.1031826440013921
16363,0.11241063707760128
16364,0.0107500216746131
16365,0.10356825388348162
16366,0.06655672162774405
16367,0.715631316088663
16368,0.10929014267241864
16369,0.0027787178270735242
16370,0.11246354179524104
16371,0.48961409592433053
16372,0.5947385210086809
16373,0.053382847222058286
16374,0.31359774834338233
16375,0.7869449454278094
16376,0.06988669638705039
16377,0.3703527454678861
16378,0.741030171168597
16379,0.11447875236220052
16380,0.49833510651569135
16381,0.02251997415836488
16382,0.5458165721376649
16383,0.016735415275097393
16384,0.11208404365655782
16385,0.6168453623104555
16386,0.838198931524684
16387,0.9533213539502097
16388,0.1709035778947712
16389,0.9090291860222329
16390,0.6517783526892754
16391,0.39439071841474815
16392,0.019474868093413315
16393,0.8934926687469967
16394,0.006228653090198551
16395,0.10052579875071273
16396,0.21793220738574567
16397,0.7551010924903665
16398,0.09234446508793143
16399,0.06901673103902156
16400,0.7038997886479422
16401,0.08061983343674683
16402,0.018921855057720028
16403,0.8152958426825059
16404,0.015169812935954197
16405,0.03128822614006244
16406,0.02573747845133859
16407,0.6953269167899874
16408,0.37346534505176576
16409,0.02677971694535911
16410,0.6663936298205415
16411,0.11417902170176002
16412,0.011761798012057229
16413,0.12189221106479127
16414,0.4202246417388854
16415,0.6015351126395783
16416,0.0826261527834231
16417,0.15892735839777689
16418,0.11153630715181742
16419,0.021663854030496664
16420,0.17235438810199782
16421,0.013177687202073046
16422,0.7673373989113516
16423,0.8584282738817547
16424,0.2559529996898986
16425,0.21675471861995912
16426,0.2120554922009396
16427,0.1332747886265724
16428,0.2657189110158755
16429,0.06874775219861388
16430,0.11665011552335447
16431,0.011214777793290776
16432,0.39788154715610313
16433,0.08003934040752908
16434,0.09584118762556296
16435,0.3004809035610499
16436,0.5924788670536059
16437,0.3428450605109051
16438,0.16742801158838147
16439,0.9529725490549832
16440,0.3313221910345995
16441,0.06466558238622037
16442,0.19254851311411333
16443,0.6624604142481028
16444,0.7897801805093033
16445,0.8779141772978584
16446,0.8140090745306685
16447,0.16077544351600803
16448,0.7297203275540812
16449,0.038926879387237705
16450,0.02935190873597168
16451,0.19414900144520492
16452,0.09167941631367868
16453,0.8702662523378384
16454,0.436082277605975
16455,0.029745386809960524
16456,0.9257415794169082
16457,0.3450872090262795
16458,0.13305643426014505
16459,0.07261758363142155
16460,0.02482078207796455
16461,0.004266784253351473
16462,0.23540930007397373
16463,0.8917796200128847
16464,0.3312903565688355
16465,0.8740459992169968
16466,0.25740107185175215
16467,0.1650543300914204
16468,0.16290109846714745
16469,0.4173231097872654
16470,0.13203371330225816
16471,0.23788699436515137
16472,0.07696013626613284
16473,0.6368065661688409
16474,0.16518476318466155
16475,0.09558244535927317
16476,0.03608911397401345
16477,0.28857187723724664
16478,0.9223108658036655
16479,0.5298631901127762
16480,0.4264257938248527
16481,0.8795968413868553
16482,0.1814921566781362
16483,0.2031272860235385
16484,0.030080549813953975
16485,0.06914004921512663
16486,0.08233877484401658
16487,0.8180633849530098
16488,0.14807072427515394
16489,0.05459480109645913
16490,0.1044649568168227
16491,0.09186485706423544
16492,0.9137362980178225
16493,0.16087670221174272
16494,0.14394199866560772
16495,0.12468974978395403
16496,0.28353721606222143
16497,0.1225752147489141
16498,0.8939308098061391
16499,0.19541953160379089
16500,0.5801354278011724
16501,0.6645962115953947
16502,0.922938089582183
16503,0.055382346173625634
16504,0.6671043167836925
16505,0.13710977647391495
16506,0.03295948064529247
16507,0.006447166313705506
16508,0.4160229164260572
16509,0.01061975170595483
16510,0.012601264318571755
16511,0.03405563122834727
16512,0.3902811605442677
16513,0.31212257727007925
16514,0.01589665394541297
16515,0.043209784000921674
16516,0.8143834467463108
16517,0.12593705660399707
16518,0.32585785959882696
16519,0.09875222516521394
16520,0.5202543197714223
16521,0.38021940590235115
16522,0.11184281665173358
16523,0.8827274652612851
16524,0.10081301333421282
16525,0.7685005774335616
16526,0.6160507439517834
16527,0.09342478514076027
16528,0.3504925953521613
16529,0.5316587968108434
16530,0.36208079980553626
16531,0.34427550428464787
16532,0.018761957014207242
16533,0.15088423227404218
16534,0.7556393194322619
16535,0.0418329640979595
16536,0.6699171514955066
16537,0.6517022265152549
16538,0.648288177079277
16539,0.10672853667543296
16540,0.07335195909233579
16541,0.012045056744584495
16542,0.699927061101253
16543,0.009041388646806963
16544,0.013437890065780576
16545,0.9371613841181161
16546,0.2881096268021033
16547,0.008498910942202712
16548,0.026689922789447144
16549,0.9392781290731754
16550,0.780828963812085
16551,0.30380741067072986
16552,0.21217365317353637
16553,0.08839185507571423
16554,0.1207750956486152
16555,0.003230226858218285
16556,0.057751396047589804
16557,0.8788491095026774
16558,0.1746755877913134
16559,0.1944881108150745
16560,0.6863997980553961
16561,0.10491612535896432
16562,0.039654233459930126
16563,0.15033764425786367
16564,0.21136582444112836
16565,0.30457019690476955
16566,0.061585762423055565
16567,0.033835256039683126
16568,0.9169645159659862
16569,0.20243216703087372
16570,0.29570654902782006
16571,0.7769575093459584
16572,0.01092313642119785
16573,0.5247708490734702
16574,0.08700347819290005
16575,0.2937829127338351
16576,0.9625228814958284
16577,0.08582841929076364
16578,0.36228628246538064
16579,0.8758533962650433
16580,0.018411432205604625
16581,0.007031311611311178
16582,0.7715560308922954
16583,0.013569423757646568
16584,0.6414746128830133
16585,0.012526200723283282
16586,0.05997250686706697
16587,0.3918223708394722
16588,0.16745696266795174
16589,0.9492126081342649
16590,0.033345625879507505
16591,0.15609214753908934
16592,0.8942788948891031
16593,0.5440934175333108
16594,0.15463973473404222
16595,0.026235636113889124
16596,0.054017999876682744
16597,0.6626372011611213
16598,0.8309998092120704
16599,0.02709147133218542
16600,0.05823544254439777
16601,0.525147429822597
16602,0.7383379353121523
16603,0.7997444469809197
16604,0.16193380622298995
16605,0.13049242650148776
16606,0.833854255999524
16607,0.007607856793827982
16608,0.5455554816683938
16609,0.0018270285781536255
16610,0.36784364177778645
16611,0.9096383711056484
16612,0.9839200389881029
16613,0.9367467993588344
16614,0.058409205360373466
16615,0.041438181304133355
16616,0.10527614777642373
16617,0.23646686972328526
16618,0.002314538271103217
16619,0.7650750721291365
16620,0.2024033225045867
16621,0.8375193115730742
16622,0.7290439866975275
16623,0.065894414305573
16624,0.09308326355086868
16625,0.06222575610694171
16626,0.662096752181517
16627,0.06351108575248025
16628,0.7057675369534654
16629,0.5531984632518019
16630,0.03070943953724792
16631,0.03812607142827441
16632,0.6793678714386827
16633,0.05251517415098096
16634,0.08366528923595756
16635,0.06098864393332882
16636,0.04585469206269517
16637,0.05082272574563778
16638,0.8596808405266322
16639,0.8710448896041654
16640,0.5028067420591636
16641,0.025360267989758992
16642,0.18968777649449195
16643,0.6013665981435624
16644,0.935063027691315
16645,0.054615316615479664
16646,0.5637047790606087
16647,0.09170403560269465
16648,0.35958513091262573
16649,0.50795571460582
16650,0.472376429849044
16651,0.9283333948994464
16652,0.0659461866398171
16653,0.028701259684913712
16654,0.3909934365103316
16655,0.1280606627204438
16656,0.1042605036023828
16657,0.18041406788042746
16658,0.03654388601728662
16659,0.9269713473533352
16660,0.8981408090218868
16661,0.06734575101429639
16662,0.0848670245981915
16663,0.26505297248856785
16664,0.22885434344998085
16665,0.33250972492977365
16666,0.9016193452276686
16667,0.9559369671539953
16668,0.30378620648878124
16669,0.9515828323709765
16670,0.5315236120119733
16671,0.2795545824618451
16672,0.014131383738549502
16673,0.4206303507339212
16674,0.17681682871197613
16675,0.31829095737584306
16676,0.007624836153184346
16677,0.21635988437276704
16678,0.13057386078505687
16679,0.028543990489692743
16680,0.10306378901507389
16681,0.6750942832035343
16682,0.08830079638788511
16683,0.08948069177520256
16684,0.1612957721148185
16685,0.6958574803500177
16686,0.012050863500183981
16687,0.626069620178115
16688,0.14142347374365027
16689,0.34978857282861336
16690,0.003157335260274413
16691,0.07192586963672605
16692,0.7643123638872734
16693,0.06649115884077686
16694,0.0047454279366478894
16695,0.4873837783037732
16696,0.07288591429223806
16697,0.0516972296021982
16698,0.5024682067890939
16699,0.047966540408265076
16700,0.1629393802853098
16701,0.7637979256200002
16702,0.6104745131584864
16703,0.013075001998557802
16704,0.7962158973068593
16705,0.388734663599616
16706,0.130897983147323
16707,0.40575852049337996
16708,0.047676906418151234
16709,0.945747959531321
16710,0.031414920400225886
16711,0.8901801950827365
16712,0.13570256831135707
16713,0.7154903588213676
16714,0.016643334779069388
16715,0.08392484943611787
16716,0.002578130100140826
16717,0.08415957919399392
16718,0.0772822888088455
16719,0.2840433403387858
16720,0.751997650222957
16721,0.5102301690472245
16722,0.052638342051032974
16723,0.1444885354515372
16724,0.39953262709876997
16725,0.05892363913769224
16726,0.14354046527356737
16727,0.2888320158849394
16728,0.836586019297088
16729,0.6385858974526084
16730,0.0454491712787881
16731,0.005657682860241901
16732,0.7601261718729488
16733,0.029975089419334577
16734,0.12525960175590958
16735,0.07431034796865818
16736,0.7520185527243277
16737,0.030260752813664953
16738,0.009511539970018726
16739,0.12930640124408285
16740,0.7913985867557403
16741,0.15636023146868436
16742,0.29336067757512685
16743,0.046730746929204606
16744,0.4505373506839829
16745,0.2627445482715935
16746,0.18349146665447316
16747,0.13117991954990418
16748,0.03385826681970252
16749,0.30436095982781325
16750,0.03397322245475754
16751,0.024331736915091166
16752,0.8089794864652095
16753,0.9461792216730263
16754,0.0024562336442918832
16755,0.08245538397205
16756,0.04260692482885974
16757,0.39156349303669186
16758,0.5671577337253074
16759,0.05516850614003287
16760,0.11614046391753494
16761,0.3926572531570336
16762,0.07882007852549633
16763,0.5449544092424863
16764,0.34973866914013274
16765,0.7122228259862236
16766,0.0936181774536483
16767,0.90148630212267
16768,0.7033131603165078
16769,0.13700562768385047
16770,0.097211537739819
16771,0.20787635465724152
16772,0.19991991285165067
16773,0.7610356126627879
16774,0.09702325830697665
16775,0.07126799378930904
16776,0.3402720497606192
16777,0.45197055553695603
16778,0.13125283593609413
16779,0.06844515239998938
16780,0.02177924947084846
16781,0.19283820674634256
16782,0.05177901245364521
16783,0.004238514018027837
16784,0.9217842239089684
16785,0.03760394378834512
16786,0.0597527917598657
16787,0.39815389065976287
16788,0.18544888676996224
16789,0.00937909399235465
16790,0.2939279778615803
16791,0.6158001237238097
16792,0.03413270625206313
16793,0.3411189370120837
16794,0.9126507737002842
16795,0.1468759249696447
16796,0.39622253941856406
16797,0.23855661968325403
16798,0.9152340398900263
16799,0.5406452923586975
16800,0.10509156764266925
16801,0.04337816463411295
16802,0.6023325826394744
16803,0.019859986952598586
16804,0.2485872203535945
16805,0.18181633983897252
16806,0.004529481001632207
16807,0.5249604506891574
16808,0.34594858572831433
16809,0.09340304274817438
16810,0.14666456759907087
16811,0.06008574833431768
16812,0.08627379692337382
16813,0.7089702518572395
16814,0.1954710146967914
16815,0.033982351310052436
16816,0.027601582187034214
16817,0.15656314915449254
16818,0.026092848461322687
16819,0.1673053324745002
16820,0.3328538322091139
16821,0.6943229205748687
16822,0.10065832400058053
16823,0.18095757525422904
16824,0.04781789491155897
16825,0.009273909834202764
16826,0.7814057743555142
16827,0.16329408958622968
16828,0.873489337134838
16829,0.4464083754173868
16830,0.05095295262051442
16831,0.4290579104331428
16832,0.6082645810502562
16833,0.14340679216805227
16834,0.01487825236405688
16835,0.5715805869353336
16836,0.011570349362726277
16837,0.010562699986659202
16838,0.09669155849722892
16839,0.06759529152495725
16840,0.05623065874594177
16841,0.019136263080542608
16842,0.2721425516087552
16843,0.04575119189425175
16844,0.004058726244144174
16845,0.6408895397032603
16846,0.09840933402268408
16847,0.06707845926160252
16848,0.8426004129763323
16849,0.004069322882327261
16850,0.06570688902334888
16851,0.7402910865472058
16852,0.34858824939344
16853,0.030570667568186233
16854,0.8557582231147396
16855,0.18601651909179223
16856,0.03179594884696373
16857,0.08117832667741623
16858,0.19962735341710458
16859,0.22690526966334898
16860,0.17574313233471794
16861,0.139489497255588
16862,0.5807418626942729
16863,0.2553448699651103
16864,0.13290968492287059
16865,0.15089668079703183
16866,0.2201062414622471
16867,0.8359927263906615
16868,0.25671004370930006
16869,0.24161251231189798
16870,0.04518955811499777
16871,0.09981590058345549
16872,0.18435874561398607
16873,0.4614805091456813
16874,0.16814901768599114
16875,0.16350444135596673
16876,0.20017356155612073
16877,0.15903359099773992
16878,0.12814969846767618
16879,0.7386565866745901
16880,0.03330858131340952
16881,0.08959968938530675
16882,0.8602707236968038
16883,0.21258188226663838
16884,0.9664740122302463
16885,0.30419784420942564
16886,0.5006838232430941
16887,0.8797119811009928
16888,0.49671812706377
16889,0.22507189326380714
16890,0.020361040422009397
16891,0.29394516177635904
16892,0.11430796305416706
16893,0.03620509662678105
16894,0.1836203651866444
16895,0.5168457206861812
16896,0.8594230181938504
16897,0.6991641619513499
16898,0.9736896732451391
16899,0.2898222920655402
16900,0.011144965979621887
16901,0.592153283157125
16902,0.19324088249659174
16903,0.19176300262942186
16904,0.462749788422846
16905,0.0020684311481103117
16906,0.8473293323307073
16907,0.9039219846644472
16908,0.05689788524309453
16909,0.3383612839710528
16910,0.2540305582911749
16911,0.5008118956854692
16912,0.0650616544364889
16913,0.31632499234898426
16914,0.8229021370826365
16915,0.6225296399711311
16916,0.6247943141026635
16917,0.7873477473889918
16918,0.27616410270991787
16919,0.06219958555048921
16920,0.04456371452943355
16921,0.03400082331676985
16922,0.11177096198320555
16923,0.007824599045648974
16924,0.20823328081892908
16925,0.5401915472467683
16926,0.5782659870126633
16927,0.8281306908225542
16928,0.223768195781811
16929,0.9627234577719658
16930,0.051587079195846965
16931,0.2828292937028289
16932,0.13147482823183954
16933,0.9665498850258966
16934,0.5506525378989681
16935,0.011214342659628129
16936,0.24880456748163882
16937,0.14106050986392152
16938,0.050548250950567926
16939,0.04224780521573299
16940,0.3659276698483291
16941,0.05777071883143444
16942,0.25631900757148895
16943,0.8143042378409278
16944,0.24179908223233512
16945,0.02054166334710855
16946,0.13881058533009727
16947,0.6750122030341477
16948,0.5599406507648454
16949,0.09688952243726007
16950,0.04604629680763247
16951,0.6292801659642162
16952,0.037085385345213454
16953,0.08054077561839355
16954,0.4523363641827526
16955,0.3510392340776901
16956,0.3558447689778531
16957,0.8514725727950064
16958,0.5209581062885352
16959,0.6041304314998112
16960,0.15930966947901726
16961,0.22694799527857726
16962,0.7673714316207643
16963,0.03436964790050566
16964,0.2209505226061702
16965,0.39565341580280844
16966,0.26089914704643347
16967,0.13241211888140375
16968,0.02502891178499367
16969,0.15207266697996938
16970,0.358528408119514
16971,0.26539422227455256
16972,0.2935843862230342
16973,0.11726845960481329
16974,0.11258931258428616
16975,0.2003413280372342
16976,0.04501115606657378
16977,0.8658824417087795
16978,0.12973514404609487
16979,0.9143258154070277
16980,0.13930672860664828
16981,0.15284580990445376
16982,0.7141347652931336
16983,0.12060971424906343
16984,0.8775495190195896
16985,0.30862675617420454
16986,0.14599236909857272
16987,0.04105487458106018
16988,0.821906723837886
16989,0.7935578674842854
16990,0.47879596331830626
16991,0.03565020564345296
16992,0.7086690656914085
16993,0.05697732797512285
16994,0.023594108653295615
16995,0.7941213394757516
16996,0.03408661097495622
16997,0.012691881698608664
16998,0.7421924470746559
16999,0.045176023243333134
17000,0.08081784486849627
17001,0.10512955049890761
17002,0.013523130354748832
17003,0.17120684873360423
17004,0.015617440757106428
17005,0.08957290204331161
17006,0.004677657711151051
17007,0.0023583993876113763
17008,0.933100868747345
17009,0.04894363795956852
17010,0.3952269918206365
17011,0.04064333218560785
17012,0.17426295638500752
17013,0.03150060107696251
17014,0.4799369483996708
17015,0.16573202719663654
17016,0.4750820950837152
17017,0.137318063449005
17018,0.07582141349240014
17019,0.3626445868567359
17020,0.19058709023394996
17021,0.09388693075061359
17022,0.5403658282010155
17023,0.5983016955771087
17024,0.18497272559551045
17025,0.016236558886399403
17026,0.14393594880096494
17027,0.09347282462866546
17028,0.021913959426395475
17029,0.10541315500571832
17030,0.38033713204403247
17031,0.5660763809755628
17032,0.16374304216789562
17033,0.20970152247522064
17034,0.0025074037340314373
17035,0.022685046221156406
17036,0.1709551180259429
17037,0.5740592868999604
17038,0.1286573585790381
17039,0.08948817188561366
17040,0.30708170565224285
17041,0.24592360790432924
17042,0.02813652200163328
17043,0.0034870660285952716
17044,0.6946593429725373
17045,0.020028655967134674
17046,0.006795871047340349
17047,0.08744534126991414
17048,0.7070856094933293
17049,0.0052241452477585874
17050,0.27631164532599056
17051,0.5229259749627726
17052,0.33965608707417966
17053,0.009895562966500262
17054,0.14347425900224806
17055,0.4758765904615567
17056,0.07593628234467495
17057,0.021911693104759728
17058,0.806932203761536
17059,0.17106952000813677
17060,0.8102789357840929
17061,0.18261783151093738
17062,0.004827980724344892
17063,0.43657055380446813
17064,0.06650963196033051
17065,0.018275469870164436
17066,0.8528081809768074
17067,0.22279612352682876
17068,0.3349836068694362
17069,0.33635932604675384
17070,0.7638328576701444
17071,0.02254192010871422
17072,0.43893475093541834
17073,0.10085063378713756
17074,0.18781458428894018
17075,0.021908592854848405
17076,0.36729587513875156
17077,0.5329115126244615
17078,0.09035168499349977
17079,0.20911742764394362
17080,0.3837408234445219
17081,0.6626149780911303
17082,0.5181421215174709
17083,0.8803313298309974
17084,0.0033799473243679495
17085,0.45203379479464656
17086,0.020902053305776255
17087,0.1148678599872134
17088,0.06472604922142357
17089,0.12624937951910664
17090,0.09422524933248773
17091,0.7750720214052351
17092,0.018664047457754247
17093,0.01880659465140638
17094,0.03910954264333572
17095,0.6833675736004736
17096,0.16384753755218984
17097,0.17253716411051984
17098,0.3321719953328943
17099,0.09339496561683838
17100,0.025201797961823404
17101,0.4624053553856555
17102,0.024129605568200884
17103,0.040097194211831576
17104,0.2870385359586782
17105,0.14387837367689363
17106,0.17343318032300115
17107,0.08614585345537665
17108,0.011524553435897337
17109,0.6188413481314418
17110,0.004835991729606583
17111,0.41133066351835945
17112,0.013488880266008441
17113,0.05536638256836545
17114,0.29295043127907255
17115,0.13556902824201938
17116,0.020798334581026146
17117,0.044666713226622634
17118,0.8567399852667091
17119,0.7832302281616378
17120,0.3333968457243861
17121,0.3806584437631821
17122,0.8475166993335775
17123,0.10914870158026378
17124,0.4129876677567124
17125,0.1250577383741642
17126,0.23400174751354857
17127,0.3982842700362049
17128,0.05982308360062803
17129,0.524779688541592
17130,0.8959373754945464
17131,0.5870451974581943
17132,0.009232078801874839
17133,0.030567989709329425
17134,0.5941837819017866
17135,0.35016714008560296
17136,0.9043388204310295
17137,0.13708835569479277
17138,0.005417046003529733
17139,0.02067585246658093
17140,0.18132239792078617
17141,0.006869981332739233
17142,0.8917137585550626
17143,0.0653873992511679
17144,0.058795765770861576
17145,0.016680869217962982
17146,0.622152677251317
17147,0.043255172165009494
17148,0.3417149451906559
17149,0.8704980980680431
17150,0.020003090891809443
17151,0.8563015536986668
17152,0.10300129741146541
17153,0.11182018433127079
17154,0.8101433002619302
17155,0.4605878338632576
17156,0.02631025186599726
17157,0.14437472481242264
17158,0.0694053456879775
17159,0.008739133136025957
17160,0.07237310787473297
17161,0.001715011308528702
17162,0.3826569673932501
17163,0.09518006211034459
17164,0.6176151808644983
17165,0.015714818651185545
17166,0.8297009637386517
17167,0.07784400384598293
17168,0.012373308718283798
17169,0.2227527448972672
17170,0.17457716599341397
17171,0.026209157156791445
17172,0.914683564547843
17173,0.022365376583671433
17174,0.11588754748759596
17175,0.34217044460212304
17176,0.021306314807349635
17177,0.009073718379561687
17178,0.31329168445748845
17179,0.06308479711946827
17180,0.721921677761183
17181,0.049511420612064594
17182,0.1843610700236867
17183,0.09022749939180011
17184,0.2095692985971559
17185,0.018966222900076032
17186,0.915699220453607
17187,0.08666609259199876
17188,0.9119677615138724
17189,0.10131535478098054
17190,0.7054819244190296
17191,0.21797854578039286
17192,0.06595355269327893
17193,0.0668505641769344
17194,0.018980452225246365
17195,0.2767849884835214
17196,0.009034372570826487
17197,0.08609264452775324
17198,0.43030384508173775
17199,0.20748303635293758
17200,0.879870063236738
17201,0.006976384930559293
17202,0.5517105352205166
17203,0.07288789035690901
17204,0.15274508434585696
17205,0.9667723717654287
17206,0.16620488247173293
17207,0.023421500946757004
17208,0.8040441145575316
17209,0.1538357246361663
17210,0.07752818902394289
17211,0.15285980053814463
17212,0.28717617750529234
17213,0.9676195331181986
17214,0.034471812290386886
17215,0.15709314444624445
17216,0.13340931226822464
17217,0.028968548545115973
17218,0.2816402006872694
17219,0.006188086265537276
17220,0.18331038152818957
17221,0.20355853502209853
17222,0.8896697780894852
17223,0.09477861536400978
17224,0.035595362164158005
17225,0.772801935531674
17226,0.021522992465179507
17227,0.8365531144280762
17228,0.741059278307513
17229,0.8889140134700202
17230,0.027909612181244766
17231,0.7939165774491432
17232,0.06741338354046478
17233,0.21057305596178968
17234,0.9594710826442293
17235,0.10742265974847665
17236,0.0028502482410077256
17237,0.14566898954302474
17238,0.28067706032004563
17239,0.9307090092986435
17240,0.07957948286002911
17241,0.6885015398642127
17242,0.06561917836842501
17243,0.6518783163090471
17244,0.03292253211157441
17245,0.01488732210826965
17246,0.14867250250923264
17247,0.05187442884586752
17248,0.9188058651602536
17249,0.017595937362367475
17250,0.5616727381367386
17251,0.2472562625871044
17252,0.5473997640731237
17253,0.8488403692097702
17254,0.8372799934214273
17255,0.07745495109245984
17256,0.5794778791816843
17257,0.1058208340361158
17258,0.307396227002897
17259,0.4194699749301467
17260,0.15387089598466286
17261,0.37413252860659785
17262,0.049283987978086786
17263,0.1539424176231366
17264,0.3201367305681983
17265,0.17874733537329418
17266,0.3393565426184034
17267,0.02027282620198786
17268,0.8748609341766274
17269,0.08671061473183743
17270,0.650160131506273
17271,0.29373437281563597
17272,0.8266349730689931
17273,0.04517974333518651
17274,0.886659321221108
17275,0.9183962517836975
17276,0.0029145039487960805
17277,0.9322074730649658
17278,0.6930184852384635
17279,0.44099308637392093
17280,0.6908649823683384
17281,0.34552175086912307
17282,0.9465557500448727
17283,0.39671776305880163
17284,0.14281962449910915
17285,0.05208953728020206
17286,0.5257737090122886
17287,0.04711196575201045
17288,0.019833192686355028
17289,0.04899576780361583
17290,0.4359107173722823
17291,0.6936273228803136
17292,0.016934093664345895
17293,0.17912018598706836
17294,0.4804130559348073
17295,0.7264724924605728
17296,0.022347157692654464
17297,0.15152165125904227
17298,0.2115657277617399
17299,0.2791628998509328
17300,0.3943809250025511
17301,0.036842529507122676
17302,0.3945296196571137
17303,0.37645731372559865
17304,0.0591835157661276
17305,0.8673501134425016
17306,0.0798255065752473
17307,0.16640922750862247
17308,0.8776413809913721
17309,0.022751391677218027
17310,0.7298658977446921
17311,0.013778221642973371
17312,0.6007118752860106
17313,0.05968592597617229
17314,0.9504407895518333
17315,0.4375753000981392
17316,0.272452518062556
17317,0.029879269188536423
17318,0.2636296395145253
17319,0.05094380533400367
17320,0.1442596662567875
17321,0.9093431569385532
17322,0.07220620413532355
17323,0.03283816827567808
17324,0.4953307120173015
17325,0.038146819752204686
17326,0.6720149466899172
17327,0.004831601408529257
17328,0.05358051360872441
17329,0.24611445482104086
17330,0.02452272390068292
17331,0.5946108037348504
17332,0.9273703975127885
17333,0.11066158964030305
17334,0.04056884409892751
17335,0.0028552629040983503
17336,0.015589085340550505
17337,0.04652814106288276
17338,0.1378418925258893
17339,0.09513651321296493
17340,0.03727553538656079
17341,0.01206246321907982
17342,0.029673917870434337
17343,0.6408201942434768
17344,0.4269719481781551
17345,0.026162679606666052
17346,0.07322716049321411
17347,0.7903036795870104
17348,0.12576692255682426
17349,0.41974498637111446
17350,0.0819989140050271
17351,0.2138138008573244
17352,0.4251897362184574
17353,0.023061259853037606
17354,0.9013272770587039
17355,0.12590283700987598
17356,0.060051990153798473
17357,0.059233911160460326
17358,0.8671598019521249
17359,0.5847989226077039
17360,0.07423723830345717
17361,0.04119773901358542
17362,0.31593882125779277
17363,0.03751629971306228
17364,0.07721273021517451
17365,0.258704022101776
17366,0.06619549249201424
17367,0.4667761220495384
17368,0.014820476945173107
17369,0.12145173022643253
17370,0.0171265858788026
17371,0.2827156102997822
17372,0.7351632173583238
17373,0.5138948287331798
17374,0.28270649232692524
17375,0.21432953791441178
17376,0.7907704471076795
17377,0.06813984326678217
17378,0.01884965144959732
17379,0.7782928871282256
17380,0.5589210388721985
17381,0.9057938260492242
17382,0.013715605597083055
17383,0.0569782366826953
17384,0.9654556560423819
17385,0.637521510033874
17386,0.9745560250445944
17387,0.03830641336184801
17388,0.14652494106477842
17389,0.04784411154176443
17390,0.01782480829420736
17391,0.4439894167775499
17392,0.8136458431159598
17393,0.07468777112335849
17394,0.5388995665142089
17395,0.01207258590091584
17396,0.02292289161371527
17397,0.3798241180961306
17398,0.747525466034507
17399,0.8770429288471329
17400,0.06601570047739906
17401,0.2567311728719234
17402,0.7103896073355319
17403,0.03564677483374238
17404,0.05640344953425576
17405,0.8938035345514895
17406,0.01622620249432458
17407,0.2210166986456718
17408,0.2015871307146657
17409,0.0298612418911446
17410,0.10666831767662377
17411,0.5111094035638842
17412,0.1889273531197382
17413,0.47438824358758913
17414,0.03596756348814231
17415,0.02587975609061337
17416,0.002960413369204733
17417,0.6535253421215319
17418,0.08620012606127739
17419,0.3147571027123694
17420,0.8972843407643044
17421,0.04396601309806813
17422,0.3862936521689981
17423,0.313937865398746
17424,0.4452907933216714
17425,0.006221583535784245
17426,0.015642146982704514
17427,0.27193331129588855
17428,0.09575732304742252
17429,0.4194082371222109
17430,0.15532894670909672
17431,0.012379772353098199
17432,0.08733071342389125
17433,0.24431936834295778
17434,0.028341142895373032
17435,0.3462158168146571
17436,0.07681102602620675
17437,0.1675477892377352
17438,0.011259631164146246
17439,0.28267929557083316
17440,0.09844105705031939
17441,0.07384165090228458
17442,0.2806689157220599
17443,0.0275640286168936
17444,0.010192609728849772
17445,0.3179864288820889
17446,0.017258435499846868
17447,0.6963415256587082
17448,0.08160988382392984
17449,0.1753556627260514
17450,0.9685126876997124
17451,0.007503252873192773
17452,0.0703770473276003
17453,0.2125618414196348
17454,0.6593374792694555
17455,0.07160353879703509
17456,0.18129678277555225
17457,0.15478329542058536
17458,0.11998532624169816
17459,0.10796362437917228
17460,0.26118239458188824
17461,0.06657222831994088
17462,0.28624753550922644
17463,0.08024105641566845
17464,0.06601570047739906
17465,0.5270960520098609
17466,0.23202701024800162
17467,0.42770900179089155
17468,0.12268709932654014
17469,0.0031044849812767597
17470,0.14651394473844098
17471,0.03788524108764206
17472,0.08109318105471965
17473,0.8084849513994291
17474,0.1416617202909331
17475,0.07843753214560613
17476,0.012717655722868997
17477,0.1924788653497835
17478,0.03702316167071348
17479,0.8898848986135401
17480,0.14061120734906177
17481,0.3258448802902928
17482,0.18440279462072326
17483,0.18871568560619298
17484,0.08750780562845094
17485,0.006626682102735827
17486,0.699084272459913
17487,0.017856299966695553
17488,0.0035548636072872952
17489,0.02585346572568408
17490,0.03235984699898737
17491,0.9692655940735172
17492,0.0036661447304798434
17493,0.2885424406755204
17494,0.2671612353811414
17495,0.20365756454437764
17496,0.8128975814079817
17497,0.33865340550822043
17498,0.5017893209430365
17499,0.03969622069638658
17500,0.14167049225238473
17501,0.03587530719532287
17502,0.28647245376141
17503,0.19525764335034446
17504,0.09344150558675667
17505,0.32186837693252845
17506,0.6139017857812654
17507,0.12214350563880833
17508,0.027248610446675314
17509,0.011409837508736304
17510,0.053017633995854414
17511,0.11098587215727937
17512,0.18394764208200845
17513,0.5799702060048654
17514,0.30345316605373557
17515,0.013095674714055767
17516,0.10156632740245605
17517,0.8322313562637976
17518,0.5235171606255683
17519,0.20998698794664908
17520,0.027670705064711205
17521,0.48461100381188527
17522,0.6109599800730279
17523,0.09835704286778389
17524,0.004678318501164069
17525,0.2535969031114872
17526,0.4759415815601204
17527,0.24507811722917125
17528,0.7536233250308291
17529,0.4774453265070375
17530,0.129386999395299
17531,0.5664106939856809
17532,0.9447574478378783
17533,0.8949508950672469
17534,0.8171665754856438
17535,0.16146374149202194
17536,0.7327104205648008
17537,0.3625314860966518
17538,0.7362848152403627
17539,0.18657602289127093
17540,0.9000120547156288
17541,0.931389066262404
17542,0.05652797753569791
17543,0.5147119243017065
17544,0.004271153704991222
17545,0.20204075694127457
17546,0.05474522197631969
17547,0.34493962822144775
17548,0.6501804014609617
17549,0.7815069098812099
17550,0.9423757854196579
17551,0.714259822853967
17552,0.07901288535804157
17553,0.16260373968043784
17554,0.5416002150669412
17555,0.15550699397680276
17556,0.015295314313217965
17557,0.9195477600061676
17558,0.5567429492981859
17559,0.09933721662578818
17560,0.7972612696366732
17561,0.1466096089755383
17562,0.9736343136830594
17563,0.005850758067713213
17564,0.5556069935373594
17565,0.04601877016343289
17566,0.04372957636148066
17567,0.7944118688195813
17568,0.355178905029454
17569,0.08580023858930251
17570,0.030106484790067854
17571,0.5231741811347458
17572,0.35684330440861056
17573,0.3702487323553246
17574,0.05651116096907521
17575,0.7770342797820944
17576,0.2543386628664395
17577,0.09847995322829366
17578,0.013673478503352635
17579,0.14809287601503432
17580,0.5742509228782187
17581,0.8773897687541403
17582,0.07151870623330478
17583,0.9697085563744806
17584,0.04044927448673431
17585,0.8108422392749249
17586,0.6463844773819124
17587,0.049442586007188045
17588,0.011229183440432835
17589,0.004970856559882812
17590,0.004779692856416069
17591,0.9559508892185523
17592,0.782093064004033
17593,0.09070163629822173
17594,0.12021103852725248
17595,0.05176030773026584
17596,0.2517823857208404
17597,0.2041215246229591
17598,0.7309745001814724
17599,0.06481380226737725
17600,0.5471639260321232
17601,0.20784861891041892
17602,0.0033546059916385288
17603,0.5999678744670978
17604,0.01966180297347962
17605,0.05951802468117579
17606,0.1217604935603021
17607,0.04841083083115974
17608,0.06964700795637872
17609,0.9803587300593246
17610,0.03788534454787085
17611,0.3149988815818744
17612,0.10402367095209075
17613,0.1367517517184474
17614,0.0977024770648415
17615,0.06565906316910616
17616,0.48513552321919107
17617,0.5876672460275686
17618,0.010937122841360235
17619,0.10349339871161058
17620,0.8087176590840802
17621,0.9021541930228723
17622,0.06612695802465861
17623,0.09150870720421153
17624,0.021338060102478695
17625,0.8622392624541476
17626,0.42136980540192764
17627,0.1263697830378527
17628,0.04941379782242055
17629,0.007854566394256777
17630,0.024705295542594582
17631,0.17076353660016882
17632,0.30568378508177346
17633,0.11249298496892896
17634,0.9134998510173584
17635,0.005340603335096578
17636,0.3827677251662265
17637,0.12874010798695407
17638,0.6493743679178161
17639,0.5271583689549589
17640,0.3525000781485134
17641,0.4419547056944239
17642,0.042970191446214084
17643,0.007434594883075302
17644,0.96772048372718
17645,0.0047072675942920654
17646,0.38053263600601256
17647,0.8915785739221784
17648,0.09168321292415607
17649,0.21047507617056627
17650,0.030535325307399507
17651,0.17610777328545132
17652,0.10508031176725459
17653,0.25708444877626907
17654,0.023622574938295424
17655,0.06905609362393357
17656,0.11412737718656278
17657,0.003990005332732144
17658,0.291155015503081
17659,0.15580211838470678
17660,0.3502228694532878
17661,0.958654511644478
17662,0.060966232242502354
17663,0.006489015127646563
17664,0.5820420073870015
17665,0.010932247788880623
17666,0.6599390522058732
17667,0.3447029902195743
17668,0.043138388530306604
17669,0.11116818357109622
17670,0.14875423267516455
17671,0.11406687450886648
17672,0.4935727807091886
17673,0.06954960892707619
17674,0.13260411103497124
17675,0.021964864899170915
17676,0.04600151249360816
17677,0.05729167937782495
17678,0.23442785048297354
17679,0.03358022997028314
17680,0.2636869991993581
17681,0.26594671238807843
17682,0.20074668708108018
17683,0.0880932803069528
17684,0.41128586202028056
17685,0.14234324020775926
17686,0.3465183063976936
17687,0.9729953289743473
17688,0.7386902037607789
17689,0.13922274952345837
17690,0.6626441859353444
17691,0.13348777399333622
17692,0.9771066927665055
17693,0.9744235767333598
17694,0.04965401563196711
17695,0.003007122691811263
17696,0.040469627680040775
17697,0.13563727984102872
17698,0.10732364651831443
17699,0.0161135864682742
17700,0.20940746186592615
17701,0.5301080995988776
17702,0.37801149081207763
17703,0.14184166829619982
17704,0.07388498430034247
17705,0.7489346882374497
17706,0.31749580001754063
17707,0.009124267420594512
17708,0.937907828121438
17709,0.12587266442240747
17710,0.6667186586601604
17711,0.33977895838244765
17712,0.6041828347472986
17713,0.02503234070305859
17714,0.009821784222109869
17715,0.38406472286836035
17716,0.023690049839488615
17717,0.8338680180686863
17718,0.3052888851450677
17719,0.016202443467868918
17720,0.3507110754943981
17721,0.30351825805380694
17722,0.5596792871830998
17723,0.6356173899460609
17724,0.9111451741219879
17725,0.11308225514066879
17726,0.022710074756492775
17727,0.010863973357370452
17728,0.026078403861394452
17729,0.22842120843185368
17730,0.0694698576836117
17731,0.027945842325965257
17732,0.18312025538632978
17733,0.0925057707606285
17734,0.019764547404063405
17735,0.1289621694374423
17736,0.1097969322284946
17737,0.8161411545032478
17738,0.2929747215266335
17739,0.09769731691524976
17740,0.8638838168588591
17741,0.17314233590556377
17742,0.07578952895612596
17743,0.1551843361502148
17744,0.004041592286178507
17745,0.7394469877821401
17746,0.2569712648900484
17747,0.4378238528856031
17748,0.15462202622096177
17749,0.027315505031829036
17750,0.1346595159174035
17751,0.468906209225329
17752,0.16875284053327477
17753,0.9642195427199904
17754,0.23860333319842017
17755,0.21921259686760666
17756,0.3647517589003246
17757,0.023902018718335225
17758,0.2970373003627399
17759,0.03195045543526985
17760,0.9440481957682987
17761,0.34943565280181305
17762,0.5741339579791257
17763,0.132502841117752
17764,0.7507388911588463
17765,0.0499535284206687
17766,0.026124310976844645
17767,0.8138374931209954
17768,0.7911026033636328
17769,0.1462101214713117
17770,0.0069247175200099105
17771,0.10904223482466183
17772,0.09749338457732437
17773,0.4707594556755953
17774,0.19562347795432455
17775,0.08779125649171926
17776,0.6254001048600909
17777,0.09640320608293976
17778,0.009130820572182088
17779,0.1346445970380163
17780,0.018932972273288887
17781,0.7449813425130287
17782,0.9559722092348878
17783,0.6820999275161092
17784,0.7904530645322871
17785,0.05203015886591281
17786,0.31150842993619726
17787,0.6844729362630827
17788,0.18450784782362512
17789,0.025688469368822454
17790,0.7164880270589921
17791,0.17014636925473145
17792,0.05382029066709045
17793,0.19298640418763416
17794,0.08826415478989737
17795,0.1677380159331048
17796,0.317050045322572
17797,0.8813743435634701
17798,0.0018298962890941966
17799,0.9362911966029656
17800,0.9006684602872341
17801,0.025825175784102514
17802,0.7946598078585136
17803,0.3662704511853474
17804,0.18251526789211947
17805,0.8205397875209107
17806,0.263327093836606
17807,0.18623668535138835
17808,0.8202676319779025
17809,0.1310213396623521
17810,0.8616343829688056
17811,0.13097300194712408
17812,0.10861105788956794
17813,0.20461375449276495
17814,0.019654603366799046
17815,0.6469204180916448
17816,0.9519601574708381
17817,0.2636818876887196
17818,0.2216826926484071
17819,0.06813486276325356
17820,0.1252356520763742
17821,0.2451558808383778
17822,0.05731891011957363
17823,0.12272504676144538
17824,0.49440122045585183
17825,0.9186475714172946
17826,0.3037804586789769
17827,0.9889043493835228
17828,0.006533939604816207
17829,0.08583062731591976
17830,0.8805233249038515
17831,0.6213256597170927
17832,0.036465169844919786
17833,0.13711310755887882
17834,0.008753686170853434
17835,0.0526860192730019
17836,0.6888673711927162
17837,0.5059925361115306
17838,0.2073537650017652
17839,0.3271438601333501
17840,0.0028282747274138292
17841,0.6444871327168914
17842,0.004814842705177421
17843,0.028024059816930656
17844,0.07059589990131965
17845,0.9143838586253589
17846,0.08336932223371295
17847,0.1267819860603052
17848,0.05175970734131736
17849,0.0026520265984600186
17850,0.002837908911999114
17851,0.8909215098643142
17852,0.5063795990134505
17853,0.5277788996414514
17854,0.793713298909199
17855,0.9018650221827045
17856,0.839306235755079
17857,0.003736131809334095
17858,0.7416146575620213
17859,0.3138506808659714
17860,0.6376682528916781
17861,0.00596289617130043
17862,0.20415111890069262
17863,0.8305845454149436
17864,0.09906576679983435
17865,0.029611368650108043
17866,0.7485254283488497
17867,0.8558015244115149
17868,0.8021810769374997
17869,0.7960654331493652
17870,0.19787546655640886
17871,0.08603565596243774
17872,0.11458471691459488
17873,0.06869719610003806
17874,0.7976459523490519
17875,0.01831170805693077
17876,0.010308713227018467
17877,0.15415157584531886
17878,0.04718028703419038
17879,0.891300930501613
17880,0.05094617817632054
17881,0.05262707346702109
17882,0.9775992099660916
17883,0.10177364307591658
17884,0.00692747776305206
17885,0.45050048926894865
17886,0.6856327912089452
17887,0.162724360091741
17888,0.9574107130688706
17889,0.2151021438694383
17890,0.009979886178056842
17891,0.0933672023964549
17892,0.8649362647100459
17893,0.9689408028433221
17894,0.0245993757011525
17895,0.7757123309497516
17896,0.44099308637392093
17897,0.053918113593725524
17898,0.8567072497240662
17899,0.03052446270212884
17900,0.049805959251888056
17901,0.5199210874329137
17902,0.2976760800124253
17903,0.09587858649062089
17904,0.005457255875544218
17905,0.06695470408702436
17906,0.01404530963905817
17907,0.14498867444611557
17908,0.40176045723158055
17909,0.03300928412838033
17910,0.1922882792431673
17911,0.031205003252185365
17912,0.8583406319758324
17913,0.11472423295380511
17914,0.19847219893729393
17915,0.8323017342273958
17916,0.04206830680046157
17917,0.8045157172866795
17918,0.05626113441142133
17919,0.05141228804305389
17920,0.6008362964645338
17921,0.39492606499559935
17922,0.0041917796266009765
17923,0.18796721296769553
17924,0.04787113194857986
17925,0.19304363948362657
17926,0.21924496077457994
17927,0.8675368455333107
17928,0.8976013037322806
17929,0.07555368956259803
17930,0.9126204938348272
17931,0.06918189735994501
17932,0.2968307098795444
17933,0.17943896555897254
17934,0.46546007577706466
17935,0.42667875619743206
17936,0.03541245258359446
17937,0.045919292761528355
17938,0.8531827414566797
17939,0.07779039084619632
17940,0.3636664667763344
17941,0.23836453187843756
17942,0.6759389077761523
17943,0.11805460204008758
17944,0.050265859413549906
17945,0.021478400530126947
17946,0.03158262445001775
17947,0.22598095461817558
17948,0.22039241241081853
17949,0.15676154187054936
17950,0.5106644515258273
17951,0.018690160853339643
17952,0.3580069947993302
17953,0.004073433854875571
17954,0.18523969019449754
17955,0.013702885073073743
17956,0.9203908946583452
17957,0.13911015272792948
17958,0.07757949679803255
17959,0.12285977967999309
17960,0.11500426795118185
17961,0.16424415570657855
17962,0.005507314939176005
17963,0.2684907341406902
17964,0.15547607559849377
17965,0.43941994226581876
17966,0.1075521536837486
17967,0.01654372557948949
17968,0.5597609396789951
17969,0.14099079748405155
17970,0.4898477462392351
17971,0.05428525525458651
17972,0.03373286894641777
17973,0.07187090231420923
17974,0.6091643144045067
17975,0.0702444663146646
17976,0.003855610041412059
17977,0.598117289894427
17978,0.09752137362318598
17979,0.13359705154199986
17980,0.015731369791495187
17981,0.0059514519094669574
17982,0.008303714165436848
17983,0.026645691745601077
17984,0.013471330103634497
17985,0.172379953397591
17986,0.022357995319185947
17987,0.036964683234568155
17988,0.03659879658108988
17989,0.2602215000486388
17990,0.4122504242032289
17991,0.2570477551593746
17992,0.4618885317432308
17993,0.024622779867528196
17994,0.006154236089585786
17995,0.016419778916723072
17996,0.02488253668690667
17997,0.07923157573679218
17998,0.054263672398526086
17999,0.0804252892954152
18000,0.33778441073795423
18001,0.04936277341252696
18002,0.34811852451979214
18003,0.8986329913703538
18004,0.026820181896289874
18005,0.9272997271365739
18006,0.2097461858626449
18007,0.11709394280507117
18008,0.4029534350157677
18009,0.18232097894347873
18010,0.04286764863113133
18011,0.05259337956269994
18012,0.025933524114734756
18013,0.17650959389618023
18014,0.14245702003793448
18015,0.059946022597999984
18016,0.3888354554756304
18017,0.9612263557436626
18018,0.2759662513391376
18019,0.14730112085586053
18020,0.8331809211250791
18021,0.07473358638583495
18022,0.2166934435410743
18023,0.9375904763099864
18024,0.41089539362945804
18025,0.10120049523970398
18026,0.3834887065476817
18027,0.15205649560423318
18028,0.09561001244187167
18029,0.38611013171007597
18030,0.44582465350595124
18031,0.2951551191658252
18032,0.7637047246992145
18033,0.8367401039119222
18034,0.11047894511402075
18035,0.3259397765298932
18036,0.3490609456094908
18037,0.15972383761784045
18038,0.28169585301361183
18039,0.1322713271984461
18040,0.35493303881176236
18041,0.06479613400045706
18042,0.1158050831082802
18043,0.3996776514167381
18044,0.031067170058713605
18045,0.028500056698516095
18046,0.0029969157836987133
18047,0.10178030416771051
18048,0.2526740793354124
18049,0.2606115546910446
18050,0.00773339622646431
18051,0.031293376465854644
18052,0.004566436485300993
18053,0.8152228204910916
18054,0.12124991479294682
18055,0.21736646838862841
18056,0.18250855275680902
18057,0.7461214316627308
18058,0.24439429337829705
18059,0.4761946948780525
18060,0.1706130600476479
18061,0.2661682416501564
18062,0.16047053564913066
18063,0.010993142030331964
18064,0.6085020354016033
18065,0.46474110651332473
18066,0.308344286650131
18067,0.14291631210808517
18068,0.22433187967334592
18069,0.13574962430747223
18070,0.12840174542830335
18071,0.10563740507500884
18072,0.8924680416205831
18073,0.8362640128875954
18074,0.0059928393011067236
18075,0.11076495001748982
18076,0.4908617579982934
18077,0.1297179200016923
18078,0.16893643291025462
18079,0.10878201061419515
18080,0.39728146019934596
18081,0.009890244475482427
18082,0.02760556195994084
18083,0.07199175342220036
